solid 
 facet normal  1.000000e+00  0.000000e+00  0.000000e+00
   outer loop
     vertex  1.782363e+02 -8.869129e+01  0.000000e+00
     vertex  1.782363e+02 -6.532218e+01  0.000000e+00
     vertex  1.782363e+02 -6.532218e+01  1.510000e+00
   endloop
 endfacet
 facet normal  1.000000e+00  0.000000e+00  0.000000e+00
   outer loop
     vertex  1.782363e+02 -8.869129e+01  0.000000e+00
     vertex  1.782363e+02 -6.532218e+01  1.510000e+00
     vertex  1.782363e+02 -8.869129e+01  1.510000e+00
   endloop
 endfacet
 facet normal  7.071008e-01  7.071128e-01  0.000000e+00
   outer loop
     vertex  1.782363e+02 -6.532218e+01  0.000000e+00
     vertex  1.751145e+02 -6.220041e+01  0.000000e+00
     vertex  1.751145e+02 -6.220041e+01  1.510000e+00
   endloop
 endfacet
 facet normal  7.071008e-01  7.071128e-01 -0.000000e+00
   outer loop
     vertex  1.782363e+02 -6.532218e+01  0.000000e+00
     vertex  1.751145e+02 -6.220041e+01  1.510000e+00
     vertex  1.782363e+02 -6.532218e+01  1.510000e+00
   endloop
 endfacet
 facet normal  7.450775e-01 -6.669779e-01  0.000000e+00
   outer loop
     vertex  1.782024e+02 -8.872912e+01  0.000000e+00
     vertex  1.782363e+02 -8.869129e+01  0.000000e+00
     vertex  1.782363e+02 -8.869129e+01  1.510000e+00
   endloop
 endfacet
 facet normal  7.450775e-01 -6.669779e-01  0.000000e+00
   outer loop
     vertex  1.782024e+02 -8.872912e+01  0.000000e+00
     vertex  1.782363e+02 -8.869129e+01  1.510000e+00
     vertex  1.782024e+02 -8.872912e+01  1.510000e+00
   endloop
 endfacet
 facet normal -0.000000e+00 -0.000000e+00 -1.000000e+00
   outer loop
     vertex  1.341615e+02 -1.384459e+02  0.000000e+00
     vertex  1.343916e+02 -1.414894e+02  0.000000e+00
     vertex  1.312698e+02 -1.383676e+02  0.000000e+00
   endloop
 endfacet
 facet normal  0.000000e+00 -0.000000e+00 -1.000000e+00
   outer loop
     vertex  1.339947e+02 -1.382285e+02  0.000000e+00
     vertex  1.341615e+02 -1.384459e+02  0.000000e+00
     vertex  1.312698e+02 -1.383676e+02  0.000000e+00
   endloop
 endfacet
 facet normal -0.000000e+00 -0.000000e+00 -1.000000e+00
   outer loop
     vertex  1.343790e+02 -1.386128e+02  0.000000e+00
     vertex  1.343916e+02 -1.414894e+02  0.000000e+00
     vertex  1.341615e+02 -1.384459e+02  0.000000e+00
   endloop
 endfacet
 facet normal -0.000000e+00  0.000000e+00 -1.000000e+00
   outer loop
     vertex  1.346322e+02 -1.387177e+02  0.000000e+00
     vertex  1.343916e+02 -1.414894e+02  0.000000e+00
     vertex  1.343790e+02 -1.386128e+02  0.000000e+00
   endloop
 endfacet
 facet normal  0.000000e+00 -0.000000e+00 -1.000000e+00
   outer loop
     vertex  1.338898e+02 -1.379752e+02  0.000000e+00
     vertex  1.339947e+02 -1.382285e+02  0.000000e+00
     vertex  1.312698e+02 -1.383676e+02  0.000000e+00
   endloop
 endfacet
 facet normal  0.000000e+00 -0.000000e+00 -1.000000e+00
   outer loop
     vertex  1.338540e+02 -1.377035e+02  0.000000e+00
     vertex  1.338898e+02 -1.379752e+02  0.000000e+00
     vertex  1.312698e+02 -1.383676e+02  0.000000e+00
   endloop
 endfacet
 facet normal -0.000000e+00  0.000000e+00 -1.000000e+00
   outer loop
     vertex  1.349040e+02 -1.387535e+02  0.000000e+00
     vertex  1.343916e+02 -1.414894e+02  0.000000e+00
     vertex  1.346322e+02 -1.387177e+02  0.000000e+00
   endloop
 endfacet
 facet normal  0.000000e+00  0.000000e+00 -1.000000e+00
   outer loop
     vertex  1.338898e+02 -1.374317e+02  0.000000e+00
     vertex  1.338540e+02 -1.377035e+02  0.000000e+00
     vertex  1.312698e+02 -1.383676e+02  0.000000e+00
   endloop
 endfacet
 facet normal  0.000000e+00  0.000000e+00 -1.000000e+00
   outer loop
     vertex  1.351758e+02 -1.387177e+02  0.000000e+00
     vertex  1.343916e+02 -1.414894e+02  0.000000e+00
     vertex  1.349040e+02 -1.387535e+02  0.000000e+00
   endloop
 endfacet
 facet normal  0.000000e+00  0.000000e+00 -1.000000e+00
   outer loop
     vertex  1.339947e+02 -1.371785e+02  0.000000e+00
     vertex  1.338898e+02 -1.374317e+02  0.000000e+00
     vertex  1.312698e+02 -1.383676e+02  0.000000e+00
   endloop
 endfacet
 facet normal  0.000000e+00  0.000000e+00 -1.000000e+00
   outer loop
     vertex  1.354290e+02 -1.386128e+02  0.000000e+00
     vertex  1.343916e+02 -1.414894e+02  0.000000e+00
     vertex  1.351758e+02 -1.387177e+02  0.000000e+00
   endloop
 endfacet
 facet normal  0.000000e+00  0.000000e+00 -1.000000e+00
   outer loop
     vertex  1.341615e+02 -1.369610e+02  0.000000e+00
     vertex  1.339947e+02 -1.371785e+02  0.000000e+00
     vertex  1.312698e+02 -1.383676e+02  0.000000e+00
   endloop
 endfacet
 facet normal  0.000000e+00  0.000000e+00 -1.000000e+00
   outer loop
     vertex  1.356465e+02 -1.384459e+02  0.000000e+00
     vertex  1.343916e+02 -1.414894e+02  0.000000e+00
     vertex  1.354290e+02 -1.386128e+02  0.000000e+00
   endloop
 endfacet
 facet normal  0.000000e+00  0.000000e+00 -1.000000e+00
   outer loop
     vertex  1.358133e+02 -1.382285e+02  0.000000e+00
     vertex  1.343916e+02 -1.414894e+02  0.000000e+00
     vertex  1.356465e+02 -1.384459e+02  0.000000e+00
   endloop
 endfacet
 facet normal  0.000000e+00 -0.000000e+00 -1.000000e+00
   outer loop
     vertex  1.338212e+02 -1.321863e+02  0.000000e+00
     vertex  1.341615e+02 -1.369610e+02  0.000000e+00
     vertex  1.312698e+02 -1.383676e+02  0.000000e+00
   endloop
 endfacet
 facet normal  0.000000e+00 -0.000000e+00 -1.000000e+00
   outer loop
     vertex  1.337576e+02 -1.321035e+02  0.000000e+00
     vertex  1.338212e+02 -1.321863e+02  0.000000e+00
     vertex  1.312698e+02 -1.383676e+02  0.000000e+00
   endloop
 endfacet
 facet normal -0.000000e+00 -0.000000e+00 -1.000000e+00
   outer loop
     vertex  1.339040e+02 -1.322499e+02  0.000000e+00
     vertex  1.341615e+02 -1.369610e+02  0.000000e+00
     vertex  1.338212e+02 -1.321863e+02  0.000000e+00
   endloop
 endfacet
 facet normal  0.000000e+00  0.000000e+00 -1.000000e+00
   outer loop
     vertex  1.339040e+02 -1.322499e+02  0.000000e+00
     vertex  1.343790e+02 -1.367941e+02  0.000000e+00
     vertex  1.341615e+02 -1.369610e+02  0.000000e+00
   endloop
 endfacet
 facet normal  0.000000e+00 -0.000000e+00 -1.000000e+00
   outer loop
     vertex  1.337176e+02 -1.320070e+02  0.000000e+00
     vertex  1.337576e+02 -1.321035e+02  0.000000e+00
     vertex  1.312698e+02 -1.383676e+02  0.000000e+00
   endloop
 endfacet
 facet normal -0.000000e+00 -0.000000e+00 -1.000000e+00
   outer loop
     vertex  1.340005e+02 -1.322898e+02  0.000000e+00
     vertex  1.343790e+02 -1.367941e+02  0.000000e+00
     vertex  1.339040e+02 -1.322499e+02  0.000000e+00
   endloop
 endfacet
 facet normal  0.000000e+00  0.000000e+00 -1.000000e+00
   outer loop
     vertex  1.340005e+02 -1.322898e+02  0.000000e+00
     vertex  1.346322e+02 -1.366892e+02  0.000000e+00
     vertex  1.343790e+02 -1.367941e+02  0.000000e+00
   endloop
 endfacet
 facet normal  0.000000e+00 -0.000000e+00 -1.000000e+00
   outer loop
     vertex  1.337040e+02 -1.319035e+02  0.000000e+00
     vertex  1.337176e+02 -1.320070e+02  0.000000e+00
     vertex  1.312698e+02 -1.383676e+02  0.000000e+00
   endloop
 endfacet
 facet normal -0.000000e+00 -0.000000e+00 -1.000000e+00
   outer loop
     vertex  1.341040e+02 -1.323035e+02  0.000000e+00
     vertex  1.346322e+02 -1.366892e+02  0.000000e+00
     vertex  1.340005e+02 -1.322898e+02  0.000000e+00
   endloop
 endfacet
 facet normal  0.000000e+00  0.000000e+00 -1.000000e+00
   outer loop
     vertex  1.342075e+02 -1.322898e+02  0.000000e+00
     vertex  1.349040e+02 -1.366535e+02  0.000000e+00
     vertex  1.346322e+02 -1.366892e+02  0.000000e+00
   endloop
 endfacet
 facet normal  0.000000e+00 -0.000000e+00 -1.000000e+00
   outer loop
     vertex  1.342075e+02 -1.322898e+02  0.000000e+00
     vertex  1.346322e+02 -1.366892e+02  0.000000e+00
     vertex  1.341040e+02 -1.323035e+02  0.000000e+00
   endloop
 endfacet
 facet normal -0.000000e+00  0.000000e+00 -1.000000e+00
   outer loop
     vertex  1.358212e+02 -1.321863e+02  0.000000e+00
     vertex  1.343040e+02 -1.322499e+02  0.000000e+00
     vertex  1.343868e+02 -1.321863e+02  0.000000e+00
   endloop
 endfacet
 facet normal -0.000000e+00  0.000000e+00 -1.000000e+00
   outer loop
     vertex  1.357576e+02 -1.321035e+02  0.000000e+00
     vertex  1.343868e+02 -1.321863e+02  0.000000e+00
     vertex  1.344504e+02 -1.321035e+02  0.000000e+00
   endloop
 endfacet
 facet normal  0.000000e+00 -0.000000e+00 -1.000000e+00
   outer loop
     vertex  1.357576e+02 -1.321035e+02  0.000000e+00
     vertex  1.358212e+02 -1.321863e+02  0.000000e+00
     vertex  1.343868e+02 -1.321863e+02  0.000000e+00
   endloop
 endfacet
 facet normal -0.000000e+00  0.000000e+00 -1.000000e+00
   outer loop
     vertex  1.359040e+02 -1.322499e+02  0.000000e+00
     vertex  1.342075e+02 -1.322898e+02  0.000000e+00
     vertex  1.343040e+02 -1.322499e+02  0.000000e+00
   endloop
 endfacet
 facet normal  0.000000e+00  0.000000e+00 -1.000000e+00
   outer loop
     vertex  1.359040e+02 -1.322499e+02  0.000000e+00
     vertex  1.343040e+02 -1.322499e+02  0.000000e+00
     vertex  1.358212e+02 -1.321863e+02  0.000000e+00
   endloop
 endfacet
 facet normal -0.000000e+00  0.000000e+00 -1.000000e+00
   outer loop
     vertex  1.357176e+02 -1.320070e+02  0.000000e+00
     vertex  1.344504e+02 -1.321035e+02  0.000000e+00
     vertex  1.344904e+02 -1.320070e+02  0.000000e+00
   endloop
 endfacet
 facet normal  0.000000e+00 -0.000000e+00 -1.000000e+00
   outer loop
     vertex  1.357176e+02 -1.320070e+02  0.000000e+00
     vertex  1.357576e+02 -1.321035e+02  0.000000e+00
     vertex  1.344504e+02 -1.321035e+02  0.000000e+00
   endloop
 endfacet
 facet normal  0.000000e+00  0.000000e+00 -1.000000e+00
   outer loop
     vertex  1.360005e+02 -1.322898e+02  0.000000e+00
     vertex  1.351758e+02 -1.366892e+02  0.000000e+00
     vertex  1.349040e+02 -1.366535e+02  0.000000e+00
   endloop
 endfacet
 facet normal -0.000000e+00  0.000000e+00 -1.000000e+00
   outer loop
     vertex  1.360005e+02 -1.322898e+02  0.000000e+00
     vertex  1.349040e+02 -1.366535e+02  0.000000e+00
     vertex  1.342075e+02 -1.322898e+02  0.000000e+00
   endloop
 endfacet
 facet normal  0.000000e+00  0.000000e+00 -1.000000e+00
   outer loop
     vertex  1.360005e+02 -1.322898e+02  0.000000e+00
     vertex  1.342075e+02 -1.322898e+02  0.000000e+00
     vertex  1.359040e+02 -1.322499e+02  0.000000e+00
   endloop
 endfacet
 facet normal -0.000000e+00  0.000000e+00 -1.000000e+00
   outer loop
     vertex  1.357040e+02 -1.319035e+02  0.000000e+00
     vertex  1.344904e+02 -1.320070e+02  0.000000e+00
     vertex  1.345040e+02 -1.319035e+02  0.000000e+00
   endloop
 endfacet
 facet normal  0.000000e+00 -0.000000e+00 -1.000000e+00
   outer loop
     vertex  1.357040e+02 -1.319035e+02  0.000000e+00
     vertex  1.357176e+02 -1.320070e+02  0.000000e+00
     vertex  1.344904e+02 -1.320070e+02  0.000000e+00
   endloop
 endfacet
 facet normal  0.000000e+00  0.000000e+00 -1.000000e+00
   outer loop
     vertex  1.361040e+02 -1.323035e+02  0.000000e+00
     vertex  1.354290e+02 -1.367941e+02  0.000000e+00
     vertex  1.351758e+02 -1.366892e+02  0.000000e+00
   endloop
 endfacet
 facet normal -0.000000e+00  0.000000e+00 -1.000000e+00
   outer loop
     vertex  1.361040e+02 -1.323035e+02  0.000000e+00
     vertex  1.351758e+02 -1.366892e+02  0.000000e+00
     vertex  1.360005e+02 -1.322898e+02  0.000000e+00
   endloop
 endfacet
 facet normal -0.000000e+00  0.000000e+00 -1.000000e+00
   outer loop
     vertex  1.357176e+02 -1.317999e+02  0.000000e+00
     vertex  1.345040e+02 -1.319035e+02  0.000000e+00
     vertex  1.344904e+02 -1.317999e+02  0.000000e+00
   endloop
 endfacet
 facet normal  0.000000e+00  0.000000e+00 -1.000000e+00
   outer loop
     vertex  1.357176e+02 -1.317999e+02  0.000000e+00
     vertex  1.357040e+02 -1.319035e+02  0.000000e+00
     vertex  1.345040e+02 -1.319035e+02  0.000000e+00
   endloop
 endfacet
 facet normal  0.000000e+00  0.000000e+00 -1.000000e+00
   outer loop
     vertex  1.362075e+02 -1.322898e+02  0.000000e+00
     vertex  1.356465e+02 -1.369610e+02  0.000000e+00
     vertex  1.354290e+02 -1.367941e+02  0.000000e+00
   endloop
 endfacet
 facet normal  0.000000e+00  0.000000e+00 -1.000000e+00
   outer loop
     vertex  1.362075e+02 -1.322898e+02  0.000000e+00
     vertex  1.354290e+02 -1.367941e+02  0.000000e+00
     vertex  1.361040e+02 -1.323035e+02  0.000000e+00
   endloop
 endfacet
 facet normal  0.000000e+00  0.000000e+00 -1.000000e+00
   outer loop
     vertex  1.357576e+02 -1.317035e+02  0.000000e+00
     vertex  1.357176e+02 -1.317999e+02  0.000000e+00
     vertex  1.344904e+02 -1.317999e+02  0.000000e+00
   endloop
 endfacet
 facet normal -0.000000e+00  0.000000e+00 -1.000000e+00
   outer loop
     vertex  1.357576e+02 -1.317035e+02  0.000000e+00
     vertex  1.344904e+02 -1.317999e+02  0.000000e+00
     vertex  1.344504e+02 -1.317035e+02  0.000000e+00
   endloop
 endfacet
 facet normal  0.000000e+00  0.000000e+00 -1.000000e+00
   outer loop
     vertex  1.363040e+02 -1.322499e+02  0.000000e+00
     vertex  1.356465e+02 -1.369610e+02  0.000000e+00
     vertex  1.362075e+02 -1.322898e+02  0.000000e+00
   endloop
 endfacet
 facet normal  0.000000e+00  0.000000e+00 -1.000000e+00
   outer loop
     vertex  1.358212e+02 -1.316206e+02  0.000000e+00
     vertex  1.357576e+02 -1.317035e+02  0.000000e+00
     vertex  1.344504e+02 -1.317035e+02  0.000000e+00
   endloop
 endfacet
 facet normal -0.000000e+00  0.000000e+00 -1.000000e+00
   outer loop
     vertex  1.358212e+02 -1.316206e+02  0.000000e+00
     vertex  1.344504e+02 -1.317035e+02  0.000000e+00
     vertex  1.343868e+02 -1.316206e+02  0.000000e+00
   endloop
 endfacet
 facet normal  0.000000e+00  0.000000e+00 -1.000000e+00
   outer loop
     vertex  1.363868e+02 -1.321863e+02  0.000000e+00
     vertex  1.358133e+02 -1.371785e+02  0.000000e+00
     vertex  1.356465e+02 -1.369610e+02  0.000000e+00
   endloop
 endfacet
 facet normal  0.000000e+00  0.000000e+00 -1.000000e+00
   outer loop
     vertex  1.363868e+02 -1.321863e+02  0.000000e+00
     vertex  1.356465e+02 -1.369610e+02  0.000000e+00
     vertex  1.363040e+02 -1.322499e+02  0.000000e+00
   endloop
 endfacet
 facet normal -0.000000e+00  0.000000e+00 -1.000000e+00
   outer loop
     vertex  1.359040e+02 -1.315571e+02  0.000000e+00
     vertex  1.343868e+02 -1.316206e+02  0.000000e+00
     vertex  1.343040e+02 -1.315571e+02  0.000000e+00
   endloop
 endfacet
 facet normal  0.000000e+00  0.000000e+00 -1.000000e+00
   outer loop
     vertex  1.359040e+02 -1.315571e+02  0.000000e+00
     vertex  1.358212e+02 -1.316206e+02  0.000000e+00
     vertex  1.343868e+02 -1.316206e+02  0.000000e+00
   endloop
 endfacet
 facet normal  0.000000e+00  0.000000e+00 -1.000000e+00
   outer loop
     vertex  1.364504e+02 -1.321035e+02  0.000000e+00
     vertex  1.359182e+02 -1.374317e+02  0.000000e+00
     vertex  1.358133e+02 -1.371785e+02  0.000000e+00
   endloop
 endfacet
 facet normal  0.000000e+00  0.000000e+00 -1.000000e+00
   outer loop
     vertex  1.364504e+02 -1.321035e+02  0.000000e+00
     vertex  1.358133e+02 -1.371785e+02  0.000000e+00
     vertex  1.363868e+02 -1.321863e+02  0.000000e+00
   endloop
 endfacet
 facet normal  0.000000e+00  0.000000e+00 -1.000000e+00
   outer loop
     vertex  1.364904e+02 -1.320070e+02  0.000000e+00
     vertex  1.359540e+02 -1.377035e+02  0.000000e+00
     vertex  1.359182e+02 -1.374317e+02  0.000000e+00
   endloop
 endfacet
 facet normal  0.000000e+00  0.000000e+00 -1.000000e+00
   outer loop
     vertex  1.364904e+02 -1.320070e+02  0.000000e+00
     vertex  1.359182e+02 -1.374317e+02  0.000000e+00
     vertex  1.364504e+02 -1.321035e+02  0.000000e+00
   endloop
 endfacet
 facet normal -0.000000e+00  0.000000e+00 -1.000000e+00
   outer loop
     vertex  1.339040e+02 -1.288499e+02  0.000000e+00
     vertex  1.338212e+02 -1.316206e+02  0.000000e+00
     vertex  1.338212e+02 -1.287863e+02  0.000000e+00
   endloop
 endfacet
 facet normal  0.000000e+00  0.000000e+00 -1.000000e+00
   outer loop
     vertex  1.339040e+02 -1.288499e+02  0.000000e+00
     vertex  1.339040e+02 -1.315571e+02  0.000000e+00
     vertex  1.338212e+02 -1.316206e+02  0.000000e+00
   endloop
 endfacet
 facet normal  0.000000e+00 -0.000000e+00 -1.000000e+00
   outer loop
     vertex  1.339040e+02 -1.288499e+02  0.000000e+00
     vertex  1.340005e+02 -1.315171e+02  0.000000e+00
     vertex  1.339040e+02 -1.315571e+02  0.000000e+00
   endloop
 endfacet
 facet normal  0.000000e+00  0.000000e+00 -1.000000e+00
   outer loop
     vertex  1.337576e+02 -1.287035e+02  0.000000e+00
     vertex  1.338212e+02 -1.287863e+02  0.000000e+00
     vertex  1.338212e+02 -1.316206e+02  0.000000e+00
   endloop
 endfacet
 facet normal  0.000000e+00  0.000000e+00 -1.000000e+00
   outer loop
     vertex  1.337576e+02 -1.287035e+02  0.000000e+00
     vertex  1.338212e+02 -1.316206e+02  0.000000e+00
     vertex  1.337576e+02 -1.317035e+02  0.000000e+00
   endloop
 endfacet
 facet normal  0.000000e+00  0.000000e+00 -1.000000e+00
   outer loop
     vertex  1.337176e+02 -1.286070e+02  0.000000e+00
     vertex  1.337576e+02 -1.287035e+02  0.000000e+00
     vertex  1.337576e+02 -1.317035e+02  0.000000e+00
   endloop
 endfacet
 facet normal  0.000000e+00 -0.000000e+00 -1.000000e+00
   outer loop
     vertex  1.337176e+02 -1.286070e+02  0.000000e+00
     vertex  1.337176e+02 -1.317999e+02  0.000000e+00
     vertex  1.337040e+02 -1.319035e+02  0.000000e+00
   endloop
 endfacet
 facet normal  0.000000e+00  0.000000e+00 -1.000000e+00
   outer loop
     vertex  1.337176e+02 -1.286070e+02  0.000000e+00
     vertex  1.337576e+02 -1.317035e+02  0.000000e+00
     vertex  1.337176e+02 -1.317999e+02  0.000000e+00
   endloop
 endfacet
 facet normal -0.000000e+00  0.000000e+00 -1.000000e+00
   outer loop
     vertex  1.340005e+02 -1.288898e+02  0.000000e+00
     vertex  1.340005e+02 -1.315171e+02  0.000000e+00
     vertex  1.339040e+02 -1.288499e+02  0.000000e+00
   endloop
 endfacet
 facet normal  0.000000e+00 -0.000000e+00 -1.000000e+00
   outer loop
     vertex  1.340005e+02 -1.288898e+02  0.000000e+00
     vertex  1.341040e+02 -1.315035e+02  0.000000e+00
     vertex  1.340005e+02 -1.315171e+02  0.000000e+00
   endloop
 endfacet
 facet normal  0.000000e+00 -0.000000e+00 -1.000000e+00
   outer loop
     vertex  1.337040e+02 -1.285035e+02  0.000000e+00
     vertex  1.337040e+02 -1.319035e+02  0.000000e+00
     vertex  1.312698e+02 -1.383676e+02  0.000000e+00
   endloop
 endfacet
 facet normal  0.000000e+00  0.000000e+00 -1.000000e+00
   outer loop
     vertex  1.337040e+02 -1.285035e+02  0.000000e+00
     vertex  1.337176e+02 -1.286070e+02  0.000000e+00
     vertex  1.337040e+02 -1.319035e+02  0.000000e+00
   endloop
 endfacet
 facet normal -0.000000e+00  0.000000e+00 -1.000000e+00
   outer loop
     vertex  1.341040e+02 -1.289035e+02  0.000000e+00
     vertex  1.341040e+02 -1.315035e+02  0.000000e+00
     vertex  1.340005e+02 -1.288898e+02  0.000000e+00
   endloop
 endfacet
 facet normal  0.000000e+00 -0.000000e+00 -1.000000e+00
   outer loop
     vertex  1.341040e+02 -1.289035e+02  0.000000e+00
     vertex  1.342075e+02 -1.315171e+02  0.000000e+00
     vertex  1.341040e+02 -1.315035e+02  0.000000e+00
   endloop
 endfacet
 facet normal  0.000000e+00  0.000000e+00 -1.000000e+00
   outer loop
     vertex  1.342075e+02 -1.288898e+02  0.000000e+00
     vertex  1.342075e+02 -1.315171e+02  0.000000e+00
     vertex  1.341040e+02 -1.289035e+02  0.000000e+00
   endloop
 endfacet
 facet normal  0.000000e+00  0.000000e+00 -1.000000e+00
   outer loop
     vertex  1.343040e+02 -1.288499e+02  0.000000e+00
     vertex  1.342075e+02 -1.315171e+02  0.000000e+00
     vertex  1.342075e+02 -1.288898e+02  0.000000e+00
   endloop
 endfacet
 facet normal  0.000000e+00  0.000000e+00 -1.000000e+00
   outer loop
     vertex  1.343040e+02 -1.288499e+02  0.000000e+00
     vertex  1.343040e+02 -1.315571e+02  0.000000e+00
     vertex  1.342075e+02 -1.315171e+02  0.000000e+00
   endloop
 endfacet
 facet normal  0.000000e+00  0.000000e+00 -1.000000e+00
   outer loop
     vertex  1.359040e+02 -1.288499e+02  0.000000e+00
     vertex  1.343040e+02 -1.288499e+02  0.000000e+00
     vertex  1.343868e+02 -1.287863e+02  0.000000e+00
   endloop
 endfacet
 facet normal -0.000000e+00  0.000000e+00 -1.000000e+00
   outer loop
     vertex  1.359040e+02 -1.288499e+02  0.000000e+00
     vertex  1.343040e+02 -1.315571e+02  0.000000e+00
     vertex  1.343040e+02 -1.288499e+02  0.000000e+00
   endloop
 endfacet
 facet normal  0.000000e+00  0.000000e+00 -1.000000e+00
   outer loop
     vertex  1.359040e+02 -1.288499e+02  0.000000e+00
     vertex  1.343868e+02 -1.287863e+02  0.000000e+00
     vertex  1.358212e+02 -1.287863e+02  0.000000e+00
   endloop
 endfacet
 facet normal  0.000000e+00 -0.000000e+00 -1.000000e+00
   outer loop
     vertex  1.359040e+02 -1.288499e+02  0.000000e+00
     vertex  1.360005e+02 -1.315171e+02  0.000000e+00
     vertex  1.359040e+02 -1.315571e+02  0.000000e+00
   endloop
 endfacet
 facet normal  0.000000e+00  0.000000e+00 -1.000000e+00
   outer loop
     vertex  1.359040e+02 -1.288499e+02  0.000000e+00
     vertex  1.359040e+02 -1.315571e+02  0.000000e+00
     vertex  1.343040e+02 -1.315571e+02  0.000000e+00
   endloop
 endfacet
 facet normal -0.000000e+00  0.000000e+00 -1.000000e+00
   outer loop
     vertex  1.357576e+02 -1.287035e+02  0.000000e+00
     vertex  1.343868e+02 -1.287863e+02  0.000000e+00
     vertex  1.344504e+02 -1.287035e+02  0.000000e+00
   endloop
 endfacet
 facet normal  0.000000e+00 -0.000000e+00 -1.000000e+00
   outer loop
     vertex  1.357576e+02 -1.287035e+02  0.000000e+00
     vertex  1.358212e+02 -1.287863e+02  0.000000e+00
     vertex  1.343868e+02 -1.287863e+02  0.000000e+00
   endloop
 endfacet
 facet normal -0.000000e+00  0.000000e+00 -1.000000e+00
   outer loop
     vertex  1.357176e+02 -1.286070e+02  0.000000e+00
     vertex  1.344504e+02 -1.287035e+02  0.000000e+00
     vertex  1.344904e+02 -1.286070e+02  0.000000e+00
   endloop
 endfacet
 facet normal  0.000000e+00 -0.000000e+00 -1.000000e+00
   outer loop
     vertex  1.357176e+02 -1.286070e+02  0.000000e+00
     vertex  1.357576e+02 -1.287035e+02  0.000000e+00
     vertex  1.344504e+02 -1.287035e+02  0.000000e+00
   endloop
 endfacet
 facet normal -0.000000e+00  0.000000e+00 -1.000000e+00
   outer loop
     vertex  1.360005e+02 -1.288898e+02  0.000000e+00
     vertex  1.360005e+02 -1.315171e+02  0.000000e+00
     vertex  1.359040e+02 -1.288499e+02  0.000000e+00
   endloop
 endfacet
 facet normal  0.000000e+00 -0.000000e+00 -1.000000e+00
   outer loop
     vertex  1.360005e+02 -1.288898e+02  0.000000e+00
     vertex  1.361040e+02 -1.315035e+02  0.000000e+00
     vertex  1.360005e+02 -1.315171e+02  0.000000e+00
   endloop
 endfacet
 facet normal -0.000000e+00  0.000000e+00 -1.000000e+00
   outer loop
     vertex  1.357040e+02 -1.285035e+02  0.000000e+00
     vertex  1.344904e+02 -1.286070e+02  0.000000e+00
     vertex  1.345040e+02 -1.285035e+02  0.000000e+00
   endloop
 endfacet
 facet normal  0.000000e+00 -0.000000e+00 -1.000000e+00
   outer loop
     vertex  1.357040e+02 -1.285035e+02  0.000000e+00
     vertex  1.357176e+02 -1.286070e+02  0.000000e+00
     vertex  1.344904e+02 -1.286070e+02  0.000000e+00
   endloop
 endfacet
 facet normal -0.000000e+00  0.000000e+00 -1.000000e+00
   outer loop
     vertex  1.361040e+02 -1.289035e+02  0.000000e+00
     vertex  1.361040e+02 -1.315035e+02  0.000000e+00
     vertex  1.360005e+02 -1.288898e+02  0.000000e+00
   endloop
 endfacet
 facet normal -0.000000e+00  0.000000e+00 -1.000000e+00
   outer loop
     vertex  1.357176e+02 -1.283999e+02  0.000000e+00
     vertex  1.345040e+02 -1.285035e+02  0.000000e+00
     vertex  1.344904e+02 -1.283999e+02  0.000000e+00
   endloop
 endfacet
 facet normal  0.000000e+00  0.000000e+00 -1.000000e+00
   outer loop
     vertex  1.357176e+02 -1.283999e+02  0.000000e+00
     vertex  1.357040e+02 -1.285035e+02  0.000000e+00
     vertex  1.345040e+02 -1.285035e+02  0.000000e+00
   endloop
 endfacet
 facet normal  0.000000e+00  0.000000e+00 -1.000000e+00
   outer loop
     vertex  1.362075e+02 -1.288898e+02  0.000000e+00
     vertex  1.361040e+02 -1.315035e+02  0.000000e+00
     vertex  1.361040e+02 -1.289035e+02  0.000000e+00
   endloop
 endfacet
 facet normal  0.000000e+00  0.000000e+00 -1.000000e+00
   outer loop
     vertex  1.362075e+02 -1.288898e+02  0.000000e+00
     vertex  1.362075e+02 -1.315171e+02  0.000000e+00
     vertex  1.361040e+02 -1.315035e+02  0.000000e+00
   endloop
 endfacet
 facet normal  0.000000e+00 -0.000000e+00 -1.000000e+00
   outer loop
     vertex  1.362075e+02 -1.288898e+02  0.000000e+00
     vertex  1.363040e+02 -1.315571e+02  0.000000e+00
     vertex  1.362075e+02 -1.315171e+02  0.000000e+00
   endloop
 endfacet
 facet normal -0.000000e+00  0.000000e+00 -1.000000e+00
   outer loop
     vertex  1.357576e+02 -1.283035e+02  0.000000e+00
     vertex  1.344904e+02 -1.283999e+02  0.000000e+00
     vertex  1.344504e+02 -1.283035e+02  0.000000e+00
   endloop
 endfacet
 facet normal  0.000000e+00  0.000000e+00 -1.000000e+00
   outer loop
     vertex  1.357576e+02 -1.283035e+02  0.000000e+00
     vertex  1.357176e+02 -1.283999e+02  0.000000e+00
     vertex  1.344904e+02 -1.283999e+02  0.000000e+00
   endloop
 endfacet
 facet normal  0.000000e+00  0.000000e+00 -1.000000e+00
   outer loop
     vertex  1.363040e+02 -1.288499e+02  0.000000e+00
     vertex  1.363040e+02 -1.315571e+02  0.000000e+00
     vertex  1.362075e+02 -1.288898e+02  0.000000e+00
   endloop
 endfacet
 facet normal  0.000000e+00 -0.000000e+00 -1.000000e+00
   outer loop
     vertex  1.363040e+02 -1.288499e+02  0.000000e+00
     vertex  1.363868e+02 -1.316206e+02  0.000000e+00
     vertex  1.363040e+02 -1.315571e+02  0.000000e+00
   endloop
 endfacet
 facet normal  0.000000e+00  0.000000e+00 -1.000000e+00
   outer loop
     vertex  1.358212e+02 -1.282206e+02  0.000000e+00
     vertex  1.343868e+02 -1.282206e+02  0.000000e+00
     vertex  1.343040e+02 -1.281571e+02  0.000000e+00
   endloop
 endfacet
 facet normal -0.000000e+00  0.000000e+00 -1.000000e+00
   outer loop
     vertex  1.358212e+02 -1.282206e+02  0.000000e+00
     vertex  1.344504e+02 -1.283035e+02  0.000000e+00
     vertex  1.343868e+02 -1.282206e+02  0.000000e+00
   endloop
 endfacet
 facet normal  0.000000e+00  0.000000e+00 -1.000000e+00
   outer loop
     vertex  1.358212e+02 -1.282206e+02  0.000000e+00
     vertex  1.357576e+02 -1.283035e+02  0.000000e+00
     vertex  1.344504e+02 -1.283035e+02  0.000000e+00
   endloop
 endfacet
 facet normal  0.000000e+00  0.000000e+00 -1.000000e+00
   outer loop
     vertex  1.363868e+02 -1.287863e+02  0.000000e+00
     vertex  1.363868e+02 -1.316206e+02  0.000000e+00
     vertex  1.363040e+02 -1.288499e+02  0.000000e+00
   endloop
 endfacet
 facet normal -0.000000e+00  0.000000e+00 -1.000000e+00
   outer loop
     vertex  1.359040e+02 -1.281571e+02  0.000000e+00
     vertex  1.358212e+02 -1.282206e+02  0.000000e+00
     vertex  1.343040e+02 -1.281571e+02  0.000000e+00
   endloop
 endfacet
 facet normal  0.000000e+00  0.000000e+00 -1.000000e+00
   outer loop
     vertex  1.364504e+02 -1.287035e+02  0.000000e+00
     vertex  1.363868e+02 -1.316206e+02  0.000000e+00
     vertex  1.363868e+02 -1.287863e+02  0.000000e+00
   endloop
 endfacet
 facet normal  0.000000e+00  0.000000e+00 -1.000000e+00
   outer loop
     vertex  1.364504e+02 -1.287035e+02  0.000000e+00
     vertex  1.364504e+02 -1.317035e+02  0.000000e+00
     vertex  1.363868e+02 -1.316206e+02  0.000000e+00
   endloop
 endfacet
 facet normal  0.000000e+00  0.000000e+00 -1.000000e+00
   outer loop
     vertex  1.364904e+02 -1.286070e+02  0.000000e+00
     vertex  1.364904e+02 -1.317999e+02  0.000000e+00
     vertex  1.364504e+02 -1.317035e+02  0.000000e+00
   endloop
 endfacet
 facet normal  0.000000e+00  0.000000e+00 -1.000000e+00
   outer loop
     vertex  1.364904e+02 -1.286070e+02  0.000000e+00
     vertex  1.364504e+02 -1.317035e+02  0.000000e+00
     vertex  1.364504e+02 -1.287035e+02  0.000000e+00
   endloop
 endfacet
 facet normal  0.000000e+00 -0.000000e+00 -1.000000e+00
   outer loop
     vertex  1.365040e+02 -1.285035e+02  0.000000e+00
     vertex  1.365040e+02 -1.319035e+02  0.000000e+00
     vertex  1.364904e+02 -1.317999e+02  0.000000e+00
   endloop
 endfacet
 facet normal  0.000000e+00  0.000000e+00 -1.000000e+00
   outer loop
     vertex  1.365040e+02 -1.285035e+02  0.000000e+00
     vertex  1.364904e+02 -1.317999e+02  0.000000e+00
     vertex  1.364904e+02 -1.286070e+02  0.000000e+00
   endloop
 endfacet
 facet normal  0.000000e+00  0.000000e+00 -1.000000e+00
   outer loop
     vertex  1.338212e+02 -1.253863e+02  0.000000e+00
     vertex  1.338212e+02 -1.282206e+02  0.000000e+00
     vertex  1.337576e+02 -1.283035e+02  0.000000e+00
   endloop
 endfacet
 facet normal  0.000000e+00 -0.000000e+00 -1.000000e+00
   outer loop
     vertex  1.337576e+02 -1.253035e+02  0.000000e+00
     vertex  1.338212e+02 -1.253863e+02  0.000000e+00
     vertex  1.337576e+02 -1.283035e+02  0.000000e+00
   endloop
 endfacet
 facet normal  0.000000e+00  0.000000e+00 -1.000000e+00
   outer loop
     vertex  1.339040e+02 -1.254499e+02  0.000000e+00
     vertex  1.339040e+02 -1.281571e+02  0.000000e+00
     vertex  1.338212e+02 -1.282206e+02  0.000000e+00
   endloop
 endfacet
 facet normal  0.000000e+00 -0.000000e+00 -1.000000e+00
   outer loop
     vertex  1.339040e+02 -1.254499e+02  0.000000e+00
     vertex  1.340005e+02 -1.281171e+02  0.000000e+00
     vertex  1.339040e+02 -1.281571e+02  0.000000e+00
   endloop
 endfacet
 facet normal -0.000000e+00  0.000000e+00 -1.000000e+00
   outer loop
     vertex  1.339040e+02 -1.254499e+02  0.000000e+00
     vertex  1.338212e+02 -1.282206e+02  0.000000e+00
     vertex  1.338212e+02 -1.253863e+02  0.000000e+00
   endloop
 endfacet
 facet normal  0.000000e+00  0.000000e+00 -1.000000e+00
   outer loop
     vertex  1.337176e+02 -1.252070e+02  0.000000e+00
     vertex  1.337576e+02 -1.253035e+02  0.000000e+00
     vertex  1.337576e+02 -1.283035e+02  0.000000e+00
   endloop
 endfacet
 facet normal  0.000000e+00 -0.000000e+00 -1.000000e+00
   outer loop
     vertex  1.337176e+02 -1.252070e+02  0.000000e+00
     vertex  1.337576e+02 -1.283035e+02  0.000000e+00
     vertex  1.337176e+02 -1.283999e+02  0.000000e+00
   endloop
 endfacet
 facet normal  0.000000e+00 -0.000000e+00 -1.000000e+00
   outer loop
     vertex  1.340005e+02 -1.254898e+02  0.000000e+00
     vertex  1.341040e+02 -1.281035e+02  0.000000e+00
     vertex  1.340005e+02 -1.281171e+02  0.000000e+00
   endloop
 endfacet
 facet normal -0.000000e+00  0.000000e+00 -1.000000e+00
   outer loop
     vertex  1.340005e+02 -1.254898e+02  0.000000e+00
     vertex  1.340005e+02 -1.281171e+02  0.000000e+00
     vertex  1.339040e+02 -1.254499e+02  0.000000e+00
   endloop
 endfacet
 facet normal  0.000000e+00  0.000000e+00 -1.000000e+00
   outer loop
     vertex  1.337040e+02 -1.251035e+02  0.000000e+00
     vertex  1.337176e+02 -1.252070e+02  0.000000e+00
     vertex  1.337176e+02 -1.283999e+02  0.000000e+00
   endloop
 endfacet
 facet normal  0.000000e+00 -0.000000e+00 -1.000000e+00
   outer loop
     vertex  1.337040e+02 -1.251035e+02  0.000000e+00
     vertex  1.337040e+02 -1.285035e+02  0.000000e+00
     vertex  1.312698e+02 -1.383676e+02  0.000000e+00
   endloop
 endfacet
 facet normal  0.000000e+00  0.000000e+00 -1.000000e+00
   outer loop
     vertex  1.337040e+02 -1.251035e+02  0.000000e+00
     vertex  1.337176e+02 -1.283999e+02  0.000000e+00
     vertex  1.337040e+02 -1.285035e+02  0.000000e+00
   endloop
 endfacet
 facet normal -0.000000e+00  0.000000e+00 -1.000000e+00
   outer loop
     vertex  1.341040e+02 -1.255035e+02  0.000000e+00
     vertex  1.341040e+02 -1.281035e+02  0.000000e+00
     vertex  1.340005e+02 -1.254898e+02  0.000000e+00
   endloop
 endfacet
 facet normal  0.000000e+00  0.000000e+00 -1.000000e+00
   outer loop
     vertex  1.342075e+02 -1.254898e+02  0.000000e+00
     vertex  1.342075e+02 -1.281171e+02  0.000000e+00
     vertex  1.341040e+02 -1.281035e+02  0.000000e+00
   endloop
 endfacet
 facet normal  0.000000e+00  0.000000e+00 -1.000000e+00
   outer loop
     vertex  1.342075e+02 -1.254898e+02  0.000000e+00
     vertex  1.341040e+02 -1.281035e+02  0.000000e+00
     vertex  1.341040e+02 -1.255035e+02  0.000000e+00
   endloop
 endfacet
 facet normal  0.000000e+00  0.000000e+00 -1.000000e+00
   outer loop
     vertex  1.343040e+02 -1.254499e+02  0.000000e+00
     vertex  1.343040e+02 -1.281571e+02  0.000000e+00
     vertex  1.342075e+02 -1.281171e+02  0.000000e+00
   endloop
 endfacet
 facet normal  0.000000e+00  0.000000e+00 -1.000000e+00
   outer loop
     vertex  1.343040e+02 -1.254499e+02  0.000000e+00
     vertex  1.342075e+02 -1.281171e+02  0.000000e+00
     vertex  1.342075e+02 -1.254898e+02  0.000000e+00
   endloop
 endfacet
 facet normal -0.000000e+00  0.000000e+00 -1.000000e+00
   outer loop
     vertex  1.358212e+02 -1.253863e+02  0.000000e+00
     vertex  1.343040e+02 -1.254499e+02  0.000000e+00
     vertex  1.343868e+02 -1.253863e+02  0.000000e+00
   endloop
 endfacet
 facet normal  0.000000e+00 -0.000000e+00 -1.000000e+00
   outer loop
     vertex  1.357576e+02 -1.253035e+02  0.000000e+00
     vertex  1.358212e+02 -1.253863e+02  0.000000e+00
     vertex  1.343868e+02 -1.253863e+02  0.000000e+00
   endloop
 endfacet
 facet normal -0.000000e+00  0.000000e+00 -1.000000e+00
   outer loop
     vertex  1.357576e+02 -1.253035e+02  0.000000e+00
     vertex  1.343868e+02 -1.253863e+02  0.000000e+00
     vertex  1.344504e+02 -1.253035e+02  0.000000e+00
   endloop
 endfacet
 facet normal -0.000000e+00  0.000000e+00 -1.000000e+00
   outer loop
     vertex  1.359040e+02 -1.254499e+02  0.000000e+00
     vertex  1.343040e+02 -1.281571e+02  0.000000e+00
     vertex  1.343040e+02 -1.254499e+02  0.000000e+00
   endloop
 endfacet
 facet normal  0.000000e+00 -0.000000e+00 -1.000000e+00
   outer loop
     vertex  1.359040e+02 -1.254499e+02  0.000000e+00
     vertex  1.360005e+02 -1.281171e+02  0.000000e+00
     vertex  1.359040e+02 -1.281571e+02  0.000000e+00
   endloop
 endfacet
 facet normal  0.000000e+00  0.000000e+00 -1.000000e+00
   outer loop
     vertex  1.359040e+02 -1.254499e+02  0.000000e+00
     vertex  1.343040e+02 -1.254499e+02  0.000000e+00
     vertex  1.358212e+02 -1.253863e+02  0.000000e+00
   endloop
 endfacet
 facet normal  0.000000e+00  0.000000e+00 -1.000000e+00
   outer loop
     vertex  1.359040e+02 -1.254499e+02  0.000000e+00
     vertex  1.359040e+02 -1.281571e+02  0.000000e+00
     vertex  1.343040e+02 -1.281571e+02  0.000000e+00
   endloop
 endfacet
 facet normal -0.000000e+00  0.000000e+00 -1.000000e+00
   outer loop
     vertex  1.357176e+02 -1.252070e+02  0.000000e+00
     vertex  1.344504e+02 -1.253035e+02  0.000000e+00
     vertex  1.344904e+02 -1.252070e+02  0.000000e+00
   endloop
 endfacet
 facet normal  0.000000e+00 -0.000000e+00 -1.000000e+00
   outer loop
     vertex  1.357176e+02 -1.252070e+02  0.000000e+00
     vertex  1.357576e+02 -1.253035e+02  0.000000e+00
     vertex  1.344504e+02 -1.253035e+02  0.000000e+00
   endloop
 endfacet
 facet normal -0.000000e+00  0.000000e+00 -1.000000e+00
   outer loop
     vertex  1.360005e+02 -1.254898e+02  0.000000e+00
     vertex  1.360005e+02 -1.281171e+02  0.000000e+00
     vertex  1.359040e+02 -1.254499e+02  0.000000e+00
   endloop
 endfacet
 facet normal -0.000000e+00  0.000000e+00 -1.000000e+00
   outer loop
     vertex  1.357040e+02 -1.251035e+02  0.000000e+00
     vertex  1.344904e+02 -1.252070e+02  0.000000e+00
     vertex  1.345040e+02 -1.251035e+02  0.000000e+00
   endloop
 endfacet
 facet normal  0.000000e+00 -0.000000e+00 -1.000000e+00
   outer loop
     vertex  1.357040e+02 -1.251035e+02  0.000000e+00
     vertex  1.357176e+02 -1.252070e+02  0.000000e+00
     vertex  1.344904e+02 -1.252070e+02  0.000000e+00
   endloop
 endfacet
 facet normal  0.000000e+00  0.000000e+00 -1.000000e+00
   outer loop
     vertex  1.361040e+02 -1.255035e+02  0.000000e+00
     vertex  1.361040e+02 -1.281035e+02  0.000000e+00
     vertex  1.360005e+02 -1.281171e+02  0.000000e+00
   endloop
 endfacet
 facet normal -0.000000e+00  0.000000e+00 -1.000000e+00
   outer loop
     vertex  1.361040e+02 -1.255035e+02  0.000000e+00
     vertex  1.360005e+02 -1.281171e+02  0.000000e+00
     vertex  1.360005e+02 -1.254898e+02  0.000000e+00
   endloop
 endfacet
 facet normal  0.000000e+00  0.000000e+00 -1.000000e+00
   outer loop
     vertex  1.357176e+02 -1.249999e+02  0.000000e+00
     vertex  1.357040e+02 -1.251035e+02  0.000000e+00
     vertex  1.345040e+02 -1.251035e+02  0.000000e+00
   endloop
 endfacet
 facet normal -0.000000e+00  0.000000e+00 -1.000000e+00
   outer loop
     vertex  1.357176e+02 -1.249999e+02  0.000000e+00
     vertex  1.345040e+02 -1.251035e+02  0.000000e+00
     vertex  1.344904e+02 -1.249999e+02  0.000000e+00
   endloop
 endfacet
 facet normal  0.000000e+00  0.000000e+00 -1.000000e+00
   outer loop
     vertex  1.362075e+02 -1.254898e+02  0.000000e+00
     vertex  1.361040e+02 -1.281035e+02  0.000000e+00
     vertex  1.361040e+02 -1.255035e+02  0.000000e+00
   endloop
 endfacet
 facet normal  0.000000e+00  0.000000e+00 -1.000000e+00
   outer loop
     vertex  1.362075e+02 -1.254898e+02  0.000000e+00
     vertex  1.362075e+02 -1.281171e+02  0.000000e+00
     vertex  1.361040e+02 -1.281035e+02  0.000000e+00
   endloop
 endfacet
 facet normal -0.000000e+00  0.000000e+00 -1.000000e+00
   outer loop
     vertex  1.357576e+02 -1.249035e+02  0.000000e+00
     vertex  1.344904e+02 -1.249999e+02  0.000000e+00
     vertex  1.344504e+02 -1.249035e+02  0.000000e+00
   endloop
 endfacet
 facet normal  0.000000e+00  0.000000e+00 -1.000000e+00
   outer loop
     vertex  1.357576e+02 -1.249035e+02  0.000000e+00
     vertex  1.357176e+02 -1.249999e+02  0.000000e+00
     vertex  1.344904e+02 -1.249999e+02  0.000000e+00
   endloop
 endfacet
 facet normal  0.000000e+00  0.000000e+00 -1.000000e+00
   outer loop
     vertex  1.363040e+02 -1.254499e+02  0.000000e+00
     vertex  1.363040e+02 -1.281571e+02  0.000000e+00
     vertex  1.362075e+02 -1.281171e+02  0.000000e+00
   endloop
 endfacet
 facet normal  0.000000e+00  0.000000e+00 -1.000000e+00
   outer loop
     vertex  1.363040e+02 -1.254499e+02  0.000000e+00
     vertex  1.362075e+02 -1.281171e+02  0.000000e+00
     vertex  1.362075e+02 -1.254898e+02  0.000000e+00
   endloop
 endfacet
 facet normal -0.000000e+00  0.000000e+00 -1.000000e+00
   outer loop
     vertex  1.358212e+02 -1.248206e+02  0.000000e+00
     vertex  1.344504e+02 -1.249035e+02  0.000000e+00
     vertex  1.343868e+02 -1.248206e+02  0.000000e+00
   endloop
 endfacet
 facet normal  0.000000e+00  0.000000e+00 -1.000000e+00
   outer loop
     vertex  1.358212e+02 -1.248206e+02  0.000000e+00
     vertex  1.357576e+02 -1.249035e+02  0.000000e+00
     vertex  1.344504e+02 -1.249035e+02  0.000000e+00
   endloop
 endfacet
 facet normal  0.000000e+00  0.000000e+00 -1.000000e+00
   outer loop
     vertex  1.363868e+02 -1.253863e+02  0.000000e+00
     vertex  1.363868e+02 -1.282206e+02  0.000000e+00
     vertex  1.363040e+02 -1.281571e+02  0.000000e+00
   endloop
 endfacet
 facet normal  0.000000e+00 -0.000000e+00 -1.000000e+00
   outer loop
     vertex  1.363868e+02 -1.253863e+02  0.000000e+00
     vertex  1.364504e+02 -1.283035e+02  0.000000e+00
     vertex  1.363868e+02 -1.282206e+02  0.000000e+00
   endloop
 endfacet
 facet normal  0.000000e+00  0.000000e+00 -1.000000e+00
   outer loop
     vertex  1.363868e+02 -1.253863e+02  0.000000e+00
     vertex  1.363040e+02 -1.281571e+02  0.000000e+00
     vertex  1.363040e+02 -1.254499e+02  0.000000e+00
   endloop
 endfacet
 facet normal -0.000000e+00  0.000000e+00 -1.000000e+00
   outer loop
     vertex  1.359040e+02 -1.247571e+02  0.000000e+00
     vertex  1.343868e+02 -1.248206e+02  0.000000e+00
     vertex  1.343040e+02 -1.247571e+02  0.000000e+00
   endloop
 endfacet
 facet normal  0.000000e+00  0.000000e+00 -1.000000e+00
   outer loop
     vertex  1.359040e+02 -1.247571e+02  0.000000e+00
     vertex  1.358212e+02 -1.248206e+02  0.000000e+00
     vertex  1.343868e+02 -1.248206e+02  0.000000e+00
   endloop
 endfacet
 facet normal  0.000000e+00 -0.000000e+00 -1.000000e+00
   outer loop
     vertex  1.364504e+02 -1.253035e+02  0.000000e+00
     vertex  1.364504e+02 -1.283035e+02  0.000000e+00
     vertex  1.363868e+02 -1.253863e+02  0.000000e+00
   endloop
 endfacet
 facet normal  0.000000e+00  0.000000e+00 -1.000000e+00
   outer loop
     vertex  1.364504e+02 -1.253035e+02  0.000000e+00
     vertex  1.364904e+02 -1.283999e+02  0.000000e+00
     vertex  1.364504e+02 -1.283035e+02  0.000000e+00
   endloop
 endfacet
 facet normal  0.000000e+00  0.000000e+00 -1.000000e+00
   outer loop
     vertex  1.364904e+02 -1.252070e+02  0.000000e+00
     vertex  1.365040e+02 -1.285035e+02  0.000000e+00
     vertex  1.364904e+02 -1.283999e+02  0.000000e+00
   endloop
 endfacet
 facet normal  0.000000e+00 -0.000000e+00 -1.000000e+00
   outer loop
     vertex  1.364904e+02 -1.252070e+02  0.000000e+00
     vertex  1.364904e+02 -1.283999e+02  0.000000e+00
     vertex  1.364504e+02 -1.253035e+02  0.000000e+00
   endloop
 endfacet
 facet normal  0.000000e+00 -0.000000e+00 -1.000000e+00
   outer loop
     vertex  1.365040e+02 -1.251035e+02  0.000000e+00
     vertex  1.365040e+02 -1.285035e+02  0.000000e+00
     vertex  1.364904e+02 -1.252070e+02  0.000000e+00
   endloop
 endfacet
 facet normal  0.000000e+00 -0.000000e+00 -1.000000e+00
   outer loop
     vertex  1.338212e+02 -1.219863e+02  0.000000e+00
     vertex  1.339040e+02 -1.247571e+02  0.000000e+00
     vertex  1.338212e+02 -1.248206e+02  0.000000e+00
   endloop
 endfacet
 facet normal  0.000000e+00  0.000000e+00 -1.000000e+00
   outer loop
     vertex  1.337576e+02 -1.219035e+02  0.000000e+00
     vertex  1.337576e+02 -1.249035e+02  0.000000e+00
     vertex  1.337176e+02 -1.249999e+02  0.000000e+00
   endloop
 endfacet
 facet normal  0.000000e+00 -0.000000e+00 -1.000000e+00
   outer loop
     vertex  1.337576e+02 -1.219035e+02  0.000000e+00
     vertex  1.338212e+02 -1.248206e+02  0.000000e+00
     vertex  1.337576e+02 -1.249035e+02  0.000000e+00
   endloop
 endfacet
 facet normal  0.000000e+00  0.000000e+00 -1.000000e+00
   outer loop
     vertex  1.337576e+02 -1.219035e+02  0.000000e+00
     vertex  1.338212e+02 -1.219863e+02  0.000000e+00
     vertex  1.338212e+02 -1.248206e+02  0.000000e+00
   endloop
 endfacet
 facet normal  0.000000e+00 -0.000000e+00 -1.000000e+00
   outer loop
     vertex  1.339040e+02 -1.220499e+02  0.000000e+00
     vertex  1.340005e+02 -1.247171e+02  0.000000e+00
     vertex  1.339040e+02 -1.247571e+02  0.000000e+00
   endloop
 endfacet
 facet normal -0.000000e+00  0.000000e+00 -1.000000e+00
   outer loop
     vertex  1.339040e+02 -1.220499e+02  0.000000e+00
     vertex  1.339040e+02 -1.247571e+02  0.000000e+00
     vertex  1.338212e+02 -1.219863e+02  0.000000e+00
   endloop
 endfacet
 facet normal  0.000000e+00 -0.000000e+00 -1.000000e+00
   outer loop
     vertex  1.337176e+02 -1.218070e+02  0.000000e+00
     vertex  1.337576e+02 -1.219035e+02  0.000000e+00
     vertex  1.337176e+02 -1.249999e+02  0.000000e+00
   endloop
 endfacet
 facet normal -0.000000e+00  0.000000e+00 -1.000000e+00
   outer loop
     vertex  1.340005e+02 -1.220898e+02  0.000000e+00
     vertex  1.340005e+02 -1.247171e+02  0.000000e+00
     vertex  1.339040e+02 -1.220499e+02  0.000000e+00
   endloop
 endfacet
 facet normal  0.000000e+00  0.000000e+00 -1.000000e+00
   outer loop
     vertex  1.337040e+02 -1.217035e+02  0.000000e+00
     vertex  1.337176e+02 -1.249999e+02  0.000000e+00
     vertex  1.337040e+02 -1.251035e+02  0.000000e+00
   endloop
 endfacet
 facet normal  0.000000e+00  0.000000e+00 -1.000000e+00
   outer loop
     vertex  1.337040e+02 -1.217035e+02  0.000000e+00
     vertex  1.337176e+02 -1.218070e+02  0.000000e+00
     vertex  1.337176e+02 -1.249999e+02  0.000000e+00
   endloop
 endfacet
 facet normal  0.000000e+00  0.000000e+00 -1.000000e+00
   outer loop
     vertex  1.341040e+02 -1.221035e+02  0.000000e+00
     vertex  1.341040e+02 -1.247035e+02  0.000000e+00
     vertex  1.340005e+02 -1.247171e+02  0.000000e+00
   endloop
 endfacet
 facet normal  0.000000e+00 -0.000000e+00 -1.000000e+00
   outer loop
     vertex  1.341040e+02 -1.221035e+02  0.000000e+00
     vertex  1.342075e+02 -1.247171e+02  0.000000e+00
     vertex  1.341040e+02 -1.247035e+02  0.000000e+00
   endloop
 endfacet
 facet normal -0.000000e+00  0.000000e+00 -1.000000e+00
   outer loop
     vertex  1.341040e+02 -1.221035e+02  0.000000e+00
     vertex  1.340005e+02 -1.247171e+02  0.000000e+00
     vertex  1.340005e+02 -1.220898e+02  0.000000e+00
   endloop
 endfacet
 facet normal  0.000000e+00  0.000000e+00 -1.000000e+00
   outer loop
     vertex  1.342075e+02 -1.220898e+02  0.000000e+00
     vertex  1.342075e+02 -1.247171e+02  0.000000e+00
     vertex  1.341040e+02 -1.221035e+02  0.000000e+00
   endloop
 endfacet
 facet normal  0.000000e+00 -0.000000e+00 -1.000000e+00
   outer loop
     vertex  1.342075e+02 -1.220898e+02  0.000000e+00
     vertex  1.343040e+02 -1.247571e+02  0.000000e+00
     vertex  1.342075e+02 -1.247171e+02  0.000000e+00
   endloop
 endfacet
 facet normal  0.000000e+00  0.000000e+00 -1.000000e+00
   outer loop
     vertex  1.343040e+02 -1.220499e+02  0.000000e+00
     vertex  1.343040e+02 -1.247571e+02  0.000000e+00
     vertex  1.342075e+02 -1.220898e+02  0.000000e+00
   endloop
 endfacet
 facet normal  0.000000e+00  0.000000e+00 -1.000000e+00
   outer loop
     vertex  1.358212e+02 -1.219863e+02  0.000000e+00
     vertex  1.343868e+02 -1.219863e+02  0.000000e+00
     vertex  1.344504e+02 -1.219035e+02  0.000000e+00
   endloop
 endfacet
 facet normal -0.000000e+00  0.000000e+00 -1.000000e+00
   outer loop
     vertex  1.358212e+02 -1.219863e+02  0.000000e+00
     vertex  1.343040e+02 -1.220499e+02  0.000000e+00
     vertex  1.343868e+02 -1.219863e+02  0.000000e+00
   endloop
 endfacet
 facet normal -0.000000e+00 -0.000000e+00 -1.000000e+00
   outer loop
     vertex  1.357576e+02 -1.219035e+02  0.000000e+00
     vertex  1.358212e+02 -1.219863e+02  0.000000e+00
     vertex  1.344504e+02 -1.219035e+02  0.000000e+00
   endloop
 endfacet
 facet normal -0.000000e+00  0.000000e+00 -1.000000e+00
   outer loop
     vertex  1.359040e+02 -1.220499e+02  0.000000e+00
     vertex  1.343040e+02 -1.247571e+02  0.000000e+00
     vertex  1.343040e+02 -1.220499e+02  0.000000e+00
   endloop
 endfacet
 facet normal  0.000000e+00  0.000000e+00 -1.000000e+00
   outer loop
     vertex  1.359040e+02 -1.220499e+02  0.000000e+00
     vertex  1.343040e+02 -1.220499e+02  0.000000e+00
     vertex  1.358212e+02 -1.219863e+02  0.000000e+00
   endloop
 endfacet
 facet normal  0.000000e+00 -0.000000e+00 -1.000000e+00
   outer loop
     vertex  1.359040e+02 -1.220499e+02  0.000000e+00
     vertex  1.360005e+02 -1.247171e+02  0.000000e+00
     vertex  1.359040e+02 -1.247571e+02  0.000000e+00
   endloop
 endfacet
 facet normal  0.000000e+00  0.000000e+00 -1.000000e+00
   outer loop
     vertex  1.359040e+02 -1.220499e+02  0.000000e+00
     vertex  1.359040e+02 -1.247571e+02  0.000000e+00
     vertex  1.343040e+02 -1.247571e+02  0.000000e+00
   endloop
 endfacet
 facet normal -0.000000e+00  0.000000e+00 -1.000000e+00
   outer loop
     vertex  1.357176e+02 -1.218070e+02  0.000000e+00
     vertex  1.344504e+02 -1.219035e+02  0.000000e+00
     vertex  1.344904e+02 -1.218070e+02  0.000000e+00
   endloop
 endfacet
 facet normal  0.000000e+00 -0.000000e+00 -1.000000e+00
   outer loop
     vertex  1.357176e+02 -1.218070e+02  0.000000e+00
     vertex  1.357576e+02 -1.219035e+02  0.000000e+00
     vertex  1.344504e+02 -1.219035e+02  0.000000e+00
   endloop
 endfacet
 facet normal -0.000000e+00  0.000000e+00 -1.000000e+00
   outer loop
     vertex  1.360005e+02 -1.220898e+02  0.000000e+00
     vertex  1.360005e+02 -1.247171e+02  0.000000e+00
     vertex  1.359040e+02 -1.220499e+02  0.000000e+00
   endloop
 endfacet
 facet normal -0.000000e+00  0.000000e+00 -1.000000e+00
   outer loop
     vertex  1.357040e+02 -1.217035e+02  0.000000e+00
     vertex  1.344904e+02 -1.218070e+02  0.000000e+00
     vertex  1.345040e+02 -1.217035e+02  0.000000e+00
   endloop
 endfacet
 facet normal  0.000000e+00 -0.000000e+00 -1.000000e+00
   outer loop
     vertex  1.357040e+02 -1.217035e+02  0.000000e+00
     vertex  1.357176e+02 -1.218070e+02  0.000000e+00
     vertex  1.344904e+02 -1.218070e+02  0.000000e+00
   endloop
 endfacet
 facet normal  0.000000e+00  0.000000e+00 -1.000000e+00
   outer loop
     vertex  1.361040e+02 -1.221035e+02  0.000000e+00
     vertex  1.361040e+02 -1.247035e+02  0.000000e+00
     vertex  1.360005e+02 -1.247171e+02  0.000000e+00
   endloop
 endfacet
 facet normal -0.000000e+00  0.000000e+00 -1.000000e+00
   outer loop
     vertex  1.361040e+02 -1.221035e+02  0.000000e+00
     vertex  1.360005e+02 -1.247171e+02  0.000000e+00
     vertex  1.360005e+02 -1.220898e+02  0.000000e+00
   endloop
 endfacet
 facet normal  0.000000e+00  0.000000e+00 -1.000000e+00
   outer loop
     vertex  1.357176e+02 -1.215999e+02  0.000000e+00
     vertex  1.344904e+02 -1.215999e+02  0.000000e+00
     vertex  1.344504e+02 -1.215035e+02  0.000000e+00
   endloop
 endfacet
 facet normal -0.000000e+00  0.000000e+00 -1.000000e+00
   outer loop
     vertex  1.357176e+02 -1.215999e+02  0.000000e+00
     vertex  1.345040e+02 -1.217035e+02  0.000000e+00
     vertex  1.344904e+02 -1.215999e+02  0.000000e+00
   endloop
 endfacet
 facet normal  0.000000e+00  0.000000e+00 -1.000000e+00
   outer loop
     vertex  1.357176e+02 -1.215999e+02  0.000000e+00
     vertex  1.357040e+02 -1.217035e+02  0.000000e+00
     vertex  1.345040e+02 -1.217035e+02  0.000000e+00
   endloop
 endfacet
 facet normal  0.000000e+00  0.000000e+00 -1.000000e+00
   outer loop
     vertex  1.362075e+02 -1.220898e+02  0.000000e+00
     vertex  1.361040e+02 -1.247035e+02  0.000000e+00
     vertex  1.361040e+02 -1.221035e+02  0.000000e+00
   endloop
 endfacet
 facet normal  0.000000e+00  0.000000e+00 -1.000000e+00
   outer loop
     vertex  1.362075e+02 -1.220898e+02  0.000000e+00
     vertex  1.362075e+02 -1.247171e+02  0.000000e+00
     vertex  1.361040e+02 -1.247035e+02  0.000000e+00
   endloop
 endfacet
 facet normal -0.000000e+00  0.000000e+00 -1.000000e+00
   outer loop
     vertex  1.357576e+02 -1.215035e+02  0.000000e+00
     vertex  1.357176e+02 -1.215999e+02  0.000000e+00
     vertex  1.344504e+02 -1.215035e+02  0.000000e+00
   endloop
 endfacet
 facet normal  0.000000e+00  0.000000e+00 -1.000000e+00
   outer loop
     vertex  1.363040e+02 -1.220499e+02  0.000000e+00
     vertex  1.363040e+02 -1.247571e+02  0.000000e+00
     vertex  1.362075e+02 -1.247171e+02  0.000000e+00
   endloop
 endfacet
 facet normal  0.000000e+00  0.000000e+00 -1.000000e+00
   outer loop
     vertex  1.363040e+02 -1.220499e+02  0.000000e+00
     vertex  1.362075e+02 -1.247171e+02  0.000000e+00
     vertex  1.362075e+02 -1.220898e+02  0.000000e+00
   endloop
 endfacet
 facet normal -0.000000e+00  0.000000e+00 -1.000000e+00
   outer loop
     vertex  1.358212e+02 -1.214206e+02  0.000000e+00
     vertex  1.344504e+02 -1.215035e+02  0.000000e+00
     vertex  1.343868e+02 -1.214206e+02  0.000000e+00
   endloop
 endfacet
 facet normal  0.000000e+00  0.000000e+00 -1.000000e+00
   outer loop
     vertex  1.358212e+02 -1.214206e+02  0.000000e+00
     vertex  1.357576e+02 -1.215035e+02  0.000000e+00
     vertex  1.344504e+02 -1.215035e+02  0.000000e+00
   endloop
 endfacet
 facet normal  0.000000e+00  0.000000e+00 -1.000000e+00
   outer loop
     vertex  1.363868e+02 -1.219863e+02  0.000000e+00
     vertex  1.363868e+02 -1.248206e+02  0.000000e+00
     vertex  1.363040e+02 -1.247571e+02  0.000000e+00
   endloop
 endfacet
 facet normal  0.000000e+00  0.000000e+00 -1.000000e+00
   outer loop
     vertex  1.363868e+02 -1.219863e+02  0.000000e+00
     vertex  1.363040e+02 -1.247571e+02  0.000000e+00
     vertex  1.363040e+02 -1.220499e+02  0.000000e+00
   endloop
 endfacet
 facet normal -0.000000e+00  0.000000e+00 -1.000000e+00
   outer loop
     vertex  1.359040e+02 -1.213571e+02  0.000000e+00
     vertex  1.343868e+02 -1.214206e+02  0.000000e+00
     vertex  1.343040e+02 -1.213571e+02  0.000000e+00
   endloop
 endfacet
 facet normal  0.000000e+00  0.000000e+00 -1.000000e+00
   outer loop
     vertex  1.359040e+02 -1.213571e+02  0.000000e+00
     vertex  1.358212e+02 -1.214206e+02  0.000000e+00
     vertex  1.343868e+02 -1.214206e+02  0.000000e+00
   endloop
 endfacet
 facet normal  0.000000e+00  0.000000e+00 -1.000000e+00
   outer loop
     vertex  1.364504e+02 -1.219035e+02  0.000000e+00
     vertex  1.363868e+02 -1.248206e+02  0.000000e+00
     vertex  1.363868e+02 -1.219863e+02  0.000000e+00
   endloop
 endfacet
 facet normal  0.000000e+00  0.000000e+00 -1.000000e+00
   outer loop
     vertex  1.364504e+02 -1.219035e+02  0.000000e+00
     vertex  1.364504e+02 -1.249035e+02  0.000000e+00
     vertex  1.363868e+02 -1.248206e+02  0.000000e+00
   endloop
 endfacet
 facet normal  0.000000e+00 -0.000000e+00 -1.000000e+00
   outer loop
     vertex  1.364504e+02 -1.219035e+02  0.000000e+00
     vertex  1.364904e+02 -1.249999e+02  0.000000e+00
     vertex  1.364504e+02 -1.249035e+02  0.000000e+00
   endloop
 endfacet
 facet normal  0.000000e+00 -0.000000e+00 -1.000000e+00
   outer loop
     vertex  1.364904e+02 -1.218070e+02  0.000000e+00
     vertex  1.365040e+02 -1.251035e+02  0.000000e+00
     vertex  1.364904e+02 -1.249999e+02  0.000000e+00
   endloop
 endfacet
 facet normal  0.000000e+00  0.000000e+00 -1.000000e+00
   outer loop
     vertex  1.364904e+02 -1.218070e+02  0.000000e+00
     vertex  1.364904e+02 -1.249999e+02  0.000000e+00
     vertex  1.364504e+02 -1.219035e+02  0.000000e+00
   endloop
 endfacet
 facet normal  0.000000e+00 -0.000000e+00 -1.000000e+00
   outer loop
     vertex  1.365040e+02 -1.217035e+02  0.000000e+00
     vertex  1.365040e+02 -1.251035e+02  0.000000e+00
     vertex  1.364904e+02 -1.218070e+02  0.000000e+00
   endloop
 endfacet
 facet normal  0.000000e+00  0.000000e+00 -1.000000e+00
   outer loop
     vertex  1.337576e+02 -1.185035e+02  0.000000e+00
     vertex  1.338212e+02 -1.185863e+02  0.000000e+00
     vertex  1.338212e+02 -1.214206e+02  0.000000e+00
   endloop
 endfacet
 facet normal  0.000000e+00 -0.000000e+00 -1.000000e+00
   outer loop
     vertex  1.337576e+02 -1.185035e+02  0.000000e+00
     vertex  1.338212e+02 -1.214206e+02  0.000000e+00
     vertex  1.337576e+02 -1.215035e+02  0.000000e+00
   endloop
 endfacet
 facet normal -0.000000e+00  0.000000e+00 -1.000000e+00
   outer loop
     vertex  1.339040e+02 -1.186499e+02  0.000000e+00
     vertex  1.338212e+02 -1.214206e+02  0.000000e+00
     vertex  1.338212e+02 -1.185863e+02  0.000000e+00
   endloop
 endfacet
 facet normal  0.000000e+00  0.000000e+00 -1.000000e+00
   outer loop
     vertex  1.339040e+02 -1.186499e+02  0.000000e+00
     vertex  1.339040e+02 -1.213571e+02  0.000000e+00
     vertex  1.338212e+02 -1.214206e+02  0.000000e+00
   endloop
 endfacet
 facet normal  0.000000e+00 -0.000000e+00 -1.000000e+00
   outer loop
     vertex  1.339040e+02 -1.186499e+02  0.000000e+00
     vertex  1.340005e+02 -1.213171e+02  0.000000e+00
     vertex  1.339040e+02 -1.213571e+02  0.000000e+00
   endloop
 endfacet
 facet normal  0.000000e+00  0.000000e+00 -1.000000e+00
   outer loop
     vertex  1.337176e+02 -1.184070e+02  0.000000e+00
     vertex  1.337576e+02 -1.185035e+02  0.000000e+00
     vertex  1.337576e+02 -1.215035e+02  0.000000e+00
   endloop
 endfacet
 facet normal  0.000000e+00 -0.000000e+00 -1.000000e+00
   outer loop
     vertex  1.337176e+02 -1.184070e+02  0.000000e+00
     vertex  1.337576e+02 -1.215035e+02  0.000000e+00
     vertex  1.337176e+02 -1.215999e+02  0.000000e+00
   endloop
 endfacet
 facet normal -0.000000e+00  0.000000e+00 -1.000000e+00
   outer loop
     vertex  1.340005e+02 -1.186898e+02  0.000000e+00
     vertex  1.340005e+02 -1.213171e+02  0.000000e+00
     vertex  1.339040e+02 -1.186499e+02  0.000000e+00
   endloop
 endfacet
 facet normal  0.000000e+00  0.000000e+00 -1.000000e+00
   outer loop
     vertex  1.337040e+02 -1.183035e+02  0.000000e+00
     vertex  1.337176e+02 -1.184070e+02  0.000000e+00
     vertex  1.337176e+02 -1.215999e+02  0.000000e+00
   endloop
 endfacet
 facet normal  0.000000e+00  0.000000e+00 -1.000000e+00
   outer loop
     vertex  1.337040e+02 -1.183035e+02  0.000000e+00
     vertex  1.337176e+02 -1.215999e+02  0.000000e+00
     vertex  1.337040e+02 -1.217035e+02  0.000000e+00
   endloop
 endfacet
 facet normal -0.000000e+00  0.000000e+00 -1.000000e+00
   outer loop
     vertex  1.341040e+02 -1.187035e+02  0.000000e+00
     vertex  1.340005e+02 -1.213171e+02  0.000000e+00
     vertex  1.340005e+02 -1.186898e+02  0.000000e+00
   endloop
 endfacet
 facet normal  0.000000e+00  0.000000e+00 -1.000000e+00
   outer loop
     vertex  1.341040e+02 -1.187035e+02  0.000000e+00
     vertex  1.341040e+02 -1.213035e+02  0.000000e+00
     vertex  1.340005e+02 -1.213171e+02  0.000000e+00
   endloop
 endfacet
 facet normal  0.000000e+00 -0.000000e+00 -1.000000e+00
   outer loop
     vertex  1.342075e+02 -1.186898e+02  0.000000e+00
     vertex  1.343040e+02 -1.213571e+02  0.000000e+00
     vertex  1.342075e+02 -1.213171e+02  0.000000e+00
   endloop
 endfacet
 facet normal  0.000000e+00  0.000000e+00 -1.000000e+00
   outer loop
     vertex  1.342075e+02 -1.186898e+02  0.000000e+00
     vertex  1.341040e+02 -1.213035e+02  0.000000e+00
     vertex  1.341040e+02 -1.187035e+02  0.000000e+00
   endloop
 endfacet
 facet normal  0.000000e+00  0.000000e+00 -1.000000e+00
   outer loop
     vertex  1.342075e+02 -1.186898e+02  0.000000e+00
     vertex  1.342075e+02 -1.213171e+02  0.000000e+00
     vertex  1.341040e+02 -1.213035e+02  0.000000e+00
   endloop
 endfacet
 facet normal  0.000000e+00  0.000000e+00 -1.000000e+00
   outer loop
     vertex  1.343040e+02 -1.186499e+02  0.000000e+00
     vertex  1.343040e+02 -1.213571e+02  0.000000e+00
     vertex  1.342075e+02 -1.186898e+02  0.000000e+00
   endloop
 endfacet
 facet normal  0.000000e+00 -0.000000e+00 -1.000000e+00
   outer loop
     vertex  1.343040e+02 -1.186499e+02  0.000000e+00
     vertex  1.359040e+02 -1.213571e+02  0.000000e+00
     vertex  1.343040e+02 -1.213571e+02  0.000000e+00
   endloop
 endfacet
 facet normal -0.000000e+00  0.000000e+00 -1.000000e+00
   outer loop
     vertex  1.358212e+02 -1.185863e+02  0.000000e+00
     vertex  1.343040e+02 -1.186499e+02  0.000000e+00
     vertex  1.343868e+02 -1.185863e+02  0.000000e+00
   endloop
 endfacet
 facet normal  0.000000e+00 -0.000000e+00 -1.000000e+00
   outer loop
     vertex  1.357576e+02 -1.185035e+02  0.000000e+00
     vertex  1.358212e+02 -1.185863e+02  0.000000e+00
     vertex  1.343868e+02 -1.185863e+02  0.000000e+00
   endloop
 endfacet
 facet normal -0.000000e+00  0.000000e+00 -1.000000e+00
   outer loop
     vertex  1.357576e+02 -1.185035e+02  0.000000e+00
     vertex  1.343868e+02 -1.185863e+02  0.000000e+00
     vertex  1.344504e+02 -1.185035e+02  0.000000e+00
   endloop
 endfacet
 facet normal  0.000000e+00  0.000000e+00 -1.000000e+00
   outer loop
     vertex  1.359040e+02 -1.186499e+02  0.000000e+00
     vertex  1.343040e+02 -1.186499e+02  0.000000e+00
     vertex  1.358212e+02 -1.185863e+02  0.000000e+00
   endloop
 endfacet
 facet normal  0.000000e+00 -0.000000e+00 -1.000000e+00
   outer loop
     vertex  1.359040e+02 -1.186499e+02  0.000000e+00
     vertex  1.360005e+02 -1.213171e+02  0.000000e+00
     vertex  1.359040e+02 -1.213571e+02  0.000000e+00
   endloop
 endfacet
 facet normal -0.000000e+00  0.000000e+00 -1.000000e+00
   outer loop
     vertex  1.359040e+02 -1.186499e+02  0.000000e+00
     vertex  1.359040e+02 -1.213571e+02  0.000000e+00
     vertex  1.343040e+02 -1.186499e+02  0.000000e+00
   endloop
 endfacet
 facet normal  0.000000e+00 -0.000000e+00 -1.000000e+00
   outer loop
     vertex  1.357176e+02 -1.184070e+02  0.000000e+00
     vertex  1.357576e+02 -1.185035e+02  0.000000e+00
     vertex  1.344504e+02 -1.185035e+02  0.000000e+00
   endloop
 endfacet
 facet normal  0.000000e+00  0.000000e+00 -1.000000e+00
   outer loop
     vertex  1.357176e+02 -1.184070e+02  0.000000e+00
     vertex  1.344904e+02 -1.184070e+02  0.000000e+00
     vertex  1.345040e+02 -1.183035e+02  0.000000e+00
   endloop
 endfacet
 facet normal -0.000000e+00  0.000000e+00 -1.000000e+00
   outer loop
     vertex  1.357176e+02 -1.184070e+02  0.000000e+00
     vertex  1.344504e+02 -1.185035e+02  0.000000e+00
     vertex  1.344904e+02 -1.184070e+02  0.000000e+00
   endloop
 endfacet
 facet normal -0.000000e+00  0.000000e+00 -1.000000e+00
   outer loop
     vertex  1.360005e+02 -1.186898e+02  0.000000e+00
     vertex  1.360005e+02 -1.213171e+02  0.000000e+00
     vertex  1.359040e+02 -1.186499e+02  0.000000e+00
   endloop
 endfacet
 facet normal -0.000000e+00 -0.000000e+00 -1.000000e+00
   outer loop
     vertex  1.357040e+02 -1.183035e+02  0.000000e+00
     vertex  1.357176e+02 -1.184070e+02  0.000000e+00
     vertex  1.345040e+02 -1.183035e+02  0.000000e+00
   endloop
 endfacet
 facet normal  0.000000e+00  0.000000e+00 -1.000000e+00
   outer loop
     vertex  1.361040e+02 -1.187035e+02  0.000000e+00
     vertex  1.361040e+02 -1.213035e+02  0.000000e+00
     vertex  1.360005e+02 -1.213171e+02  0.000000e+00
   endloop
 endfacet
 facet normal -0.000000e+00  0.000000e+00 -1.000000e+00
   outer loop
     vertex  1.361040e+02 -1.187035e+02  0.000000e+00
     vertex  1.360005e+02 -1.213171e+02  0.000000e+00
     vertex  1.360005e+02 -1.186898e+02  0.000000e+00
   endloop
 endfacet
 facet normal  0.000000e+00  0.000000e+00 -1.000000e+00
   outer loop
     vertex  1.357176e+02 -1.181999e+02  0.000000e+00
     vertex  1.344904e+02 -1.181999e+02  0.000000e+00
     vertex  1.344504e+02 -1.181035e+02  0.000000e+00
   endloop
 endfacet
 facet normal -0.000000e+00  0.000000e+00 -1.000000e+00
   outer loop
     vertex  1.357176e+02 -1.181999e+02  0.000000e+00
     vertex  1.345040e+02 -1.183035e+02  0.000000e+00
     vertex  1.344904e+02 -1.181999e+02  0.000000e+00
   endloop
 endfacet
 facet normal  0.000000e+00  0.000000e+00 -1.000000e+00
   outer loop
     vertex  1.357176e+02 -1.181999e+02  0.000000e+00
     vertex  1.357040e+02 -1.183035e+02  0.000000e+00
     vertex  1.345040e+02 -1.183035e+02  0.000000e+00
   endloop
 endfacet
 facet normal  0.000000e+00  0.000000e+00 -1.000000e+00
   outer loop
     vertex  1.362075e+02 -1.186898e+02  0.000000e+00
     vertex  1.361040e+02 -1.213035e+02  0.000000e+00
     vertex  1.361040e+02 -1.187035e+02  0.000000e+00
   endloop
 endfacet
 facet normal  0.000000e+00  0.000000e+00 -1.000000e+00
   outer loop
     vertex  1.362075e+02 -1.186898e+02  0.000000e+00
     vertex  1.362075e+02 -1.213171e+02  0.000000e+00
     vertex  1.361040e+02 -1.213035e+02  0.000000e+00
   endloop
 endfacet
 facet normal -0.000000e+00  0.000000e+00 -1.000000e+00
   outer loop
     vertex  1.357576e+02 -1.181035e+02  0.000000e+00
     vertex  1.357176e+02 -1.181999e+02  0.000000e+00
     vertex  1.344504e+02 -1.181035e+02  0.000000e+00
   endloop
 endfacet
 facet normal  0.000000e+00  0.000000e+00 -1.000000e+00
   outer loop
     vertex  1.357576e+02 -1.181035e+02  0.000000e+00
     vertex  1.344504e+02 -1.181035e+02  0.000000e+00
     vertex  1.343868e+02 -1.180206e+02  0.000000e+00
   endloop
 endfacet
 facet normal  0.000000e+00  0.000000e+00 -1.000000e+00
   outer loop
     vertex  1.363040e+02 -1.186499e+02  0.000000e+00
     vertex  1.363040e+02 -1.213571e+02  0.000000e+00
     vertex  1.362075e+02 -1.213171e+02  0.000000e+00
   endloop
 endfacet
 facet normal  0.000000e+00  0.000000e+00 -1.000000e+00
   outer loop
     vertex  1.363040e+02 -1.186499e+02  0.000000e+00
     vertex  1.362075e+02 -1.213171e+02  0.000000e+00
     vertex  1.362075e+02 -1.186898e+02  0.000000e+00
   endloop
 endfacet
 facet normal -0.000000e+00  0.000000e+00 -1.000000e+00
   outer loop
     vertex  1.358212e+02 -1.180206e+02  0.000000e+00
     vertex  1.357576e+02 -1.181035e+02  0.000000e+00
     vertex  1.343868e+02 -1.180206e+02  0.000000e+00
   endloop
 endfacet
 facet normal  0.000000e+00  0.000000e+00 -1.000000e+00
   outer loop
     vertex  1.363868e+02 -1.185863e+02  0.000000e+00
     vertex  1.363868e+02 -1.214206e+02  0.000000e+00
     vertex  1.363040e+02 -1.213571e+02  0.000000e+00
   endloop
 endfacet
 facet normal  0.000000e+00  0.000000e+00 -1.000000e+00
   outer loop
     vertex  1.363868e+02 -1.185863e+02  0.000000e+00
     vertex  1.363040e+02 -1.213571e+02  0.000000e+00
     vertex  1.363040e+02 -1.186499e+02  0.000000e+00
   endloop
 endfacet
 facet normal  0.000000e+00  0.000000e+00 -1.000000e+00
   outer loop
     vertex  1.359040e+02 -1.179571e+02  0.000000e+00
     vertex  1.358212e+02 -1.180206e+02  0.000000e+00
     vertex  1.343868e+02 -1.180206e+02  0.000000e+00
   endloop
 endfacet
 facet normal -0.000000e+00  0.000000e+00 -1.000000e+00
   outer loop
     vertex  1.359040e+02 -1.179571e+02  0.000000e+00
     vertex  1.343868e+02 -1.180206e+02  0.000000e+00
     vertex  1.343040e+02 -1.179571e+02  0.000000e+00
   endloop
 endfacet
 facet normal  0.000000e+00  0.000000e+00 -1.000000e+00
   outer loop
     vertex  1.364504e+02 -1.185035e+02  0.000000e+00
     vertex  1.364504e+02 -1.215035e+02  0.000000e+00
     vertex  1.363868e+02 -1.214206e+02  0.000000e+00
   endloop
 endfacet
 facet normal  0.000000e+00 -0.000000e+00 -1.000000e+00
   outer loop
     vertex  1.364504e+02 -1.185035e+02  0.000000e+00
     vertex  1.364904e+02 -1.215999e+02  0.000000e+00
     vertex  1.364504e+02 -1.215035e+02  0.000000e+00
   endloop
 endfacet
 facet normal  0.000000e+00  0.000000e+00 -1.000000e+00
   outer loop
     vertex  1.364504e+02 -1.185035e+02  0.000000e+00
     vertex  1.363868e+02 -1.214206e+02  0.000000e+00
     vertex  1.363868e+02 -1.185863e+02  0.000000e+00
   endloop
 endfacet
 facet normal  0.000000e+00 -0.000000e+00 -1.000000e+00
   outer loop
     vertex  1.364904e+02 -1.184070e+02  0.000000e+00
     vertex  1.365040e+02 -1.217035e+02  0.000000e+00
     vertex  1.364904e+02 -1.215999e+02  0.000000e+00
   endloop
 endfacet
 facet normal  0.000000e+00  0.000000e+00 -1.000000e+00
   outer loop
     vertex  1.364904e+02 -1.184070e+02  0.000000e+00
     vertex  1.364904e+02 -1.215999e+02  0.000000e+00
     vertex  1.364504e+02 -1.185035e+02  0.000000e+00
   endloop
 endfacet
 facet normal  0.000000e+00 -0.000000e+00 -1.000000e+00
   outer loop
     vertex  1.365040e+02 -1.183035e+02  0.000000e+00
     vertex  1.365040e+02 -1.217035e+02  0.000000e+00
     vertex  1.364904e+02 -1.184070e+02  0.000000e+00
   endloop
 endfacet
 facet normal  0.000000e+00 -0.000000e+00 -1.000000e+00
   outer loop
     vertex  1.338212e+02 -1.151863e+02  0.000000e+00
     vertex  1.339040e+02 -1.179571e+02  0.000000e+00
     vertex  1.338212e+02 -1.180206e+02  0.000000e+00
   endloop
 endfacet
 facet normal  0.000000e+00  0.000000e+00 -1.000000e+00
   outer loop
     vertex  1.337576e+02 -1.151035e+02  0.000000e+00
     vertex  1.338212e+02 -1.151863e+02  0.000000e+00
     vertex  1.338212e+02 -1.180206e+02  0.000000e+00
   endloop
 endfacet
 facet normal  0.000000e+00 -0.000000e+00 -1.000000e+00
   outer loop
     vertex  1.337576e+02 -1.151035e+02  0.000000e+00
     vertex  1.338212e+02 -1.180206e+02  0.000000e+00
     vertex  1.337576e+02 -1.181035e+02  0.000000e+00
   endloop
 endfacet
 facet normal  0.000000e+00 -0.000000e+00 -1.000000e+00
   outer loop
     vertex  1.339040e+02 -1.152499e+02  0.000000e+00
     vertex  1.340005e+02 -1.179171e+02  0.000000e+00
     vertex  1.339040e+02 -1.179571e+02  0.000000e+00
   endloop
 endfacet
 facet normal -0.000000e+00  0.000000e+00 -1.000000e+00
   outer loop
     vertex  1.339040e+02 -1.152499e+02  0.000000e+00
     vertex  1.339040e+02 -1.179571e+02  0.000000e+00
     vertex  1.338212e+02 -1.151863e+02  0.000000e+00
   endloop
 endfacet
 facet normal  0.000000e+00  0.000000e+00 -1.000000e+00
   outer loop
     vertex  1.337176e+02 -1.150070e+02  0.000000e+00
     vertex  1.337576e+02 -1.151035e+02  0.000000e+00
     vertex  1.337576e+02 -1.181035e+02  0.000000e+00
   endloop
 endfacet
 facet normal  0.000000e+00 -0.000000e+00 -1.000000e+00
   outer loop
     vertex  1.337176e+02 -1.150070e+02  0.000000e+00
     vertex  1.337576e+02 -1.181035e+02  0.000000e+00
     vertex  1.337176e+02 -1.181999e+02  0.000000e+00
   endloop
 endfacet
 facet normal -0.000000e+00  0.000000e+00 -1.000000e+00
   outer loop
     vertex  1.340005e+02 -1.152898e+02  0.000000e+00
     vertex  1.340005e+02 -1.179171e+02  0.000000e+00
     vertex  1.339040e+02 -1.152499e+02  0.000000e+00
   endloop
 endfacet
 facet normal -0.000000e+00  0.000000e+00 -1.000000e+00
   outer loop
     vertex  1.341040e+02 -1.153035e+02  0.000000e+00
     vertex  1.340005e+02 -1.179171e+02  0.000000e+00
     vertex  1.340005e+02 -1.152898e+02  0.000000e+00
   endloop
 endfacet
 facet normal  0.000000e+00  0.000000e+00 -1.000000e+00
   outer loop
     vertex  1.341040e+02 -1.153035e+02  0.000000e+00
     vertex  1.341040e+02 -1.179035e+02  0.000000e+00
     vertex  1.340005e+02 -1.179171e+02  0.000000e+00
   endloop
 endfacet
 facet normal  0.000000e+00 -0.000000e+00 -1.000000e+00
   outer loop
     vertex  1.341040e+02 -1.153035e+02  0.000000e+00
     vertex  1.342075e+02 -1.179171e+02  0.000000e+00
     vertex  1.341040e+02 -1.179035e+02  0.000000e+00
   endloop
 endfacet
 facet normal  0.000000e+00  0.000000e+00 -1.000000e+00
   outer loop
     vertex  1.603180e+02 -1.414894e+02  0.000000e+00
     vertex  1.343916e+02 -1.414894e+02  0.000000e+00
     vertex  1.358133e+02 -1.382285e+02  0.000000e+00
   endloop
 endfacet
 facet normal  0.000000e+00  0.000000e+00 -1.000000e+00
   outer loop
     vertex  1.603180e+02 -1.414894e+02  0.000000e+00
     vertex  1.359182e+02 -1.379752e+02  0.000000e+00
     vertex  1.359540e+02 -1.377035e+02  0.000000e+00
   endloop
 endfacet
 facet normal  0.000000e+00  0.000000e+00 -1.000000e+00
   outer loop
     vertex  1.603180e+02 -1.414894e+02  0.000000e+00
     vertex  1.358133e+02 -1.382285e+02  0.000000e+00
     vertex  1.359182e+02 -1.379752e+02  0.000000e+00
   endloop
 endfacet
 facet normal  0.000000e+00  0.000000e+00 -1.000000e+00
   outer loop
     vertex  1.603180e+02 -1.414894e+02  0.000000e+00
     vertex  1.359540e+02 -1.377035e+02  0.000000e+00
     vertex  1.364904e+02 -1.320070e+02  0.000000e+00
   endloop
 endfacet
 facet normal  0.000000e+00  0.000000e+00 -1.000000e+00
   outer loop
     vertex  1.603180e+02 -1.414894e+02  0.000000e+00
     vertex  1.365040e+02 -1.319035e+02  0.000000e+00
     vertex  1.365040e+02 -1.285035e+02  0.000000e+00
   endloop
 endfacet
 facet normal  0.000000e+00  0.000000e+00 -1.000000e+00
   outer loop
     vertex  1.603180e+02 -1.414894e+02  0.000000e+00
     vertex  1.364904e+02 -1.320070e+02  0.000000e+00
     vertex  1.365040e+02 -1.319035e+02  0.000000e+00
   endloop
 endfacet
 facet normal  0.000000e+00  0.000000e+00 -1.000000e+00
   outer loop
     vertex  1.603180e+02 -1.414894e+02  0.000000e+00
     vertex  1.365040e+02 -1.251035e+02  0.000000e+00
     vertex  1.365040e+02 -1.217035e+02  0.000000e+00
   endloop
 endfacet
 facet normal  0.000000e+00  0.000000e+00 -1.000000e+00
   outer loop
     vertex  1.603180e+02 -1.414894e+02  0.000000e+00
     vertex  1.365040e+02 -1.285035e+02  0.000000e+00
     vertex  1.365040e+02 -1.251035e+02  0.000000e+00
   endloop
 endfacet
 facet normal  0.000000e+00  0.000000e+00 -1.000000e+00
   outer loop
     vertex  1.342075e+02 -1.152898e+02  0.000000e+00
     vertex  1.342075e+02 -1.179171e+02  0.000000e+00
     vertex  1.341040e+02 -1.153035e+02  0.000000e+00
   endloop
 endfacet
 facet normal  0.000000e+00  0.000000e+00 -1.000000e+00
   outer loop
     vertex  1.312698e+02 -1.122884e+02  0.000000e+00
     vertex  1.337040e+02 -1.183035e+02  0.000000e+00
     vertex  1.337040e+02 -1.217035e+02  0.000000e+00
   endloop
 endfacet
 facet normal  0.000000e+00  0.000000e+00 -1.000000e+00
   outer loop
     vertex  1.312698e+02 -1.122884e+02  0.000000e+00
     vertex  1.337040e+02 -1.217035e+02  0.000000e+00
     vertex  1.337040e+02 -1.251035e+02  0.000000e+00
   endloop
 endfacet
 facet normal  0.000000e+00  0.000000e+00 -1.000000e+00
   outer loop
     vertex  1.312698e+02 -1.122884e+02  0.000000e+00
     vertex  1.337176e+02 -1.150070e+02  0.000000e+00
     vertex  1.337176e+02 -1.181999e+02  0.000000e+00
   endloop
 endfacet
 facet normal  0.000000e+00  0.000000e+00 -1.000000e+00
   outer loop
     vertex  1.312698e+02 -1.122884e+02  0.000000e+00
     vertex  1.337040e+02 -1.251035e+02  0.000000e+00
     vertex  1.312698e+02 -1.383676e+02  0.000000e+00
   endloop
 endfacet
 facet normal  0.000000e+00  0.000000e+00 -1.000000e+00
   outer loop
     vertex  1.312698e+02 -1.122884e+02  0.000000e+00
     vertex  1.337176e+02 -1.181999e+02  0.000000e+00
     vertex  1.337040e+02 -1.183035e+02  0.000000e+00
   endloop
 endfacet
 facet normal  0.000000e+00  0.000000e+00 -1.000000e+00
   outer loop
     vertex  1.312698e+02 -1.122884e+02  0.000000e+00
     vertex  1.337040e+02 -1.149035e+02  0.000000e+00
     vertex  1.337176e+02 -1.150070e+02  0.000000e+00
   endloop
 endfacet
 facet normal  0.000000e+00  0.000000e+00 -1.000000e+00
   outer loop
     vertex  1.312698e+02 -1.122884e+02  0.000000e+00
     vertex  1.337176e+02 -1.147999e+02  0.000000e+00
     vertex  1.337040e+02 -1.149035e+02  0.000000e+00
   endloop
 endfacet
 facet normal -0.000000e+00  0.000000e+00 -1.000000e+00
   outer loop
     vertex  1.337576e+02 -1.147035e+02  0.000000e+00
     vertex  1.337176e+02 -1.147999e+02  0.000000e+00
     vertex  1.312698e+02 -1.122884e+02  0.000000e+00
   endloop
 endfacet
 facet normal  0.000000e+00  0.000000e+00 -1.000000e+00
   outer loop
     vertex  1.343040e+02 -1.152499e+02  0.000000e+00
     vertex  1.342075e+02 -1.179171e+02  0.000000e+00
     vertex  1.342075e+02 -1.152898e+02  0.000000e+00
   endloop
 endfacet
 facet normal  0.000000e+00  0.000000e+00 -1.000000e+00
   outer loop
     vertex  1.343040e+02 -1.152499e+02  0.000000e+00
     vertex  1.343040e+02 -1.179571e+02  0.000000e+00
     vertex  1.342075e+02 -1.179171e+02  0.000000e+00
   endloop
 endfacet
 facet normal  0.000000e+00 -0.000000e+00 -1.000000e+00
   outer loop
     vertex  1.343040e+02 -1.152499e+02  0.000000e+00
     vertex  1.359040e+02 -1.179571e+02  0.000000e+00
     vertex  1.343040e+02 -1.179571e+02  0.000000e+00
   endloop
 endfacet
 facet normal  0.000000e+00  0.000000e+00 -1.000000e+00
   outer loop
     vertex  1.338212e+02 -1.146206e+02  0.000000e+00
     vertex  1.312698e+02 -1.122884e+02  0.000000e+00
     vertex  1.313037e+02 -1.122503e+02  0.000000e+00
   endloop
 endfacet
 facet normal -0.000000e+00  0.000000e+00 -1.000000e+00
   outer loop
     vertex  1.338212e+02 -1.146206e+02  0.000000e+00
     vertex  1.337576e+02 -1.147035e+02  0.000000e+00
     vertex  1.312698e+02 -1.122884e+02  0.000000e+00
   endloop
 endfacet
 facet normal -0.000000e+00  0.000000e+00 -1.000000e+00
   outer loop
     vertex  1.339040e+02 -1.145571e+02  0.000000e+00
     vertex  1.338212e+02 -1.146206e+02  0.000000e+00
     vertex  1.313037e+02 -1.122503e+02  0.000000e+00
   endloop
 endfacet
 facet normal -0.000000e+00  0.000000e+00 -1.000000e+00
   outer loop
     vertex  1.340005e+02 -1.145171e+02  0.000000e+00
     vertex  1.339040e+02 -1.145571e+02  0.000000e+00
     vertex  1.313037e+02 -1.122503e+02  0.000000e+00
   endloop
 endfacet
 facet normal -0.000000e+00  0.000000e+00 -1.000000e+00
   outer loop
     vertex  1.341040e+02 -1.145035e+02  0.000000e+00
     vertex  1.340005e+02 -1.145171e+02  0.000000e+00
     vertex  1.313037e+02 -1.122503e+02  0.000000e+00
   endloop
 endfacet
 facet normal -0.000000e+00  0.000000e+00 -1.000000e+00
   outer loop
     vertex  1.357576e+02 -1.151035e+02  0.000000e+00
     vertex  1.343868e+02 -1.151863e+02  0.000000e+00
     vertex  1.344504e+02 -1.151035e+02  0.000000e+00
   endloop
 endfacet
 facet normal  0.000000e+00 -0.000000e+00 -1.000000e+00
   outer loop
     vertex  1.357576e+02 -1.151035e+02  0.000000e+00
     vertex  1.358212e+02 -1.151863e+02  0.000000e+00
     vertex  1.343868e+02 -1.151863e+02  0.000000e+00
   endloop
 endfacet
 facet normal  0.000000e+00  0.000000e+00 -1.000000e+00
   outer loop
     vertex  1.359040e+02 -1.152499e+02  0.000000e+00
     vertex  1.343040e+02 -1.152499e+02  0.000000e+00
     vertex  1.343868e+02 -1.151863e+02  0.000000e+00
   endloop
 endfacet
 facet normal  0.000000e+00  0.000000e+00 -1.000000e+00
   outer loop
     vertex  1.359040e+02 -1.152499e+02  0.000000e+00
     vertex  1.343868e+02 -1.151863e+02  0.000000e+00
     vertex  1.358212e+02 -1.151863e+02  0.000000e+00
   endloop
 endfacet
 facet normal -0.000000e+00  0.000000e+00 -1.000000e+00
   outer loop
     vertex  1.359040e+02 -1.152499e+02  0.000000e+00
     vertex  1.359040e+02 -1.179571e+02  0.000000e+00
     vertex  1.343040e+02 -1.152499e+02  0.000000e+00
   endloop
 endfacet
 facet normal -0.000000e+00  0.000000e+00 -1.000000e+00
   outer loop
     vertex  1.357176e+02 -1.150070e+02  0.000000e+00
     vertex  1.344504e+02 -1.151035e+02  0.000000e+00
     vertex  1.344904e+02 -1.150070e+02  0.000000e+00
   endloop
 endfacet
 facet normal  0.000000e+00 -0.000000e+00 -1.000000e+00
   outer loop
     vertex  1.357176e+02 -1.150070e+02  0.000000e+00
     vertex  1.357576e+02 -1.151035e+02  0.000000e+00
     vertex  1.344504e+02 -1.151035e+02  0.000000e+00
   endloop
 endfacet
 facet normal -0.000000e+00  0.000000e+00 -1.000000e+00
   outer loop
     vertex  1.360005e+02 -1.152898e+02  0.000000e+00
     vertex  1.359040e+02 -1.179571e+02  0.000000e+00
     vertex  1.359040e+02 -1.152499e+02  0.000000e+00
   endloop
 endfacet
 facet normal  0.000000e+00  0.000000e+00 -1.000000e+00
   outer loop
     vertex  1.360005e+02 -1.152898e+02  0.000000e+00
     vertex  1.360005e+02 -1.179171e+02  0.000000e+00
     vertex  1.359040e+02 -1.179571e+02  0.000000e+00
   endloop
 endfacet
 facet normal -0.000000e+00  0.000000e+00 -1.000000e+00
   outer loop
     vertex  1.357040e+02 -1.149035e+02  0.000000e+00
     vertex  1.344904e+02 -1.150070e+02  0.000000e+00
     vertex  1.345040e+02 -1.149035e+02  0.000000e+00
   endloop
 endfacet
 facet normal  0.000000e+00 -0.000000e+00 -1.000000e+00
   outer loop
     vertex  1.357040e+02 -1.149035e+02  0.000000e+00
     vertex  1.357176e+02 -1.150070e+02  0.000000e+00
     vertex  1.344904e+02 -1.150070e+02  0.000000e+00
   endloop
 endfacet
 facet normal  0.000000e+00  0.000000e+00 -1.000000e+00
   outer loop
     vertex  1.361040e+02 -1.153035e+02  0.000000e+00
     vertex  1.361040e+02 -1.179035e+02  0.000000e+00
     vertex  1.360005e+02 -1.179171e+02  0.000000e+00
   endloop
 endfacet
 facet normal  0.000000e+00 -0.000000e+00 -1.000000e+00
   outer loop
     vertex  1.361040e+02 -1.153035e+02  0.000000e+00
     vertex  1.362075e+02 -1.179171e+02  0.000000e+00
     vertex  1.361040e+02 -1.179035e+02  0.000000e+00
   endloop
 endfacet
 facet normal -0.000000e+00  0.000000e+00 -1.000000e+00
   outer loop
     vertex  1.361040e+02 -1.153035e+02  0.000000e+00
     vertex  1.360005e+02 -1.179171e+02  0.000000e+00
     vertex  1.360005e+02 -1.152898e+02  0.000000e+00
   endloop
 endfacet
 facet normal  0.000000e+00  0.000000e+00 -1.000000e+00
   outer loop
     vertex  1.357176e+02 -1.147999e+02  0.000000e+00
     vertex  1.357040e+02 -1.149035e+02  0.000000e+00
     vertex  1.345040e+02 -1.149035e+02  0.000000e+00
   endloop
 endfacet
 facet normal -0.000000e+00  0.000000e+00 -1.000000e+00
   outer loop
     vertex  1.357176e+02 -1.147999e+02  0.000000e+00
     vertex  1.345040e+02 -1.149035e+02  0.000000e+00
     vertex  1.344904e+02 -1.147999e+02  0.000000e+00
   endloop
 endfacet
 facet normal  0.000000e+00  0.000000e+00 -1.000000e+00
   outer loop
     vertex  1.362075e+02 -1.152898e+02  0.000000e+00
     vertex  1.362075e+02 -1.179171e+02  0.000000e+00
     vertex  1.361040e+02 -1.153035e+02  0.000000e+00
   endloop
 endfacet
 facet normal  0.000000e+00  0.000000e+00 -1.000000e+00
   outer loop
     vertex  1.357576e+02 -1.147035e+02  0.000000e+00
     vertex  1.357176e+02 -1.147999e+02  0.000000e+00
     vertex  1.344904e+02 -1.147999e+02  0.000000e+00
   endloop
 endfacet
 facet normal  0.000000e+00  0.000000e+00 -1.000000e+00
   outer loop
     vertex  1.357576e+02 -1.147035e+02  0.000000e+00
     vertex  1.344504e+02 -1.147035e+02  0.000000e+00
     vertex  1.343868e+02 -1.146206e+02  0.000000e+00
   endloop
 endfacet
 facet normal -0.000000e+00  0.000000e+00 -1.000000e+00
   outer loop
     vertex  1.357576e+02 -1.147035e+02  0.000000e+00
     vertex  1.344904e+02 -1.147999e+02  0.000000e+00
     vertex  1.344504e+02 -1.147035e+02  0.000000e+00
   endloop
 endfacet
 facet normal  0.000000e+00  0.000000e+00 -1.000000e+00
   outer loop
     vertex  1.363040e+02 -1.152499e+02  0.000000e+00
     vertex  1.362075e+02 -1.179171e+02  0.000000e+00
     vertex  1.362075e+02 -1.152898e+02  0.000000e+00
   endloop
 endfacet
 facet normal  0.000000e+00  0.000000e+00 -1.000000e+00
   outer loop
     vertex  1.363040e+02 -1.152499e+02  0.000000e+00
     vertex  1.363040e+02 -1.179571e+02  0.000000e+00
     vertex  1.362075e+02 -1.179171e+02  0.000000e+00
   endloop
 endfacet
 facet normal -0.000000e+00  0.000000e+00 -1.000000e+00
   outer loop
     vertex  1.358212e+02 -1.146206e+02  0.000000e+00
     vertex  1.357576e+02 -1.147035e+02  0.000000e+00
     vertex  1.343868e+02 -1.146206e+02  0.000000e+00
   endloop
 endfacet
 facet normal  0.000000e+00  0.000000e+00 -1.000000e+00
   outer loop
     vertex  1.363868e+02 -1.151863e+02  0.000000e+00
     vertex  1.363868e+02 -1.180206e+02  0.000000e+00
     vertex  1.363040e+02 -1.179571e+02  0.000000e+00
   endloop
 endfacet
 facet normal  0.000000e+00  0.000000e+00 -1.000000e+00
   outer loop
     vertex  1.363868e+02 -1.151863e+02  0.000000e+00
     vertex  1.363040e+02 -1.179571e+02  0.000000e+00
     vertex  1.363040e+02 -1.152499e+02  0.000000e+00
   endloop
 endfacet
 facet normal  0.000000e+00  0.000000e+00 -1.000000e+00
   outer loop
     vertex  1.359040e+02 -1.145571e+02  0.000000e+00
     vertex  1.358212e+02 -1.146206e+02  0.000000e+00
     vertex  1.343868e+02 -1.146206e+02  0.000000e+00
   endloop
 endfacet
 facet normal -0.000000e+00  0.000000e+00 -1.000000e+00
   outer loop
     vertex  1.359040e+02 -1.145571e+02  0.000000e+00
     vertex  1.343868e+02 -1.146206e+02  0.000000e+00
     vertex  1.343040e+02 -1.145571e+02  0.000000e+00
   endloop
 endfacet
 facet normal  0.000000e+00  0.000000e+00 -1.000000e+00
   outer loop
     vertex  1.364504e+02 -1.151035e+02  0.000000e+00
     vertex  1.363868e+02 -1.180206e+02  0.000000e+00
     vertex  1.363868e+02 -1.151863e+02  0.000000e+00
   endloop
 endfacet
 facet normal  0.000000e+00  0.000000e+00 -1.000000e+00
   outer loop
     vertex  1.364504e+02 -1.151035e+02  0.000000e+00
     vertex  1.364504e+02 -1.181035e+02  0.000000e+00
     vertex  1.363868e+02 -1.180206e+02  0.000000e+00
   endloop
 endfacet
 facet normal  0.000000e+00  0.000000e+00 -1.000000e+00
   outer loop
     vertex  1.360005e+02 -1.145171e+02  0.000000e+00
     vertex  1.359040e+02 -1.145571e+02  0.000000e+00
     vertex  1.343040e+02 -1.145571e+02  0.000000e+00
   endloop
 endfacet
 facet normal -0.000000e+00  0.000000e+00 -1.000000e+00
   outer loop
     vertex  1.360005e+02 -1.145171e+02  0.000000e+00
     vertex  1.343040e+02 -1.145571e+02  0.000000e+00
     vertex  1.342075e+02 -1.145171e+02  0.000000e+00
   endloop
 endfacet
 facet normal  0.000000e+00  0.000000e+00 -1.000000e+00
   outer loop
     vertex  1.364904e+02 -1.150070e+02  0.000000e+00
     vertex  1.364504e+02 -1.181035e+02  0.000000e+00
     vertex  1.364504e+02 -1.151035e+02  0.000000e+00
   endloop
 endfacet
 facet normal  0.000000e+00  0.000000e+00 -1.000000e+00
   outer loop
     vertex  1.364904e+02 -1.150070e+02  0.000000e+00
     vertex  1.364904e+02 -1.181999e+02  0.000000e+00
     vertex  1.364504e+02 -1.181035e+02  0.000000e+00
   endloop
 endfacet
 facet normal  0.000000e+00 -0.000000e+00 -1.000000e+00
   outer loop
     vertex  1.364904e+02 -1.150070e+02  0.000000e+00
     vertex  1.365040e+02 -1.183035e+02  0.000000e+00
     vertex  1.364904e+02 -1.181999e+02  0.000000e+00
   endloop
 endfacet
 facet normal  0.000000e+00 -0.000000e+00 -1.000000e+00
   outer loop
     vertex  1.365040e+02 -1.149035e+02  0.000000e+00
     vertex  1.365040e+02 -1.183035e+02  0.000000e+00
     vertex  1.364904e+02 -1.150070e+02  0.000000e+00
   endloop
 endfacet
 facet normal  0.000000e+00 -0.000000e+00 -1.000000e+00
   outer loop
     vertex  1.336511e+02 -1.096421e+02  0.000000e+00
     vertex  1.341040e+02 -1.145035e+02  0.000000e+00
     vertex  1.313037e+02 -1.122503e+02  0.000000e+00
   endloop
 endfacet
 facet normal  0.000000e+00  0.000000e+00 -1.000000e+00
   outer loop
     vertex  1.336511e+02 -1.096421e+02  0.000000e+00
     vertex  1.361040e+02 -1.145035e+02  0.000000e+00
     vertex  1.360005e+02 -1.145171e+02  0.000000e+00
   endloop
 endfacet
 facet normal  0.000000e+00  0.000000e+00 -1.000000e+00
   outer loop
     vertex  1.336511e+02 -1.096421e+02  0.000000e+00
     vertex  1.362075e+02 -1.145171e+02  0.000000e+00
     vertex  1.361040e+02 -1.145035e+02  0.000000e+00
   endloop
 endfacet
 facet normal  0.000000e+00  0.000000e+00 -1.000000e+00
   outer loop
     vertex  1.336511e+02 -1.096421e+02  0.000000e+00
     vertex  1.363040e+02 -1.145571e+02  0.000000e+00
     vertex  1.362075e+02 -1.145171e+02  0.000000e+00
   endloop
 endfacet
 facet normal  0.000000e+00  0.000000e+00 -1.000000e+00
   outer loop
     vertex  1.336511e+02 -1.096421e+02  0.000000e+00
     vertex  1.363868e+02 -1.146206e+02  0.000000e+00
     vertex  1.363040e+02 -1.145571e+02  0.000000e+00
   endloop
 endfacet
 facet normal  0.000000e+00  0.000000e+00 -1.000000e+00
   outer loop
     vertex  1.336511e+02 -1.096421e+02  0.000000e+00
     vertex  1.360005e+02 -1.145171e+02  0.000000e+00
     vertex  1.342075e+02 -1.145171e+02  0.000000e+00
   endloop
 endfacet
 facet normal  0.000000e+00  0.000000e+00 -1.000000e+00
   outer loop
     vertex  1.336511e+02 -1.096421e+02  0.000000e+00
     vertex  1.342075e+02 -1.145171e+02  0.000000e+00
     vertex  1.341040e+02 -1.145035e+02  0.000000e+00
   endloop
 endfacet
 facet normal  0.000000e+00  0.000000e+00 -1.000000e+00
   outer loop
     vertex  1.343040e+02 -8.544988e+01  0.000000e+00
     vertex  1.313037e+02 -8.887967e+01  0.000000e+00
     vertex  1.312698e+02 -8.884157e+01  0.000000e+00
   endloop
 endfacet
 facet normal -0.000000e+00  0.000000e+00 -1.000000e+00
   outer loop
     vertex  1.343040e+02 -8.544988e+01  0.000000e+00
     vertex  1.312698e+02 -8.884157e+01  0.000000e+00
     vertex  1.342212e+02 -8.538631e+01  0.000000e+00
   endloop
 endfacet
 facet normal  0.000000e+00 -0.000000e+00 -1.000000e+00
   outer loop
     vertex  1.341576e+02 -8.530347e+01  0.000000e+00
     vertex  1.342212e+02 -8.538631e+01  0.000000e+00
     vertex  1.312698e+02 -8.884157e+01  0.000000e+00
   endloop
 endfacet
 facet normal -0.000000e+00  0.000000e+00 -1.000000e+00
   outer loop
     vertex  1.344005e+02 -8.548984e+01  0.000000e+00
     vertex  1.313037e+02 -8.887967e+01  0.000000e+00
     vertex  1.343040e+02 -8.544988e+01  0.000000e+00
   endloop
 endfacet
 facet normal  0.000000e+00 -0.000000e+00 -1.000000e+00
   outer loop
     vertex  1.341176e+02 -8.520700e+01  0.000000e+00
     vertex  1.341576e+02 -8.530347e+01  0.000000e+00
     vertex  1.312698e+02 -8.884157e+01  0.000000e+00
   endloop
 endfacet
 facet normal  0.000000e+00  0.000000e+00 -1.000000e+00
   outer loop
     vertex  1.345040e+02 -8.550347e+01  0.000000e+00
     vertex  1.336511e+02 -9.148767e+01  0.000000e+00
     vertex  1.313037e+02 -8.887967e+01  0.000000e+00
   endloop
 endfacet
 facet normal -0.000000e+00  0.000000e+00 -1.000000e+00
   outer loop
     vertex  1.345040e+02 -8.550347e+01  0.000000e+00
     vertex  1.313037e+02 -8.887967e+01  0.000000e+00
     vertex  1.344005e+02 -8.548984e+01  0.000000e+00
   endloop
 endfacet
 facet normal  0.000000e+00 -0.000000e+00 -1.000000e+00
   outer loop
     vertex  1.341040e+02 -8.510347e+01  0.000000e+00
     vertex  1.341176e+02 -8.520700e+01  0.000000e+00
     vertex  1.312698e+02 -8.884157e+01  0.000000e+00
   endloop
 endfacet
 facet normal  0.000000e+00  0.000000e+00 -1.000000e+00
   outer loop
     vertex  1.346075e+02 -8.548984e+01  0.000000e+00
     vertex  1.336511e+02 -9.148767e+01  0.000000e+00
     vertex  1.345040e+02 -8.550347e+01  0.000000e+00
   endloop
 endfacet
 facet normal  0.000000e+00  0.000000e+00 -1.000000e+00
   outer loop
     vertex  1.341176e+02 -8.499994e+01  0.000000e+00
     vertex  1.341040e+02 -8.510347e+01  0.000000e+00
     vertex  1.312698e+02 -8.884157e+01  0.000000e+00
   endloop
 endfacet
 facet normal  0.000000e+00  0.000000e+00 -1.000000e+00
   outer loop
     vertex  1.347040e+02 -8.544988e+01  0.000000e+00
     vertex  1.336511e+02 -9.148767e+01  0.000000e+00
     vertex  1.346075e+02 -8.548984e+01  0.000000e+00
   endloop
 endfacet
 facet normal  0.000000e+00 -0.000000e+00 -1.000000e+00
   outer loop
     vertex  1.343040e+02 -8.344988e+01  0.000000e+00
     vertex  1.343040e+02 -8.475706e+01  0.000000e+00
     vertex  1.342212e+02 -8.482063e+01  0.000000e+00
   endloop
 endfacet
 facet normal -0.000000e+00  0.000000e+00 -1.000000e+00
   outer loop
     vertex  1.343040e+02 -8.344988e+01  0.000000e+00
     vertex  1.342212e+02 -8.482063e+01  0.000000e+00
     vertex  1.342212e+02 -8.338631e+01  0.000000e+00
   endloop
 endfacet
 facet normal  0.000000e+00  0.000000e+00 -1.000000e+00
   outer loop
     vertex  1.343040e+02 -8.344988e+01  0.000000e+00
     vertex  1.344005e+02 -8.471710e+01  0.000000e+00
     vertex  1.343040e+02 -8.475706e+01  0.000000e+00
   endloop
 endfacet
 facet normal  0.000000e+00  0.000000e+00 -1.000000e+00
   outer loop
     vertex  1.341576e+02 -8.330347e+01  0.000000e+00
     vertex  1.342212e+02 -8.482063e+01  0.000000e+00
     vertex  1.341576e+02 -8.490347e+01  0.000000e+00
   endloop
 endfacet
 facet normal  0.000000e+00  0.000000e+00 -1.000000e+00
   outer loop
     vertex  1.341576e+02 -8.330347e+01  0.000000e+00
     vertex  1.342212e+02 -8.338631e+01  0.000000e+00
     vertex  1.342212e+02 -8.482063e+01  0.000000e+00
   endloop
 endfacet
 facet normal -0.000000e+00 -0.000000e+00 -1.000000e+00
   outer loop
     vertex  1.344005e+02 -8.348984e+01  0.000000e+00
     vertex  1.344005e+02 -8.471710e+01  0.000000e+00
     vertex  1.343040e+02 -8.344988e+01  0.000000e+00
   endloop
 endfacet
 facet normal  0.000000e+00 -0.000000e+00 -1.000000e+00
   outer loop
     vertex  1.341176e+02 -8.320700e+01  0.000000e+00
     vertex  1.341176e+02 -8.499994e+01  0.000000e+00
     vertex  1.312698e+02 -8.884157e+01  0.000000e+00
   endloop
 endfacet
 facet normal  0.000000e+00  0.000000e+00 -1.000000e+00
   outer loop
     vertex  1.341176e+02 -8.320700e+01  0.000000e+00
     vertex  1.341576e+02 -8.490347e+01  0.000000e+00
     vertex  1.341176e+02 -8.499994e+01  0.000000e+00
   endloop
 endfacet
 facet normal  0.000000e+00  0.000000e+00 -1.000000e+00
   outer loop
     vertex  1.341176e+02 -8.320700e+01  0.000000e+00
     vertex  1.341576e+02 -8.330347e+01  0.000000e+00
     vertex  1.341576e+02 -8.490347e+01  0.000000e+00
   endloop
 endfacet
 facet normal  0.000000e+00 -0.000000e+00 -1.000000e+00
   outer loop
     vertex  1.345040e+02 -8.350347e+01  0.000000e+00
     vertex  1.345040e+02 -8.470347e+01  0.000000e+00
     vertex  1.344005e+02 -8.471710e+01  0.000000e+00
   endloop
 endfacet
 facet normal  0.000000e+00  0.000000e+00 -1.000000e+00
   outer loop
     vertex  1.345040e+02 -8.350347e+01  0.000000e+00
     vertex  1.346075e+02 -8.471710e+01  0.000000e+00
     vertex  1.345040e+02 -8.470347e+01  0.000000e+00
   endloop
 endfacet
 facet normal -0.000000e+00  0.000000e+00 -1.000000e+00
   outer loop
     vertex  1.345040e+02 -8.350347e+01  0.000000e+00
     vertex  1.344005e+02 -8.471710e+01  0.000000e+00
     vertex  1.344005e+02 -8.348984e+01  0.000000e+00
   endloop
 endfacet
 facet normal  0.000000e+00 -0.000000e+00 -1.000000e+00
   outer loop
     vertex  1.341040e+02 -8.310347e+01  0.000000e+00
     vertex  1.341176e+02 -8.320700e+01  0.000000e+00
     vertex  1.312698e+02 -8.884157e+01  0.000000e+00
   endloop
 endfacet
 facet normal  0.000000e+00 -0.000000e+00 -1.000000e+00
   outer loop
     vertex  1.346075e+02 -8.348984e+01  0.000000e+00
     vertex  1.346075e+02 -8.471710e+01  0.000000e+00
     vertex  1.345040e+02 -8.350347e+01  0.000000e+00
   endloop
 endfacet
 facet normal  0.000000e+00  0.000000e+00 -1.000000e+00
   outer loop
     vertex  1.505895e+02 -9.935702e+01  0.000000e+00
     vertex  1.363868e+02 -1.146206e+02  0.000000e+00
     vertex  1.336511e+02 -1.096421e+02  0.000000e+00
   endloop
 endfacet
 facet normal  0.000000e+00 -0.000000e+00 -1.000000e+00
   outer loop
     vertex  1.347040e+02 -8.344988e+01  0.000000e+00
     vertex  1.347040e+02 -8.475706e+01  0.000000e+00
     vertex  1.346075e+02 -8.471710e+01  0.000000e+00
   endloop
 endfacet
 facet normal  0.000000e+00  0.000000e+00 -1.000000e+00
   outer loop
     vertex  1.347040e+02 -8.344988e+01  0.000000e+00
     vertex  1.347868e+02 -8.482063e+01  0.000000e+00
     vertex  1.347040e+02 -8.475706e+01  0.000000e+00
   endloop
 endfacet
 facet normal  0.000000e+00  0.000000e+00 -1.000000e+00
   outer loop
     vertex  1.347040e+02 -8.344988e+01  0.000000e+00
     vertex  1.346075e+02 -8.471710e+01  0.000000e+00
     vertex  1.346075e+02 -8.348984e+01  0.000000e+00
   endloop
 endfacet
 facet normal  0.000000e+00  0.000000e+00 -1.000000e+00
   outer loop
     vertex  1.506930e+02 -9.943648e+01  0.000000e+00
     vertex  1.364504e+02 -1.147035e+02  0.000000e+00
     vertex  1.363868e+02 -1.146206e+02  0.000000e+00
   endloop
 endfacet
 facet normal -0.000000e+00  0.000000e+00 -1.000000e+00
   outer loop
     vertex  1.506930e+02 -9.943648e+01  0.000000e+00
     vertex  1.363868e+02 -1.146206e+02  0.000000e+00
     vertex  1.505895e+02 -9.935702e+01  0.000000e+00
   endloop
 endfacet
 facet normal  0.000000e+00 -0.000000e+00 -1.000000e+00
   outer loop
     vertex  1.505100e+02 -9.925347e+01  0.000000e+00
     vertex  1.505895e+02 -9.935702e+01  0.000000e+00
     vertex  1.336511e+02 -1.096421e+02  0.000000e+00
   endloop
 endfacet
 facet normal  0.000000e+00  0.000000e+00 -1.000000e+00
   outer loop
     vertex  1.508136e+02 -9.948643e+01  0.000000e+00
     vertex  1.364904e+02 -1.147999e+02  0.000000e+00
     vertex  1.364504e+02 -1.147035e+02  0.000000e+00
   endloop
 endfacet
 facet normal -0.000000e+00  0.000000e+00 -1.000000e+00
   outer loop
     vertex  1.508136e+02 -9.948643e+01  0.000000e+00
     vertex  1.364504e+02 -1.147035e+02  0.000000e+00
     vertex  1.506930e+02 -9.943648e+01  0.000000e+00
   endloop
 endfacet
 facet normal -0.000000e+00  0.000000e+00 -1.000000e+00
   outer loop
     vertex  1.504601e+02 -9.913288e+01  0.000000e+00
     vertex  1.336511e+02 -1.096421e+02  0.000000e+00
     vertex  1.336511e+02 -9.148767e+01  0.000000e+00
   endloop
 endfacet
 facet normal  0.000000e+00 -0.000000e+00 -1.000000e+00
   outer loop
     vertex  1.504601e+02 -9.913288e+01  0.000000e+00
     vertex  1.505100e+02 -9.925347e+01  0.000000e+00
     vertex  1.336511e+02 -1.096421e+02  0.000000e+00
   endloop
 endfacet
 facet normal  0.000000e+00  0.000000e+00 -1.000000e+00
   outer loop
     vertex  1.347868e+02 -8.338631e+01  0.000000e+00
     vertex  1.348504e+02 -8.490347e+01  0.000000e+00
     vertex  1.347868e+02 -8.482063e+01  0.000000e+00
   endloop
 endfacet
 facet normal  0.000000e+00 -0.000000e+00 -1.000000e+00
   outer loop
     vertex  1.347868e+02 -8.338631e+01  0.000000e+00
     vertex  1.347868e+02 -8.482063e+01  0.000000e+00
     vertex  1.347040e+02 -8.344988e+01  0.000000e+00
   endloop
 endfacet
 facet normal  0.000000e+00  0.000000e+00 -1.000000e+00
   outer loop
     vertex  1.509430e+02 -9.950347e+01  0.000000e+00
     vertex  1.365040e+02 -1.149035e+02  0.000000e+00
     vertex  1.364904e+02 -1.147999e+02  0.000000e+00
   endloop
 endfacet
 facet normal -0.000000e+00  0.000000e+00 -1.000000e+00
   outer loop
     vertex  1.509430e+02 -9.950347e+01  0.000000e+00
     vertex  1.364904e+02 -1.147999e+02  0.000000e+00
     vertex  1.508136e+02 -9.948643e+01  0.000000e+00
   endloop
 endfacet
 facet normal -0.000000e+00 -0.000000e+00 -1.000000e+00
   outer loop
     vertex  1.504430e+02 -9.900347e+01  0.000000e+00
     vertex  1.504601e+02 -9.913288e+01  0.000000e+00
     vertex  1.336511e+02 -9.148767e+01  0.000000e+00
   endloop
 endfacet
 facet normal  0.000000e+00 -0.000000e+00 -1.000000e+00
   outer loop
     vertex  1.348504e+02 -8.330347e+01  0.000000e+00
     vertex  1.348504e+02 -8.490347e+01  0.000000e+00
     vertex  1.347868e+02 -8.338631e+01  0.000000e+00
   endloop
 endfacet
 facet normal -0.000000e+00  0.000000e+00 -1.000000e+00
   outer loop
     vertex  1.504601e+02 -9.887406e+01  0.000000e+00
     vertex  1.504430e+02 -9.900347e+01  0.000000e+00
     vertex  1.336511e+02 -9.148767e+01  0.000000e+00
   endloop
 endfacet
 facet normal -0.000000e+00  0.000000e+00 -1.000000e+00
   outer loop
     vertex  1.505100e+02 -9.875347e+01  0.000000e+00
     vertex  1.504601e+02 -9.887406e+01  0.000000e+00
     vertex  1.336511e+02 -9.148767e+01  0.000000e+00
   endloop
 endfacet
 facet normal -0.000000e+00  0.000000e+00 -1.000000e+00
   outer loop
     vertex  1.380212e+02 -8.538631e+01  0.000000e+00
     vertex  1.347868e+02 -8.538631e+01  0.000000e+00
     vertex  1.348504e+02 -8.530347e+01  0.000000e+00
   endloop
 endfacet
 facet normal  0.000000e+00  0.000000e+00 -1.000000e+00
   outer loop
     vertex  1.381040e+02 -8.544988e+01  0.000000e+00
     vertex  1.336511e+02 -9.148767e+01  0.000000e+00
     vertex  1.347040e+02 -8.544988e+01  0.000000e+00
   endloop
 endfacet
 facet normal -0.000000e+00  0.000000e+00 -1.000000e+00
   outer loop
     vertex  1.381040e+02 -8.544988e+01  0.000000e+00
     vertex  1.347040e+02 -8.544988e+01  0.000000e+00
     vertex  1.347868e+02 -8.538631e+01  0.000000e+00
   endloop
 endfacet
 facet normal  0.000000e+00  0.000000e+00 -1.000000e+00
   outer loop
     vertex  1.381040e+02 -8.544988e+01  0.000000e+00
     vertex  1.347868e+02 -8.538631e+01  0.000000e+00
     vertex  1.380212e+02 -8.538631e+01  0.000000e+00
   endloop
 endfacet
 facet normal -0.000000e+00  0.000000e+00 -1.000000e+00
   outer loop
     vertex  1.379576e+02 -8.530347e+01  0.000000e+00
     vertex  1.348504e+02 -8.530347e+01  0.000000e+00
     vertex  1.348904e+02 -8.520700e+01  0.000000e+00
   endloop
 endfacet
 facet normal  0.000000e+00 -0.000000e+00 -1.000000e+00
   outer loop
     vertex  1.379576e+02 -8.530347e+01  0.000000e+00
     vertex  1.380212e+02 -8.538631e+01  0.000000e+00
     vertex  1.348504e+02 -8.530347e+01  0.000000e+00
   endloop
 endfacet
 facet normal  0.000000e+00 -0.000000e+00 -1.000000e+00
   outer loop
     vertex  1.379176e+02 -8.520700e+01  0.000000e+00
     vertex  1.379576e+02 -8.530347e+01  0.000000e+00
     vertex  1.348904e+02 -8.520700e+01  0.000000e+00
   endloop
 endfacet
 facet normal -0.000000e+00  0.000000e+00 -1.000000e+00
   outer loop
     vertex  1.379176e+02 -8.520700e+01  0.000000e+00
     vertex  1.348904e+02 -8.520700e+01  0.000000e+00
     vertex  1.349040e+02 -8.510347e+01  0.000000e+00
   endloop
 endfacet
 facet normal -0.000000e+00  0.000000e+00 -1.000000e+00
   outer loop
     vertex  1.382005e+02 -8.548984e+01  0.000000e+00
     vertex  1.336511e+02 -9.148767e+01  0.000000e+00
     vertex  1.381040e+02 -8.544988e+01  0.000000e+00
   endloop
 endfacet
 facet normal -0.000000e+00  0.000000e+00 -1.000000e+00
   outer loop
     vertex  1.383040e+02 -8.550347e+01  0.000000e+00
     vertex  1.336511e+02 -9.148767e+01  0.000000e+00
     vertex  1.382005e+02 -8.548984e+01  0.000000e+00
   endloop
 endfacet
 facet normal  0.000000e+00 -0.000000e+00 -1.000000e+00
   outer loop
     vertex  1.379040e+02 -8.510347e+01  0.000000e+00
     vertex  1.379176e+02 -8.520700e+01  0.000000e+00
     vertex  1.349040e+02 -8.510347e+01  0.000000e+00
   endloop
 endfacet
 facet normal -0.000000e+00  0.000000e+00 -1.000000e+00
   outer loop
     vertex  1.343040e+02 -8.144988e+01  0.000000e+00
     vertex  1.342212e+02 -8.282063e+01  0.000000e+00
     vertex  1.342212e+02 -8.138631e+01  0.000000e+00
   endloop
 endfacet
 facet normal  0.000000e+00 -0.000000e+00 -1.000000e+00
   outer loop
     vertex  1.343040e+02 -8.144988e+01  0.000000e+00
     vertex  1.343040e+02 -8.275706e+01  0.000000e+00
     vertex  1.342212e+02 -8.282063e+01  0.000000e+00
   endloop
 endfacet
 facet normal  0.000000e+00  0.000000e+00 -1.000000e+00
   outer loop
     vertex  1.341576e+02 -8.130347e+01  0.000000e+00
     vertex  1.342212e+02 -8.138631e+01  0.000000e+00
     vertex  1.342212e+02 -8.282063e+01  0.000000e+00
   endloop
 endfacet
 facet normal  0.000000e+00  0.000000e+00 -1.000000e+00
   outer loop
     vertex  1.341576e+02 -8.130347e+01  0.000000e+00
     vertex  1.342212e+02 -8.282063e+01  0.000000e+00
     vertex  1.341576e+02 -8.290347e+01  0.000000e+00
   endloop
 endfacet
 facet normal -0.000000e+00  0.000000e+00 -1.000000e+00
   outer loop
     vertex  1.344005e+02 -8.148984e+01  0.000000e+00
     vertex  1.343040e+02 -8.275706e+01  0.000000e+00
     vertex  1.343040e+02 -8.144988e+01  0.000000e+00
   endloop
 endfacet
 facet normal  0.000000e+00 -0.000000e+00 -1.000000e+00
   outer loop
     vertex  1.344005e+02 -8.148984e+01  0.000000e+00
     vertex  1.344005e+02 -8.271710e+01  0.000000e+00
     vertex  1.343040e+02 -8.275706e+01  0.000000e+00
   endloop
 endfacet
 facet normal  0.000000e+00  0.000000e+00 -1.000000e+00
   outer loop
     vertex  1.341176e+02 -8.120700e+01  0.000000e+00
     vertex  1.341576e+02 -8.290347e+01  0.000000e+00
     vertex  1.341176e+02 -8.299994e+01  0.000000e+00
   endloop
 endfacet
 facet normal  0.000000e+00  0.000000e+00 -1.000000e+00
   outer loop
     vertex  1.341176e+02 -8.120700e+01  0.000000e+00
     vertex  1.341576e+02 -8.130347e+01  0.000000e+00
     vertex  1.341576e+02 -8.290347e+01  0.000000e+00
   endloop
 endfacet
 facet normal  0.000000e+00  0.000000e+00 -1.000000e+00
   outer loop
     vertex  1.384075e+02 -8.548984e+01  0.000000e+00
     vertex  1.336511e+02 -9.148767e+01  0.000000e+00
     vertex  1.383040e+02 -8.550347e+01  0.000000e+00
   endloop
 endfacet
 facet normal  0.000000e+00  0.000000e+00 -1.000000e+00
   outer loop
     vertex  1.379176e+02 -8.499994e+01  0.000000e+00
     vertex  1.379040e+02 -8.510347e+01  0.000000e+00
     vertex  1.349040e+02 -8.510347e+01  0.000000e+00
   endloop
 endfacet
 facet normal -0.000000e+00  0.000000e+00 -1.000000e+00
   outer loop
     vertex  1.379176e+02 -8.499994e+01  0.000000e+00
     vertex  1.348904e+02 -8.499994e+01  0.000000e+00
     vertex  1.348504e+02 -8.490347e+01  0.000000e+00
   endloop
 endfacet
 facet normal  0.000000e+00  0.000000e+00 -1.000000e+00
   outer loop
     vertex  1.379176e+02 -8.499994e+01  0.000000e+00
     vertex  1.349040e+02 -8.510347e+01  0.000000e+00
     vertex  1.348904e+02 -8.499994e+01  0.000000e+00
   endloop
 endfacet
 facet normal  0.000000e+00 -0.000000e+00 -1.000000e+00
   outer loop
     vertex  1.345040e+02 -8.150347e+01  0.000000e+00
     vertex  1.345040e+02 -8.270347e+01  0.000000e+00
     vertex  1.344005e+02 -8.271710e+01  0.000000e+00
   endloop
 endfacet
 facet normal  0.000000e+00  0.000000e+00 -1.000000e+00
   outer loop
     vertex  1.345040e+02 -8.150347e+01  0.000000e+00
     vertex  1.346075e+02 -8.271710e+01  0.000000e+00
     vertex  1.345040e+02 -8.270347e+01  0.000000e+00
   endloop
 endfacet
 facet normal -0.000000e+00  0.000000e+00 -1.000000e+00
   outer loop
     vertex  1.345040e+02 -8.150347e+01  0.000000e+00
     vertex  1.344005e+02 -8.271710e+01  0.000000e+00
     vertex  1.344005e+02 -8.148984e+01  0.000000e+00
   endloop
 endfacet
 facet normal  0.000000e+00  0.000000e+00 -1.000000e+00
   outer loop
     vertex  1.341040e+02 -8.110347e+01  0.000000e+00
     vertex  1.341176e+02 -8.299994e+01  0.000000e+00
     vertex  1.341040e+02 -8.310347e+01  0.000000e+00
   endloop
 endfacet
 facet normal  0.000000e+00 -0.000000e+00 -1.000000e+00
   outer loop
     vertex  1.341040e+02 -8.110347e+01  0.000000e+00
     vertex  1.341040e+02 -8.310347e+01  0.000000e+00
     vertex  1.312698e+02 -8.884157e+01  0.000000e+00
   endloop
 endfacet
 facet normal  0.000000e+00  0.000000e+00 -1.000000e+00
   outer loop
     vertex  1.341040e+02 -8.110347e+01  0.000000e+00
     vertex  1.341176e+02 -8.120700e+01  0.000000e+00
     vertex  1.341176e+02 -8.299994e+01  0.000000e+00
   endloop
 endfacet
 facet normal  0.000000e+00  0.000000e+00 -1.000000e+00
   outer loop
     vertex  1.379576e+02 -8.490347e+01  0.000000e+00
     vertex  1.379176e+02 -8.499994e+01  0.000000e+00
     vertex  1.348504e+02 -8.490347e+01  0.000000e+00
   endloop
 endfacet
 facet normal  0.000000e+00  0.000000e+00 -1.000000e+00
   outer loop
     vertex  1.385040e+02 -8.544988e+01  0.000000e+00
     vertex  1.336511e+02 -9.148767e+01  0.000000e+00
     vertex  1.384075e+02 -8.548984e+01  0.000000e+00
   endloop
 endfacet
 facet normal  0.000000e+00  0.000000e+00 -1.000000e+00
   outer loop
     vertex  1.385040e+02 -8.544988e+01  0.000000e+00
     vertex  1.505895e+02 -9.864992e+01  0.000000e+00
     vertex  1.505100e+02 -9.875347e+01  0.000000e+00
   endloop
 endfacet
 facet normal  0.000000e+00 -0.000000e+00 -1.000000e+00
   outer loop
     vertex  1.385040e+02 -8.544988e+01  0.000000e+00
     vertex  1.505100e+02 -9.875347e+01  0.000000e+00
     vertex  1.336511e+02 -9.148767e+01  0.000000e+00
   endloop
 endfacet
 facet normal  0.000000e+00 -0.000000e+00 -1.000000e+00
   outer loop
     vertex  1.346075e+02 -8.148984e+01  0.000000e+00
     vertex  1.346075e+02 -8.271710e+01  0.000000e+00
     vertex  1.345040e+02 -8.150347e+01  0.000000e+00
   endloop
 endfacet
 facet normal  0.000000e+00  0.000000e+00 -1.000000e+00
   outer loop
     vertex  1.385868e+02 -8.538631e+01  0.000000e+00
     vertex  1.506930e+02 -9.857046e+01  0.000000e+00
     vertex  1.505895e+02 -9.864992e+01  0.000000e+00
   endloop
 endfacet
 facet normal  0.000000e+00 -0.000000e+00 -1.000000e+00
   outer loop
     vertex  1.385868e+02 -8.538631e+01  0.000000e+00
     vertex  1.505895e+02 -9.864992e+01  0.000000e+00
     vertex  1.385040e+02 -8.544988e+01  0.000000e+00
   endloop
 endfacet
 facet normal  0.000000e+00  0.000000e+00 -1.000000e+00
   outer loop
     vertex  1.347040e+02 -8.144988e+01  0.000000e+00
     vertex  1.346075e+02 -8.271710e+01  0.000000e+00
     vertex  1.346075e+02 -8.148984e+01  0.000000e+00
   endloop
 endfacet
 facet normal  0.000000e+00 -0.000000e+00 -1.000000e+00
   outer loop
     vertex  1.347040e+02 -8.144988e+01  0.000000e+00
     vertex  1.347040e+02 -8.275706e+01  0.000000e+00
     vertex  1.346075e+02 -8.271710e+01  0.000000e+00
   endloop
 endfacet
 facet normal  0.000000e+00  0.000000e+00 -1.000000e+00
   outer loop
     vertex  1.347040e+02 -8.144988e+01  0.000000e+00
     vertex  1.347868e+02 -8.282063e+01  0.000000e+00
     vertex  1.347040e+02 -8.275706e+01  0.000000e+00
   endloop
 endfacet
 facet normal  0.000000e+00  0.000000e+00 -1.000000e+00
   outer loop
     vertex  1.386504e+02 -8.530347e+01  0.000000e+00
     vertex  1.508136e+02 -9.852051e+01  0.000000e+00
     vertex  1.506930e+02 -9.857046e+01  0.000000e+00
   endloop
 endfacet
 facet normal  0.000000e+00 -0.000000e+00 -1.000000e+00
   outer loop
     vertex  1.386504e+02 -8.530347e+01  0.000000e+00
     vertex  1.506930e+02 -9.857046e+01  0.000000e+00
     vertex  1.385868e+02 -8.538631e+01  0.000000e+00
   endloop
 endfacet
 facet normal  0.000000e+00  0.000000e+00 -1.000000e+00
   outer loop
     vertex  1.347868e+02 -8.138631e+01  0.000000e+00
     vertex  1.348504e+02 -8.290347e+01  0.000000e+00
     vertex  1.347868e+02 -8.282063e+01  0.000000e+00
   endloop
 endfacet
 facet normal  0.000000e+00 -0.000000e+00 -1.000000e+00
   outer loop
     vertex  1.347868e+02 -8.138631e+01  0.000000e+00
     vertex  1.347868e+02 -8.282063e+01  0.000000e+00
     vertex  1.347040e+02 -8.144988e+01  0.000000e+00
   endloop
 endfacet
 facet normal  0.000000e+00  0.000000e+00 -1.000000e+00
   outer loop
     vertex  1.386904e+02 -8.520700e+01  0.000000e+00
     vertex  1.509430e+02 -9.850347e+01  0.000000e+00
     vertex  1.508136e+02 -9.852051e+01  0.000000e+00
   endloop
 endfacet
 facet normal  0.000000e+00 -0.000000e+00 -1.000000e+00
   outer loop
     vertex  1.386904e+02 -8.520700e+01  0.000000e+00
     vertex  1.508136e+02 -9.852051e+01  0.000000e+00
     vertex  1.386504e+02 -8.530347e+01  0.000000e+00
   endloop
 endfacet
 facet normal  0.000000e+00 -0.000000e+00 -1.000000e+00
   outer loop
     vertex  1.348504e+02 -8.130347e+01  0.000000e+00
     vertex  1.348504e+02 -8.290347e+01  0.000000e+00
     vertex  1.347868e+02 -8.138631e+01  0.000000e+00
   endloop
 endfacet
 facet normal  0.000000e+00 -0.000000e+00 -1.000000e+00
   outer loop
     vertex  1.387040e+02 -8.510347e+01  0.000000e+00
     vertex  1.509430e+02 -9.850347e+01  0.000000e+00
     vertex  1.386904e+02 -8.520700e+01  0.000000e+00
   endloop
 endfacet
 facet normal  0.000000e+00  0.000000e+00 -1.000000e+00
   outer loop
     vertex  1.532330e+02 -9.943648e+01  0.000000e+00
     vertex  1.511930e+02 -9.943648e+01  0.000000e+00
     vertex  1.512966e+02 -9.935702e+01  0.000000e+00
   endloop
 endfacet
 facet normal  0.000000e+00  0.000000e+00 -1.000000e+00
   outer loop
     vertex  1.532330e+02 -9.943648e+01  0.000000e+00
     vertex  1.512966e+02 -9.935702e+01  0.000000e+00
     vertex  1.531295e+02 -9.935702e+01  0.000000e+00
   endloop
 endfacet
 facet normal -0.000000e+00  0.000000e+00 -1.000000e+00
   outer loop
     vertex  1.530500e+02 -9.925347e+01  0.000000e+00
     vertex  1.512966e+02 -9.935702e+01  0.000000e+00
     vertex  1.513761e+02 -9.925347e+01  0.000000e+00
   endloop
 endfacet
 facet normal  0.000000e+00 -0.000000e+00 -1.000000e+00
   outer loop
     vertex  1.530500e+02 -9.925347e+01  0.000000e+00
     vertex  1.531295e+02 -9.935702e+01  0.000000e+00
     vertex  1.512966e+02 -9.935702e+01  0.000000e+00
   endloop
 endfacet
 facet normal  0.000000e+00  0.000000e+00 -1.000000e+00
   outer loop
     vertex  1.533536e+02 -9.948643e+01  0.000000e+00
     vertex  1.511930e+02 -9.943648e+01  0.000000e+00
     vertex  1.532330e+02 -9.943648e+01  0.000000e+00
   endloop
 endfacet
 facet normal  0.000000e+00  0.000000e+00 -1.000000e+00
   outer loop
     vertex  1.533536e+02 -9.948643e+01  0.000000e+00
     vertex  1.510725e+02 -9.948643e+01  0.000000e+00
     vertex  1.511930e+02 -9.943648e+01  0.000000e+00
   endloop
 endfacet
 facet normal  0.000000e+00 -0.000000e+00 -1.000000e+00
   outer loop
     vertex  1.530001e+02 -9.913288e+01  0.000000e+00
     vertex  1.530500e+02 -9.925347e+01  0.000000e+00
     vertex  1.513761e+02 -9.925347e+01  0.000000e+00
   endloop
 endfacet
 facet normal -0.000000e+00  0.000000e+00 -1.000000e+00
   outer loop
     vertex  1.530001e+02 -9.913288e+01  0.000000e+00
     vertex  1.513761e+02 -9.925347e+01  0.000000e+00
     vertex  1.514260e+02 -9.913288e+01  0.000000e+00
   endloop
 endfacet
 facet normal -0.000000e+00  0.000000e+00 -1.000000e+00
   outer loop
     vertex  1.534830e+02 -9.950347e+01  0.000000e+00
     vertex  1.365040e+02 -1.149035e+02  0.000000e+00
     vertex  1.509430e+02 -9.950347e+01  0.000000e+00
   endloop
 endfacet
 facet normal  0.000000e+00  0.000000e+00 -1.000000e+00
   outer loop
     vertex  1.534830e+02 -9.950347e+01  0.000000e+00
     vertex  1.510725e+02 -9.948643e+01  0.000000e+00
     vertex  1.533536e+02 -9.948643e+01  0.000000e+00
   endloop
 endfacet
 facet normal  0.000000e+00  0.000000e+00 -1.000000e+00
   outer loop
     vertex  1.534830e+02 -9.950347e+01  0.000000e+00
     vertex  1.509430e+02 -9.950347e+01  0.000000e+00
     vertex  1.510725e+02 -9.948643e+01  0.000000e+00
   endloop
 endfacet
 facet normal  0.000000e+00  0.000000e+00 -1.000000e+00
   outer loop
     vertex  1.534830e+02 -9.950347e+01  0.000000e+00
     vertex  1.365040e+02 -1.183035e+02  0.000000e+00
     vertex  1.365040e+02 -1.149035e+02  0.000000e+00
   endloop
 endfacet
 facet normal -0.000000e+00  0.000000e+00 -1.000000e+00
   outer loop
     vertex  1.529830e+02 -9.900347e+01  0.000000e+00
     vertex  1.514260e+02 -9.913288e+01  0.000000e+00
     vertex  1.514430e+02 -9.900347e+01  0.000000e+00
   endloop
 endfacet
 facet normal  0.000000e+00 -0.000000e+00 -1.000000e+00
   outer loop
     vertex  1.529830e+02 -9.900347e+01  0.000000e+00
     vertex  1.530001e+02 -9.913288e+01  0.000000e+00
     vertex  1.514260e+02 -9.913288e+01  0.000000e+00
   endloop
 endfacet
 facet normal -0.000000e+00  0.000000e+00 -1.000000e+00
   outer loop
     vertex  1.530001e+02 -9.887406e+01  0.000000e+00
     vertex  1.514430e+02 -9.900347e+01  0.000000e+00
     vertex  1.514260e+02 -9.887406e+01  0.000000e+00
   endloop
 endfacet
 facet normal  0.000000e+00  0.000000e+00 -1.000000e+00
   outer loop
     vertex  1.530001e+02 -9.887406e+01  0.000000e+00
     vertex  1.529830e+02 -9.900347e+01  0.000000e+00
     vertex  1.514430e+02 -9.900347e+01  0.000000e+00
   endloop
 endfacet
 facet normal  0.000000e+00  0.000000e+00 -1.000000e+00
   outer loop
     vertex  1.530500e+02 -9.875347e+01  0.000000e+00
     vertex  1.530001e+02 -9.887406e+01  0.000000e+00
     vertex  1.514260e+02 -9.887406e+01  0.000000e+00
   endloop
 endfacet
 facet normal -0.000000e+00  0.000000e+00 -1.000000e+00
   outer loop
     vertex  1.530500e+02 -9.875347e+01  0.000000e+00
     vertex  1.514260e+02 -9.887406e+01  0.000000e+00
     vertex  1.513761e+02 -9.875347e+01  0.000000e+00
   endloop
 endfacet
 facet normal  0.000000e+00  0.000000e+00 -1.000000e+00
   outer loop
     vertex  1.531295e+02 -9.864992e+01  0.000000e+00
     vertex  1.530500e+02 -9.875347e+01  0.000000e+00
     vertex  1.513761e+02 -9.875347e+01  0.000000e+00
   endloop
 endfacet
 facet normal -0.000000e+00  0.000000e+00 -1.000000e+00
   outer loop
     vertex  1.531295e+02 -9.864992e+01  0.000000e+00
     vertex  1.513761e+02 -9.875347e+01  0.000000e+00
     vertex  1.512966e+02 -9.864992e+01  0.000000e+00
   endloop
 endfacet
 facet normal -0.000000e+00  0.000000e+00 -1.000000e+00
   outer loop
     vertex  1.381040e+02 -8.344988e+01  0.000000e+00
     vertex  1.380212e+02 -8.482063e+01  0.000000e+00
     vertex  1.380212e+02 -8.338631e+01  0.000000e+00
   endloop
 endfacet
 facet normal  0.000000e+00 -0.000000e+00 -1.000000e+00
   outer loop
     vertex  1.381040e+02 -8.344988e+01  0.000000e+00
     vertex  1.381040e+02 -8.475706e+01  0.000000e+00
     vertex  1.380212e+02 -8.482063e+01  0.000000e+00
   endloop
 endfacet
 facet normal  0.000000e+00  0.000000e+00 -1.000000e+00
   outer loop
     vertex  1.379576e+02 -8.330347e+01  0.000000e+00
     vertex  1.380212e+02 -8.338631e+01  0.000000e+00
     vertex  1.380212e+02 -8.482063e+01  0.000000e+00
   endloop
 endfacet
 facet normal -0.000000e+00  0.000000e+00 -1.000000e+00
   outer loop
     vertex  1.379576e+02 -8.330347e+01  0.000000e+00
     vertex  1.348504e+02 -8.330347e+01  0.000000e+00
     vertex  1.348904e+02 -8.320700e+01  0.000000e+00
   endloop
 endfacet
 facet normal  0.000000e+00 -0.000000e+00 -1.000000e+00
   outer loop
     vertex  1.379576e+02 -8.330347e+01  0.000000e+00
     vertex  1.379576e+02 -8.490347e+01  0.000000e+00
     vertex  1.348504e+02 -8.490347e+01  0.000000e+00
   endloop
 endfacet
 facet normal  0.000000e+00  0.000000e+00 -1.000000e+00
   outer loop
     vertex  1.379576e+02 -8.330347e+01  0.000000e+00
     vertex  1.380212e+02 -8.482063e+01  0.000000e+00
     vertex  1.379576e+02 -8.490347e+01  0.000000e+00
   endloop
 endfacet
 facet normal  0.000000e+00  0.000000e+00 -1.000000e+00
   outer loop
     vertex  1.379576e+02 -8.330347e+01  0.000000e+00
     vertex  1.348504e+02 -8.490347e+01  0.000000e+00
     vertex  1.348504e+02 -8.330347e+01  0.000000e+00
   endloop
 endfacet
 facet normal  0.000000e+00  0.000000e+00 -1.000000e+00
   outer loop
     vertex  1.532330e+02 -9.857046e+01  0.000000e+00
     vertex  1.531295e+02 -9.864992e+01  0.000000e+00
     vertex  1.512966e+02 -9.864992e+01  0.000000e+00
   endloop
 endfacet
 facet normal  0.000000e+00  0.000000e+00 -1.000000e+00
   outer loop
     vertex  1.532330e+02 -9.857046e+01  0.000000e+00
     vertex  1.511930e+02 -9.857046e+01  0.000000e+00
     vertex  1.510725e+02 -9.852051e+01  0.000000e+00
   endloop
 endfacet
 facet normal -0.000000e+00  0.000000e+00 -1.000000e+00
   outer loop
     vertex  1.532330e+02 -9.857046e+01  0.000000e+00
     vertex  1.512966e+02 -9.864992e+01  0.000000e+00
     vertex  1.511930e+02 -9.857046e+01  0.000000e+00
   endloop
 endfacet
 facet normal -0.000000e+00  0.000000e+00 -1.000000e+00
   outer loop
     vertex  1.782363e+02 -1.235712e+02  0.000000e+00
     vertex  1.603180e+02 -1.414894e+02  0.000000e+00
     vertex  1.365040e+02 -1.217035e+02  0.000000e+00
   endloop
 endfacet
 facet normal  0.000000e+00 -0.000000e+00 -1.000000e+00
   outer loop
     vertex  1.379176e+02 -8.320700e+01  0.000000e+00
     vertex  1.379576e+02 -8.330347e+01  0.000000e+00
     vertex  1.348904e+02 -8.320700e+01  0.000000e+00
   endloop
 endfacet
 facet normal -0.000000e+00  0.000000e+00 -1.000000e+00
   outer loop
     vertex  1.382005e+02 -8.348984e+01  0.000000e+00
     vertex  1.381040e+02 -8.475706e+01  0.000000e+00
     vertex  1.381040e+02 -8.344988e+01  0.000000e+00
   endloop
 endfacet
 facet normal  0.000000e+00 -0.000000e+00 -1.000000e+00
   outer loop
     vertex  1.382005e+02 -8.348984e+01  0.000000e+00
     vertex  1.382005e+02 -8.471710e+01  0.000000e+00
     vertex  1.381040e+02 -8.475706e+01  0.000000e+00
   endloop
 endfacet
 facet normal -0.000000e+00  0.000000e+00 -1.000000e+00
   outer loop
     vertex  1.383040e+02 -8.350347e+01  0.000000e+00
     vertex  1.382005e+02 -8.471710e+01  0.000000e+00
     vertex  1.382005e+02 -8.348984e+01  0.000000e+00
   endloop
 endfacet
 facet normal  0.000000e+00 -0.000000e+00 -1.000000e+00
   outer loop
     vertex  1.383040e+02 -8.350347e+01  0.000000e+00
     vertex  1.383040e+02 -8.470347e+01  0.000000e+00
     vertex  1.382005e+02 -8.471710e+01  0.000000e+00
   endloop
 endfacet
 facet normal  0.000000e+00 -0.000000e+00 -1.000000e+00
   outer loop
     vertex  1.379040e+02 -8.310347e+01  0.000000e+00
     vertex  1.379176e+02 -8.320700e+01  0.000000e+00
     vertex  1.348904e+02 -8.320700e+01  0.000000e+00
   endloop
 endfacet
 facet normal  0.000000e+00  0.000000e+00 -1.000000e+00
   outer loop
     vertex  1.379040e+02 -8.310347e+01  0.000000e+00
     vertex  1.348904e+02 -8.320700e+01  0.000000e+00
     vertex  1.349040e+02 -8.310347e+01  0.000000e+00
   endloop
 endfacet
 facet normal -0.000000e+00  0.000000e+00 -1.000000e+00
   outer loop
     vertex  1.533536e+02 -9.852051e+01  0.000000e+00
     vertex  1.532330e+02 -9.857046e+01  0.000000e+00
     vertex  1.510725e+02 -9.852051e+01  0.000000e+00
   endloop
 endfacet
 facet normal  0.000000e+00  0.000000e+00 -1.000000e+00
   outer loop
     vertex  1.384075e+02 -8.348984e+01  0.000000e+00
     vertex  1.383040e+02 -8.470347e+01  0.000000e+00
     vertex  1.383040e+02 -8.350347e+01  0.000000e+00
   endloop
 endfacet
 facet normal  0.000000e+00 -0.000000e+00 -1.000000e+00
   outer loop
     vertex  1.384075e+02 -8.348984e+01  0.000000e+00
     vertex  1.384075e+02 -8.471710e+01  0.000000e+00
     vertex  1.383040e+02 -8.470347e+01  0.000000e+00
   endloop
 endfacet
 facet normal  0.000000e+00  0.000000e+00 -1.000000e+00
   outer loop
     vertex  1.379176e+02 -8.299994e+01  0.000000e+00
     vertex  1.379040e+02 -8.310347e+01  0.000000e+00
     vertex  1.349040e+02 -8.310347e+01  0.000000e+00
   endloop
 endfacet
 facet normal  0.000000e+00  0.000000e+00 -1.000000e+00
   outer loop
     vertex  1.379176e+02 -8.299994e+01  0.000000e+00
     vertex  1.349040e+02 -8.310347e+01  0.000000e+00
     vertex  1.348904e+02 -8.299994e+01  0.000000e+00
   endloop
 endfacet
 facet normal -0.000000e+00  0.000000e+00 -1.000000e+00
   outer loop
     vertex  1.534830e+02 -9.850347e+01  0.000000e+00
     vertex  1.510725e+02 -9.852051e+01  0.000000e+00
     vertex  1.509430e+02 -9.850347e+01  0.000000e+00
   endloop
 endfacet
 facet normal  0.000000e+00  0.000000e+00 -1.000000e+00
   outer loop
     vertex  1.534830e+02 -9.850347e+01  0.000000e+00
     vertex  1.533536e+02 -9.852051e+01  0.000000e+00
     vertex  1.510725e+02 -9.852051e+01  0.000000e+00
   endloop
 endfacet
 facet normal  0.000000e+00  0.000000e+00 -1.000000e+00
   outer loop
     vertex  1.534830e+02 -9.850347e+01  0.000000e+00
     vertex  1.509430e+02 -9.850347e+01  0.000000e+00
     vertex  1.387040e+02 -8.510347e+01  0.000000e+00
   endloop
 endfacet
 facet normal -0.000000e+00  0.000000e+00 -1.000000e+00
   outer loop
     vertex  1.379576e+02 -8.290347e+01  0.000000e+00
     vertex  1.348504e+02 -8.290347e+01  0.000000e+00
     vertex  1.348504e+02 -8.130347e+01  0.000000e+00
   endloop
 endfacet
 facet normal  0.000000e+00  0.000000e+00 -1.000000e+00
   outer loop
     vertex  1.379576e+02 -8.290347e+01  0.000000e+00
     vertex  1.379176e+02 -8.299994e+01  0.000000e+00
     vertex  1.348904e+02 -8.299994e+01  0.000000e+00
   endloop
 endfacet
 facet normal  0.000000e+00  0.000000e+00 -1.000000e+00
   outer loop
     vertex  1.379576e+02 -8.290347e+01  0.000000e+00
     vertex  1.348904e+02 -8.299994e+01  0.000000e+00
     vertex  1.348504e+02 -8.290347e+01  0.000000e+00
   endloop
 endfacet
 facet normal  0.000000e+00  0.000000e+00 -1.000000e+00
   outer loop
     vertex  1.385040e+02 -8.344988e+01  0.000000e+00
     vertex  1.384075e+02 -8.471710e+01  0.000000e+00
     vertex  1.384075e+02 -8.348984e+01  0.000000e+00
   endloop
 endfacet
 facet normal  0.000000e+00 -0.000000e+00 -1.000000e+00
   outer loop
     vertex  1.385040e+02 -8.344988e+01  0.000000e+00
     vertex  1.385040e+02 -8.475706e+01  0.000000e+00
     vertex  1.384075e+02 -8.471710e+01  0.000000e+00
   endloop
 endfacet
 facet normal  0.000000e+00 -0.000000e+00 -1.000000e+00
   outer loop
     vertex  1.385868e+02 -8.338631e+01  0.000000e+00
     vertex  1.385868e+02 -8.482063e+01  0.000000e+00
     vertex  1.385040e+02 -8.475706e+01  0.000000e+00
   endloop
 endfacet
 facet normal  0.000000e+00  0.000000e+00 -1.000000e+00
   outer loop
     vertex  1.385868e+02 -8.338631e+01  0.000000e+00
     vertex  1.385040e+02 -8.475706e+01  0.000000e+00
     vertex  1.385040e+02 -8.344988e+01  0.000000e+00
   endloop
 endfacet
 facet normal  0.000000e+00  0.000000e+00 -1.000000e+00
   outer loop
     vertex  1.386504e+02 -8.330347e+01  0.000000e+00
     vertex  1.385868e+02 -8.482063e+01  0.000000e+00
     vertex  1.385868e+02 -8.338631e+01  0.000000e+00
   endloop
 endfacet
 facet normal  0.000000e+00 -0.000000e+00 -1.000000e+00
   outer loop
     vertex  1.386504e+02 -8.330347e+01  0.000000e+00
     vertex  1.386504e+02 -8.490347e+01  0.000000e+00
     vertex  1.385868e+02 -8.482063e+01  0.000000e+00
   endloop
 endfacet
 facet normal  0.000000e+00  0.000000e+00 -1.000000e+00
   outer loop
     vertex  1.386904e+02 -8.320700e+01  0.000000e+00
     vertex  1.386504e+02 -8.490347e+01  0.000000e+00
     vertex  1.386504e+02 -8.330347e+01  0.000000e+00
   endloop
 endfacet
 facet normal  0.000000e+00 -0.000000e+00 -1.000000e+00
   outer loop
     vertex  1.386904e+02 -8.320700e+01  0.000000e+00
     vertex  1.386904e+02 -8.499994e+01  0.000000e+00
     vertex  1.386504e+02 -8.490347e+01  0.000000e+00
   endloop
 endfacet
 facet normal  0.000000e+00  0.000000e+00 -1.000000e+00
   outer loop
     vertex  1.387040e+02 -8.310347e+01  0.000000e+00
     vertex  1.386904e+02 -8.499994e+01  0.000000e+00
     vertex  1.386904e+02 -8.320700e+01  0.000000e+00
   endloop
 endfacet
 facet normal  0.000000e+00 -0.000000e+00 -1.000000e+00
   outer loop
     vertex  1.387040e+02 -8.310347e+01  0.000000e+00
     vertex  1.387040e+02 -8.510347e+01  0.000000e+00
     vertex  1.386904e+02 -8.499994e+01  0.000000e+00
   endloop
 endfacet
 facet normal  0.000000e+00  0.000000e+00 -1.000000e+00
   outer loop
     vertex  1.387040e+02 -8.310347e+01  0.000000e+00
     vertex  1.534830e+02 -9.850347e+01  0.000000e+00
     vertex  1.387040e+02 -8.510347e+01  0.000000e+00
   endloop
 endfacet
 facet normal  0.000000e+00  0.000000e+00 -1.000000e+00
   outer loop
     vertex  1.556695e+02 -9.935702e+01  0.000000e+00
     vertex  1.538366e+02 -9.935702e+01  0.000000e+00
     vertex  1.539161e+02 -9.925347e+01  0.000000e+00
   endloop
 endfacet
 facet normal  0.000000e+00  0.000000e+00 -1.000000e+00
   outer loop
     vertex  1.557731e+02 -9.943648e+01  0.000000e+00
     vertex  1.538366e+02 -9.935702e+01  0.000000e+00
     vertex  1.556695e+02 -9.935702e+01  0.000000e+00
   endloop
 endfacet
 facet normal  0.000000e+00  0.000000e+00 -1.000000e+00
   outer loop
     vertex  1.557731e+02 -9.943648e+01  0.000000e+00
     vertex  1.537330e+02 -9.943648e+01  0.000000e+00
     vertex  1.538366e+02 -9.935702e+01  0.000000e+00
   endloop
 endfacet
 facet normal -0.000000e+00 -0.000000e+00 -1.000000e+00
   outer loop
     vertex  1.555900e+02 -9.925347e+01  0.000000e+00
     vertex  1.556695e+02 -9.935702e+01  0.000000e+00
     vertex  1.539161e+02 -9.925347e+01  0.000000e+00
   endloop
 endfacet
 facet normal  0.000000e+00  0.000000e+00 -1.000000e+00
   outer loop
     vertex  1.558936e+02 -9.948643e+01  0.000000e+00
     vertex  1.537330e+02 -9.943648e+01  0.000000e+00
     vertex  1.557731e+02 -9.943648e+01  0.000000e+00
   endloop
 endfacet
 facet normal  0.000000e+00  0.000000e+00 -1.000000e+00
   outer loop
     vertex  1.558936e+02 -9.948643e+01  0.000000e+00
     vertex  1.536125e+02 -9.948643e+01  0.000000e+00
     vertex  1.537330e+02 -9.943648e+01  0.000000e+00
   endloop
 endfacet
 facet normal  0.000000e+00 -0.000000e+00 -1.000000e+00
   outer loop
     vertex  1.555401e+02 -9.913288e+01  0.000000e+00
     vertex  1.555900e+02 -9.925347e+01  0.000000e+00
     vertex  1.539161e+02 -9.925347e+01  0.000000e+00
   endloop
 endfacet
 facet normal -0.000000e+00  0.000000e+00 -1.000000e+00
   outer loop
     vertex  1.555401e+02 -9.913288e+01  0.000000e+00
     vertex  1.539161e+02 -9.925347e+01  0.000000e+00
     vertex  1.539660e+02 -9.913288e+01  0.000000e+00
   endloop
 endfacet
 facet normal  0.000000e+00  0.000000e+00 -1.000000e+00
   outer loop
     vertex  1.560231e+02 -9.950347e+01  0.000000e+00
     vertex  1.536125e+02 -9.948643e+01  0.000000e+00
     vertex  1.558936e+02 -9.948643e+01  0.000000e+00
   endloop
 endfacet
 facet normal -0.000000e+00  0.000000e+00 -1.000000e+00
   outer loop
     vertex  1.560231e+02 -9.950347e+01  0.000000e+00
     vertex  1.365040e+02 -1.183035e+02  0.000000e+00
     vertex  1.534830e+02 -9.950347e+01  0.000000e+00
   endloop
 endfacet
 facet normal  0.000000e+00  0.000000e+00 -1.000000e+00
   outer loop
     vertex  1.560231e+02 -9.950347e+01  0.000000e+00
     vertex  1.534830e+02 -9.950347e+01  0.000000e+00
     vertex  1.536125e+02 -9.948643e+01  0.000000e+00
   endloop
 endfacet
 facet normal  0.000000e+00  0.000000e+00 -1.000000e+00
   outer loop
     vertex  1.560231e+02 -9.950347e+01  0.000000e+00
     vertex  1.365040e+02 -1.217035e+02  0.000000e+00
     vertex  1.365040e+02 -1.183035e+02  0.000000e+00
   endloop
 endfacet
 facet normal  0.000000e+00 -0.000000e+00 -1.000000e+00
   outer loop
     vertex  1.555231e+02 -9.900347e+01  0.000000e+00
     vertex  1.555401e+02 -9.913288e+01  0.000000e+00
     vertex  1.539660e+02 -9.913288e+01  0.000000e+00
   endloop
 endfacet
 facet normal  0.000000e+00  0.000000e+00 -1.000000e+00
   outer loop
     vertex  1.555231e+02 -9.900347e+01  0.000000e+00
     vertex  1.539830e+02 -9.900347e+01  0.000000e+00
     vertex  1.539660e+02 -9.887406e+01  0.000000e+00
   endloop
 endfacet
 facet normal -0.000000e+00  0.000000e+00 -1.000000e+00
   outer loop
     vertex  1.555231e+02 -9.900347e+01  0.000000e+00
     vertex  1.539660e+02 -9.913288e+01  0.000000e+00
     vertex  1.539830e+02 -9.900347e+01  0.000000e+00
   endloop
 endfacet
 facet normal  0.000000e+00 -0.000000e+00 -1.000000e+00
   outer loop
     vertex  1.381040e+02 -8.144988e+01  0.000000e+00
     vertex  1.381040e+02 -8.275706e+01  0.000000e+00
     vertex  1.380212e+02 -8.282063e+01  0.000000e+00
   endloop
 endfacet
 facet normal -0.000000e+00  0.000000e+00 -1.000000e+00
   outer loop
     vertex  1.381040e+02 -8.144988e+01  0.000000e+00
     vertex  1.380212e+02 -8.282063e+01  0.000000e+00
     vertex  1.380212e+02 -8.138631e+01  0.000000e+00
   endloop
 endfacet
 facet normal  0.000000e+00  0.000000e+00 -1.000000e+00
   outer loop
     vertex  1.379576e+02 -8.130347e+01  0.000000e+00
     vertex  1.380212e+02 -8.282063e+01  0.000000e+00
     vertex  1.379576e+02 -8.290347e+01  0.000000e+00
   endloop
 endfacet
 facet normal  0.000000e+00  0.000000e+00 -1.000000e+00
   outer loop
     vertex  1.379576e+02 -8.130347e+01  0.000000e+00
     vertex  1.380212e+02 -8.138631e+01  0.000000e+00
     vertex  1.380212e+02 -8.282063e+01  0.000000e+00
   endloop
 endfacet
 facet normal  0.000000e+00 -0.000000e+00 -1.000000e+00
   outer loop
     vertex  1.379576e+02 -8.130347e+01  0.000000e+00
     vertex  1.379576e+02 -8.290347e+01  0.000000e+00
     vertex  1.348504e+02 -8.130347e+01  0.000000e+00
   endloop
 endfacet
 facet normal -0.000000e+00  0.000000e+00 -1.000000e+00
   outer loop
     vertex  1.379576e+02 -8.130347e+01  0.000000e+00
     vertex  1.348504e+02 -8.130347e+01  0.000000e+00
     vertex  1.348904e+02 -8.120700e+01  0.000000e+00
   endloop
 endfacet
 facet normal -0.000000e+00  0.000000e+00 -1.000000e+00
   outer loop
     vertex  1.555401e+02 -9.887406e+01  0.000000e+00
     vertex  1.555231e+02 -9.900347e+01  0.000000e+00
     vertex  1.539660e+02 -9.887406e+01  0.000000e+00
   endloop
 endfacet
 facet normal  0.000000e+00 -0.000000e+00 -1.000000e+00
   outer loop
     vertex  1.379176e+02 -8.120700e+01  0.000000e+00
     vertex  1.379576e+02 -8.130347e+01  0.000000e+00
     vertex  1.348904e+02 -8.120700e+01  0.000000e+00
   endloop
 endfacet
 facet normal  0.000000e+00 -0.000000e+00 -1.000000e+00
   outer loop
     vertex  1.382005e+02 -8.148984e+01  0.000000e+00
     vertex  1.382005e+02 -8.271710e+01  0.000000e+00
     vertex  1.381040e+02 -8.275706e+01  0.000000e+00
   endloop
 endfacet
 facet normal -0.000000e+00  0.000000e+00 -1.000000e+00
   outer loop
     vertex  1.382005e+02 -8.148984e+01  0.000000e+00
     vertex  1.381040e+02 -8.275706e+01  0.000000e+00
     vertex  1.381040e+02 -8.144988e+01  0.000000e+00
   endloop
 endfacet
 facet normal  0.000000e+00 -0.000000e+00 -1.000000e+00
   outer loop
     vertex  1.383040e+02 -8.150347e+01  0.000000e+00
     vertex  1.383040e+02 -8.270347e+01  0.000000e+00
     vertex  1.382005e+02 -8.271710e+01  0.000000e+00
   endloop
 endfacet
 facet normal -0.000000e+00  0.000000e+00 -1.000000e+00
   outer loop
     vertex  1.383040e+02 -8.150347e+01  0.000000e+00
     vertex  1.382005e+02 -8.271710e+01  0.000000e+00
     vertex  1.382005e+02 -8.148984e+01  0.000000e+00
   endloop
 endfacet
 facet normal  0.000000e+00 -0.000000e+00 -1.000000e+00
   outer loop
     vertex  1.379040e+02 -8.110347e+01  0.000000e+00
     vertex  1.379176e+02 -8.120700e+01  0.000000e+00
     vertex  1.348904e+02 -8.120700e+01  0.000000e+00
   endloop
 endfacet
 facet normal  0.000000e+00  0.000000e+00 -1.000000e+00
   outer loop
     vertex  1.379040e+02 -8.110347e+01  0.000000e+00
     vertex  1.348904e+02 -8.120700e+01  0.000000e+00
     vertex  1.349040e+02 -8.110347e+01  0.000000e+00
   endloop
 endfacet
 facet normal  0.000000e+00  0.000000e+00 -1.000000e+00
   outer loop
     vertex  1.555900e+02 -9.875347e+01  0.000000e+00
     vertex  1.555401e+02 -9.887406e+01  0.000000e+00
     vertex  1.539660e+02 -9.887406e+01  0.000000e+00
   endloop
 endfacet
 facet normal -0.000000e+00  0.000000e+00 -1.000000e+00
   outer loop
     vertex  1.555900e+02 -9.875347e+01  0.000000e+00
     vertex  1.539660e+02 -9.887406e+01  0.000000e+00
     vertex  1.539161e+02 -9.875347e+01  0.000000e+00
   endloop
 endfacet
 facet normal  0.000000e+00 -0.000000e+00 -1.000000e+00
   outer loop
     vertex  1.384075e+02 -8.148984e+01  0.000000e+00
     vertex  1.384075e+02 -8.271710e+01  0.000000e+00
     vertex  1.383040e+02 -8.270347e+01  0.000000e+00
   endloop
 endfacet
 facet normal  0.000000e+00  0.000000e+00 -1.000000e+00
   outer loop
     vertex  1.384075e+02 -8.148984e+01  0.000000e+00
     vertex  1.383040e+02 -8.270347e+01  0.000000e+00
     vertex  1.383040e+02 -8.150347e+01  0.000000e+00
   endloop
 endfacet
 facet normal  0.000000e+00  0.000000e+00 -1.000000e+00
   outer loop
     vertex  1.379176e+02 -8.099994e+01  0.000000e+00
     vertex  1.379040e+02 -8.110347e+01  0.000000e+00
     vertex  1.349040e+02 -8.110347e+01  0.000000e+00
   endloop
 endfacet
 facet normal -0.000000e+00  0.000000e+00 -1.000000e+00
   outer loop
     vertex  1.379176e+02 -8.099994e+01  0.000000e+00
     vertex  1.348904e+02 -8.099994e+01  0.000000e+00
     vertex  1.348504e+02 -8.090347e+01  0.000000e+00
   endloop
 endfacet
 facet normal  0.000000e+00  0.000000e+00 -1.000000e+00
   outer loop
     vertex  1.379176e+02 -8.099994e+01  0.000000e+00
     vertex  1.349040e+02 -8.110347e+01  0.000000e+00
     vertex  1.348904e+02 -8.099994e+01  0.000000e+00
   endloop
 endfacet
 facet normal -0.000000e+00  0.000000e+00 -1.000000e+00
   outer loop
     vertex  1.556695e+02 -9.864992e+01  0.000000e+00
     vertex  1.539161e+02 -9.875347e+01  0.000000e+00
     vertex  1.538366e+02 -9.864992e+01  0.000000e+00
   endloop
 endfacet
 facet normal  0.000000e+00  0.000000e+00 -1.000000e+00
   outer loop
     vertex  1.556695e+02 -9.864992e+01  0.000000e+00
     vertex  1.555900e+02 -9.875347e+01  0.000000e+00
     vertex  1.539161e+02 -9.875347e+01  0.000000e+00
   endloop
 endfacet
 facet normal  0.000000e+00 -0.000000e+00 -1.000000e+00
   outer loop
     vertex  1.385040e+02 -8.144988e+01  0.000000e+00
     vertex  1.385040e+02 -8.275706e+01  0.000000e+00
     vertex  1.384075e+02 -8.271710e+01  0.000000e+00
   endloop
 endfacet
 facet normal  0.000000e+00  0.000000e+00 -1.000000e+00
   outer loop
     vertex  1.385040e+02 -8.144988e+01  0.000000e+00
     vertex  1.384075e+02 -8.271710e+01  0.000000e+00
     vertex  1.384075e+02 -8.148984e+01  0.000000e+00
   endloop
 endfacet
 facet normal  0.000000e+00  0.000000e+00 -1.000000e+00
   outer loop
     vertex  1.379576e+02 -8.090347e+01  0.000000e+00
     vertex  1.379176e+02 -8.099994e+01  0.000000e+00
     vertex  1.348504e+02 -8.090347e+01  0.000000e+00
   endloop
 endfacet
 facet normal -0.000000e+00  0.000000e+00 -1.000000e+00
   outer loop
     vertex  1.379576e+02 -8.090347e+01  0.000000e+00
     vertex  1.348504e+02 -8.090347e+01  0.000000e+00
     vertex  1.347868e+02 -8.082063e+01  0.000000e+00
   endloop
 endfacet
 facet normal  0.000000e+00 -0.000000e+00 -1.000000e+00
   outer loop
     vertex  1.385868e+02 -8.138631e+01  0.000000e+00
     vertex  1.385868e+02 -8.282063e+01  0.000000e+00
     vertex  1.385040e+02 -8.275706e+01  0.000000e+00
   endloop
 endfacet
 facet normal  0.000000e+00  0.000000e+00 -1.000000e+00
   outer loop
     vertex  1.385868e+02 -8.138631e+01  0.000000e+00
     vertex  1.385040e+02 -8.275706e+01  0.000000e+00
     vertex  1.385040e+02 -8.144988e+01  0.000000e+00
   endloop
 endfacet
 facet normal  0.000000e+00  0.000000e+00 -1.000000e+00
   outer loop
     vertex  1.380212e+02 -8.082063e+01  0.000000e+00
     vertex  1.379576e+02 -8.090347e+01  0.000000e+00
     vertex  1.347868e+02 -8.082063e+01  0.000000e+00
   endloop
 endfacet
 facet normal  0.000000e+00  0.000000e+00 -1.000000e+00
   outer loop
     vertex  1.557731e+02 -9.857046e+01  0.000000e+00
     vertex  1.556695e+02 -9.864992e+01  0.000000e+00
     vertex  1.538366e+02 -9.864992e+01  0.000000e+00
   endloop
 endfacet
 facet normal -0.000000e+00  0.000000e+00 -1.000000e+00
   outer loop
     vertex  1.557731e+02 -9.857046e+01  0.000000e+00
     vertex  1.538366e+02 -9.864992e+01  0.000000e+00
     vertex  1.537330e+02 -9.857046e+01  0.000000e+00
   endloop
 endfacet
 facet normal  0.000000e+00 -0.000000e+00 -1.000000e+00
   outer loop
     vertex  1.386504e+02 -8.130347e+01  0.000000e+00
     vertex  1.386504e+02 -8.290347e+01  0.000000e+00
     vertex  1.385868e+02 -8.282063e+01  0.000000e+00
   endloop
 endfacet
 facet normal  0.000000e+00  0.000000e+00 -1.000000e+00
   outer loop
     vertex  1.386504e+02 -8.130347e+01  0.000000e+00
     vertex  1.385868e+02 -8.282063e+01  0.000000e+00
     vertex  1.385868e+02 -8.138631e+01  0.000000e+00
   endloop
 endfacet
 facet normal  0.000000e+00  0.000000e+00 -1.000000e+00
   outer loop
     vertex  1.381040e+02 -8.075706e+01  0.000000e+00
     vertex  1.347868e+02 -8.082063e+01  0.000000e+00
     vertex  1.347040e+02 -8.075706e+01  0.000000e+00
   endloop
 endfacet
 facet normal  0.000000e+00  0.000000e+00 -1.000000e+00
   outer loop
     vertex  1.381040e+02 -8.075706e+01  0.000000e+00
     vertex  1.380212e+02 -8.082063e+01  0.000000e+00
     vertex  1.347868e+02 -8.082063e+01  0.000000e+00
   endloop
 endfacet
 facet normal  0.000000e+00  0.000000e+00 -1.000000e+00
   outer loop
     vertex  1.558936e+02 -9.852051e+01  0.000000e+00
     vertex  1.536125e+02 -9.852051e+01  0.000000e+00
     vertex  1.534830e+02 -9.850347e+01  0.000000e+00
   endloop
 endfacet
 facet normal -0.000000e+00  0.000000e+00 -1.000000e+00
   outer loop
     vertex  1.558936e+02 -9.852051e+01  0.000000e+00
     vertex  1.537330e+02 -9.857046e+01  0.000000e+00
     vertex  1.536125e+02 -9.852051e+01  0.000000e+00
   endloop
 endfacet
 facet normal  0.000000e+00  0.000000e+00 -1.000000e+00
   outer loop
     vertex  1.558936e+02 -9.852051e+01  0.000000e+00
     vertex  1.557731e+02 -9.857046e+01  0.000000e+00
     vertex  1.537330e+02 -9.857046e+01  0.000000e+00
   endloop
 endfacet
 facet normal  0.000000e+00 -0.000000e+00 -1.000000e+00
   outer loop
     vertex  1.386904e+02 -8.120700e+01  0.000000e+00
     vertex  1.386904e+02 -8.299994e+01  0.000000e+00
     vertex  1.386504e+02 -8.290347e+01  0.000000e+00
   endloop
 endfacet
 facet normal  0.000000e+00  0.000000e+00 -1.000000e+00
   outer loop
     vertex  1.386904e+02 -8.120700e+01  0.000000e+00
     vertex  1.386504e+02 -8.290347e+01  0.000000e+00
     vertex  1.386504e+02 -8.130347e+01  0.000000e+00
   endloop
 endfacet
 facet normal  0.000000e+00  0.000000e+00 -1.000000e+00
   outer loop
     vertex  1.560231e+02 -9.850347e+01  0.000000e+00
     vertex  1.534830e+02 -9.850347e+01  0.000000e+00
     vertex  1.387040e+02 -8.310347e+01  0.000000e+00
   endloop
 endfacet
 facet normal -0.000000e+00  0.000000e+00 -1.000000e+00
   outer loop
     vertex  1.560231e+02 -9.850347e+01  0.000000e+00
     vertex  1.558936e+02 -9.852051e+01  0.000000e+00
     vertex  1.534830e+02 -9.850347e+01  0.000000e+00
   endloop
 endfacet
 facet normal  0.000000e+00 -0.000000e+00 -1.000000e+00
   outer loop
     vertex  1.387040e+02 -8.110347e+01  0.000000e+00
     vertex  1.387040e+02 -8.310347e+01  0.000000e+00
     vertex  1.386904e+02 -8.299994e+01  0.000000e+00
   endloop
 endfacet
 facet normal  0.000000e+00  0.000000e+00 -1.000000e+00
   outer loop
     vertex  1.387040e+02 -8.110347e+01  0.000000e+00
     vertex  1.386904e+02 -8.299994e+01  0.000000e+00
     vertex  1.386904e+02 -8.120700e+01  0.000000e+00
   endloop
 endfacet
 facet normal  0.000000e+00  0.000000e+00 -1.000000e+00
   outer loop
     vertex  1.582095e+02 -9.935702e+01  0.000000e+00
     vertex  1.563766e+02 -9.935702e+01  0.000000e+00
     vertex  1.564561e+02 -9.925347e+01  0.000000e+00
   endloop
 endfacet
 facet normal -0.000000e+00  0.000000e+00 -1.000000e+00
   outer loop
     vertex  1.582095e+02 -9.935702e+01  0.000000e+00
     vertex  1.562731e+02 -9.943648e+01  0.000000e+00
     vertex  1.563766e+02 -9.935702e+01  0.000000e+00
   endloop
 endfacet
 facet normal  0.000000e+00  0.000000e+00 -1.000000e+00
   outer loop
     vertex  1.583131e+02 -9.943648e+01  0.000000e+00
     vertex  1.562731e+02 -9.943648e+01  0.000000e+00
     vertex  1.582095e+02 -9.935702e+01  0.000000e+00
   endloop
 endfacet
 facet normal -0.000000e+00  0.000000e+00 -1.000000e+00
   outer loop
     vertex  1.583131e+02 -9.943648e+01  0.000000e+00
     vertex  1.561525e+02 -9.948643e+01  0.000000e+00
     vertex  1.562731e+02 -9.943648e+01  0.000000e+00
   endloop
 endfacet
 facet normal -0.000000e+00 -0.000000e+00 -1.000000e+00
   outer loop
     vertex  1.581300e+02 -9.925347e+01  0.000000e+00
     vertex  1.582095e+02 -9.935702e+01  0.000000e+00
     vertex  1.564561e+02 -9.925347e+01  0.000000e+00
   endloop
 endfacet
 facet normal  0.000000e+00  0.000000e+00 -1.000000e+00
   outer loop
     vertex  1.584336e+02 -9.948643e+01  0.000000e+00
     vertex  1.561525e+02 -9.948643e+01  0.000000e+00
     vertex  1.583131e+02 -9.943648e+01  0.000000e+00
   endloop
 endfacet
 facet normal  0.000000e+00 -0.000000e+00 -1.000000e+00
   outer loop
     vertex  1.580801e+02 -9.913288e+01  0.000000e+00
     vertex  1.581300e+02 -9.925347e+01  0.000000e+00
     vertex  1.564561e+02 -9.925347e+01  0.000000e+00
   endloop
 endfacet
 facet normal  0.000000e+00  0.000000e+00 -1.000000e+00
   outer loop
     vertex  1.580801e+02 -9.913288e+01  0.000000e+00
     vertex  1.565060e+02 -9.913288e+01  0.000000e+00
     vertex  1.565231e+02 -9.900347e+01  0.000000e+00
   endloop
 endfacet
 facet normal -0.000000e+00  0.000000e+00 -1.000000e+00
   outer loop
     vertex  1.580801e+02 -9.913288e+01  0.000000e+00
     vertex  1.564561e+02 -9.925347e+01  0.000000e+00
     vertex  1.565060e+02 -9.913288e+01  0.000000e+00
   endloop
 endfacet
 facet normal  0.000000e+00  0.000000e+00 -1.000000e+00
   outer loop
     vertex  1.585631e+02 -9.950347e+01  0.000000e+00
     vertex  1.561525e+02 -9.948643e+01  0.000000e+00
     vertex  1.584336e+02 -9.948643e+01  0.000000e+00
   endloop
 endfacet
 facet normal  0.000000e+00  0.000000e+00 -1.000000e+00
   outer loop
     vertex  1.585631e+02 -9.950347e+01  0.000000e+00
     vertex  1.560231e+02 -9.950347e+01  0.000000e+00
     vertex  1.561525e+02 -9.948643e+01  0.000000e+00
   endloop
 endfacet
 facet normal -0.000000e+00  0.000000e+00 -1.000000e+00
   outer loop
     vertex  1.585631e+02 -9.950347e+01  0.000000e+00
     vertex  1.365040e+02 -1.217035e+02  0.000000e+00
     vertex  1.560231e+02 -9.950347e+01  0.000000e+00
   endloop
 endfacet
 facet normal  0.000000e+00 -0.000000e+00 -1.000000e+00
   outer loop
     vertex  1.585631e+02 -9.950347e+01  0.000000e+00
     vertex  1.782363e+02 -1.235712e+02  0.000000e+00
     vertex  1.365040e+02 -1.217035e+02  0.000000e+00
   endloop
 endfacet
 facet normal -0.000000e+00 -0.000000e+00 -1.000000e+00
   outer loop
     vertex  1.580631e+02 -9.900347e+01  0.000000e+00
     vertex  1.580801e+02 -9.913288e+01  0.000000e+00
     vertex  1.565231e+02 -9.900347e+01  0.000000e+00
   endloop
 endfacet
 facet normal  0.000000e+00  0.000000e+00 -1.000000e+00
   outer loop
     vertex  1.580631e+02 -9.900347e+01  0.000000e+00
     vertex  1.565231e+02 -9.900347e+01  0.000000e+00
     vertex  1.565060e+02 -9.887406e+01  0.000000e+00
   endloop
 endfacet
 facet normal -0.000000e+00  0.000000e+00 -1.000000e+00
   outer loop
     vertex  1.580801e+02 -9.887406e+01  0.000000e+00
     vertex  1.580631e+02 -9.900347e+01  0.000000e+00
     vertex  1.565060e+02 -9.887406e+01  0.000000e+00
   endloop
 endfacet
 facet normal  0.000000e+00  0.000000e+00 -1.000000e+00
   outer loop
     vertex  1.581300e+02 -9.875347e+01  0.000000e+00
     vertex  1.564561e+02 -9.875347e+01  0.000000e+00
     vertex  1.563766e+02 -9.864992e+01  0.000000e+00
   endloop
 endfacet
 facet normal -0.000000e+00  0.000000e+00 -1.000000e+00
   outer loop
     vertex  1.581300e+02 -9.875347e+01  0.000000e+00
     vertex  1.565060e+02 -9.887406e+01  0.000000e+00
     vertex  1.564561e+02 -9.875347e+01  0.000000e+00
   endloop
 endfacet
 facet normal  0.000000e+00  0.000000e+00 -1.000000e+00
   outer loop
     vertex  1.581300e+02 -9.875347e+01  0.000000e+00
     vertex  1.580801e+02 -9.887406e+01  0.000000e+00
     vertex  1.565060e+02 -9.887406e+01  0.000000e+00
   endloop
 endfacet
 facet normal  0.000000e+00  0.000000e+00 -1.000000e+00
   outer loop
     vertex  1.582095e+02 -9.864992e+01  0.000000e+00
     vertex  1.563766e+02 -9.864992e+01  0.000000e+00
     vertex  1.562731e+02 -9.857046e+01  0.000000e+00
   endloop
 endfacet
 facet normal -0.000000e+00  0.000000e+00 -1.000000e+00
   outer loop
     vertex  1.582095e+02 -9.864992e+01  0.000000e+00
     vertex  1.581300e+02 -9.875347e+01  0.000000e+00
     vertex  1.563766e+02 -9.864992e+01  0.000000e+00
   endloop
 endfacet
 facet normal -0.000000e+00  0.000000e+00 -1.000000e+00
   outer loop
     vertex  1.583131e+02 -9.857046e+01  0.000000e+00
     vertex  1.582095e+02 -9.864992e+01  0.000000e+00
     vertex  1.562731e+02 -9.857046e+01  0.000000e+00
   endloop
 endfacet
 facet normal  0.000000e+00  0.000000e+00 -1.000000e+00
   outer loop
     vertex  1.584336e+02 -9.852051e+01  0.000000e+00
     vertex  1.561525e+02 -9.852051e+01  0.000000e+00
     vertex  1.560231e+02 -9.850347e+01  0.000000e+00
   endloop
 endfacet
 facet normal -0.000000e+00  0.000000e+00 -1.000000e+00
   outer loop
     vertex  1.584336e+02 -9.852051e+01  0.000000e+00
     vertex  1.562731e+02 -9.857046e+01  0.000000e+00
     vertex  1.561525e+02 -9.852051e+01  0.000000e+00
   endloop
 endfacet
 facet normal  0.000000e+00  0.000000e+00 -1.000000e+00
   outer loop
     vertex  1.584336e+02 -9.852051e+01  0.000000e+00
     vertex  1.583131e+02 -9.857046e+01  0.000000e+00
     vertex  1.562731e+02 -9.857046e+01  0.000000e+00
   endloop
 endfacet
 facet normal -0.000000e+00  0.000000e+00 -1.000000e+00
   outer loop
     vertex  1.585631e+02 -9.850347e+01  0.000000e+00
     vertex  1.584336e+02 -9.852051e+01  0.000000e+00
     vertex  1.560231e+02 -9.850347e+01  0.000000e+00
   endloop
 endfacet
 facet normal  0.000000e+00 -0.000000e+00 -1.000000e+00
   outer loop
     vertex  1.327404e+02 -7.222825e+01  0.000000e+00
     vertex  1.341040e+02 -8.110347e+01  0.000000e+00
     vertex  1.312698e+02 -8.884157e+01  0.000000e+00
   endloop
 endfacet
 facet normal  0.000000e+00  0.000000e+00 -1.000000e+00
   outer loop
     vertex  1.327404e+02 -7.222825e+01  0.000000e+00
     vertex  1.341176e+02 -8.099994e+01  0.000000e+00
     vertex  1.341040e+02 -8.110347e+01  0.000000e+00
   endloop
 endfacet
 facet normal  0.000000e+00  0.000000e+00 -1.000000e+00
   outer loop
     vertex  1.327404e+02 -7.222825e+01  0.000000e+00
     vertex  1.341576e+02 -8.090347e+01  0.000000e+00
     vertex  1.341176e+02 -8.099994e+01  0.000000e+00
   endloop
 endfacet
 facet normal  0.000000e+00  0.000000e+00 -1.000000e+00
   outer loop
     vertex  1.339352e+02 -7.342308e+01  0.000000e+00
     vertex  1.342212e+02 -8.082063e+01  0.000000e+00
     vertex  1.341576e+02 -8.090347e+01  0.000000e+00
   endloop
 endfacet
 facet normal  0.000000e+00  0.000000e+00 -1.000000e+00
   outer loop
     vertex  1.339352e+02 -7.342308e+01  0.000000e+00
     vertex  1.343040e+02 -8.075706e+01  0.000000e+00
     vertex  1.342212e+02 -8.082063e+01  0.000000e+00
   endloop
 endfacet
 facet normal  0.000000e+00  0.000000e+00 -1.000000e+00
   outer loop
     vertex  1.339352e+02 -7.342308e+01  0.000000e+00
     vertex  1.344005e+02 -8.071710e+01  0.000000e+00
     vertex  1.343040e+02 -8.075706e+01  0.000000e+00
   endloop
 endfacet
 facet normal  0.000000e+00  0.000000e+00 -1.000000e+00
   outer loop
     vertex  1.339352e+02 -7.342308e+01  0.000000e+00
     vertex  1.345040e+02 -8.070347e+01  0.000000e+00
     vertex  1.344005e+02 -8.071710e+01  0.000000e+00
   endloop
 endfacet
 facet normal -0.000000e+00 -0.000000e+00 -1.000000e+00
   outer loop
     vertex  1.339352e+02 -7.342308e+01  0.000000e+00
     vertex  1.341576e+02 -8.090347e+01  0.000000e+00
     vertex  1.327404e+02 -7.222825e+01  0.000000e+00
   endloop
 endfacet
 facet normal  0.000000e+00  0.000000e+00 -1.000000e+00
   outer loop
     vertex  1.350298e+02 -7.342308e+01  0.000000e+00
     vertex  1.382005e+02 -8.071710e+01  0.000000e+00
     vertex  1.381040e+02 -8.075706e+01  0.000000e+00
   endloop
 endfacet
 facet normal  0.000000e+00  0.000000e+00 -1.000000e+00
   outer loop
     vertex  1.350298e+02 -7.342308e+01  0.000000e+00
     vertex  1.383040e+02 -8.070347e+01  0.000000e+00
     vertex  1.382005e+02 -8.071710e+01  0.000000e+00
   endloop
 endfacet
 facet normal  0.000000e+00  0.000000e+00 -1.000000e+00
   outer loop
     vertex  1.350298e+02 -7.342308e+01  0.000000e+00
     vertex  1.384075e+02 -8.071710e+01  0.000000e+00
     vertex  1.383040e+02 -8.070347e+01  0.000000e+00
   endloop
 endfacet
 facet normal  0.000000e+00  0.000000e+00 -1.000000e+00
   outer loop
     vertex  1.350298e+02 -7.342308e+01  0.000000e+00
     vertex  1.385040e+02 -8.075706e+01  0.000000e+00
     vertex  1.384075e+02 -8.071710e+01  0.000000e+00
   endloop
 endfacet
 facet normal -0.000000e+00  0.000000e+00 -1.000000e+00
   outer loop
     vertex  1.350298e+02 -7.342308e+01  0.000000e+00
     vertex  1.345040e+02 -8.070347e+01  0.000000e+00
     vertex  1.339352e+02 -7.342308e+01  0.000000e+00
   endloop
 endfacet
 facet normal  0.000000e+00  0.000000e+00 -1.000000e+00
   outer loop
     vertex  1.350298e+02 -7.342308e+01  0.000000e+00
     vertex  1.346075e+02 -8.071710e+01  0.000000e+00
     vertex  1.345040e+02 -8.070347e+01  0.000000e+00
   endloop
 endfacet
 facet normal  0.000000e+00  0.000000e+00 -1.000000e+00
   outer loop
     vertex  1.350298e+02 -7.342308e+01  0.000000e+00
     vertex  1.347040e+02 -8.075706e+01  0.000000e+00
     vertex  1.346075e+02 -8.071710e+01  0.000000e+00
   endloop
 endfacet
 facet normal  0.000000e+00 -0.000000e+00 -1.000000e+00
   outer loop
     vertex  1.350298e+02 -7.342308e+01  0.000000e+00
     vertex  1.381040e+02 -8.075706e+01  0.000000e+00
     vertex  1.347040e+02 -8.075706e+01  0.000000e+00
   endloop
 endfacet
 facet normal  0.000000e+00  0.000000e+00 -1.000000e+00
   outer loop
     vertex  1.782024e+02 -1.124003e+02  0.000000e+00
     vertex  1.782363e+02 -1.124384e+02  0.000000e+00
     vertex  1.782363e+02 -1.235712e+02  0.000000e+00
   endloop
 endfacet
 facet normal  0.000000e+00  0.000000e+00 -1.000000e+00
   outer loop
     vertex  1.312698e+02 -6.532218e+01  0.000000e+00
     vertex  1.327404e+02 -7.222825e+01  0.000000e+00
     vertex  1.312698e+02 -8.884157e+01  0.000000e+00
   endloop
 endfacet
 facet normal  0.000000e+00  0.000000e+00 -1.000000e+00
   outer loop
     vertex  1.757198e+02 -1.096421e+02  0.000000e+00
     vertex  1.589961e+02 -9.925347e+01  0.000000e+00
     vertex  1.590460e+02 -9.913288e+01  0.000000e+00
   endloop
 endfacet
 facet normal  0.000000e+00  0.000000e+00 -1.000000e+00
   outer loop
     vertex  1.757198e+02 -1.096421e+02  0.000000e+00
     vertex  1.589166e+02 -9.935702e+01  0.000000e+00
     vertex  1.589961e+02 -9.925347e+01  0.000000e+00
   endloop
 endfacet
 facet normal  0.000000e+00  0.000000e+00 -1.000000e+00
   outer loop
     vertex  1.757198e+02 -1.096421e+02  0.000000e+00
     vertex  1.588131e+02 -9.943648e+01  0.000000e+00
     vertex  1.589166e+02 -9.935702e+01  0.000000e+00
   endloop
 endfacet
 facet normal  0.000000e+00  0.000000e+00 -1.000000e+00
   outer loop
     vertex  1.757198e+02 -1.096421e+02  0.000000e+00
     vertex  1.586925e+02 -9.948643e+01  0.000000e+00
     vertex  1.588131e+02 -9.943648e+01  0.000000e+00
   endloop
 endfacet
 facet normal  0.000000e+00  0.000000e+00 -1.000000e+00
   outer loop
     vertex  1.757198e+02 -1.096421e+02  0.000000e+00
     vertex  1.585631e+02 -9.950347e+01  0.000000e+00
     vertex  1.586925e+02 -9.948643e+01  0.000000e+00
   endloop
 endfacet
 facet normal  0.000000e+00  0.000000e+00 -1.000000e+00
   outer loop
     vertex  1.757198e+02 -1.096421e+02  0.000000e+00
     vertex  1.782024e+02 -1.124003e+02  0.000000e+00
     vertex  1.782363e+02 -1.235712e+02  0.000000e+00
   endloop
 endfacet
 facet normal -0.000000e+00 -0.000000e+00 -1.000000e+00
   outer loop
     vertex  1.757198e+02 -1.096421e+02  0.000000e+00
     vertex  1.782363e+02 -1.235712e+02  0.000000e+00
     vertex  1.585631e+02 -9.950347e+01  0.000000e+00
   endloop
 endfacet
 facet normal -0.000000e+00 -0.000000e+00 -1.000000e+00
   outer loop
     vertex  1.327404e+02 -6.603289e+01  0.000000e+00
     vertex  1.327404e+02 -7.222825e+01  0.000000e+00
     vertex  1.312698e+02 -6.532218e+01  0.000000e+00
   endloop
 endfacet
 facet normal  0.000000e+00 -0.000000e+00 -1.000000e+00
   outer loop
     vertex  1.343916e+02 -6.220041e+01  0.000000e+00
     vertex  1.353894e+02 -6.350000e+01  0.000000e+00
     vertex  1.327404e+02 -6.603289e+01  0.000000e+00
   endloop
 endfacet
 facet normal  0.000000e+00  0.000000e+00 -1.000000e+00
   outer loop
     vertex  1.343916e+02 -6.220041e+01  0.000000e+00
     vertex  1.327404e+02 -6.603289e+01  0.000000e+00
     vertex  1.312698e+02 -6.532218e+01  0.000000e+00
   endloop
 endfacet
 facet normal  0.000000e+00  0.000000e+00 -1.000000e+00
   outer loop
     vertex  1.426816e+02 -6.577126e+01  0.000000e+00
     vertex  1.385868e+02 -8.082063e+01  0.000000e+00
     vertex  1.385040e+02 -8.075706e+01  0.000000e+00
   endloop
 endfacet
 facet normal  0.000000e+00  0.000000e+00 -1.000000e+00
   outer loop
     vertex  1.426816e+02 -6.577126e+01  0.000000e+00
     vertex  1.386504e+02 -8.090347e+01  0.000000e+00
     vertex  1.385868e+02 -8.082063e+01  0.000000e+00
   endloop
 endfacet
 facet normal  0.000000e+00  0.000000e+00 -1.000000e+00
   outer loop
     vertex  1.426816e+02 -6.577126e+01  0.000000e+00
     vertex  1.386904e+02 -8.099994e+01  0.000000e+00
     vertex  1.386504e+02 -8.090347e+01  0.000000e+00
   endloop
 endfacet
 facet normal  0.000000e+00  0.000000e+00 -1.000000e+00
   outer loop
     vertex  1.426816e+02 -6.577126e+01  0.000000e+00
     vertex  1.385040e+02 -8.075706e+01  0.000000e+00
     vertex  1.350298e+02 -7.342308e+01  0.000000e+00
   endloop
 endfacet
 facet normal  0.000000e+00  0.000000e+00 -1.000000e+00
   outer loop
     vertex  1.414070e+02 -6.350000e+01  0.000000e+00
     vertex  1.353894e+02 -6.350000e+01  0.000000e+00
     vertex  1.343916e+02 -6.220041e+01  0.000000e+00
   endloop
 endfacet
 facet normal  0.000000e+00 -0.000000e+00 -1.000000e+00
   outer loop
     vertex  1.757198e+02 -9.148740e+01  0.000000e+00
     vertex  1.757198e+02 -1.096421e+02  0.000000e+00
     vertex  1.590460e+02 -9.913288e+01  0.000000e+00
   endloop
 endfacet
 facet normal  0.000000e+00  0.000000e+00 -1.000000e+00
   outer loop
     vertex  1.757198e+02 -9.148740e+01  0.000000e+00
     vertex  1.589166e+02 -9.864992e+01  0.000000e+00
     vertex  1.588131e+02 -9.857046e+01  0.000000e+00
   endloop
 endfacet
 facet normal  0.000000e+00  0.000000e+00 -1.000000e+00
   outer loop
     vertex  1.757198e+02 -9.148740e+01  0.000000e+00
     vertex  1.589961e+02 -9.875347e+01  0.000000e+00
     vertex  1.589166e+02 -9.864992e+01  0.000000e+00
   endloop
 endfacet
 facet normal  0.000000e+00  0.000000e+00 -1.000000e+00
   outer loop
     vertex  1.757198e+02 -9.148740e+01  0.000000e+00
     vertex  1.590460e+02 -9.887406e+01  0.000000e+00
     vertex  1.589961e+02 -9.875347e+01  0.000000e+00
   endloop
 endfacet
 facet normal  0.000000e+00  0.000000e+00 -1.000000e+00
   outer loop
     vertex  1.757198e+02 -9.148740e+01  0.000000e+00
     vertex  1.590631e+02 -9.900347e+01  0.000000e+00
     vertex  1.590460e+02 -9.887406e+01  0.000000e+00
   endloop
 endfacet
 facet normal  0.000000e+00  0.000000e+00 -1.000000e+00
   outer loop
     vertex  1.757198e+02 -9.148740e+01  0.000000e+00
     vertex  1.590460e+02 -9.913288e+01  0.000000e+00
     vertex  1.590631e+02 -9.900347e+01  0.000000e+00
   endloop
 endfacet
 facet normal  0.000000e+00  0.000000e+00 -1.000000e+00
   outer loop
     vertex  1.704212e+02 -7.678631e+01  0.000000e+00
     vertex  1.586925e+02 -9.852051e+01  0.000000e+00
     vertex  1.585631e+02 -9.850347e+01  0.000000e+00
   endloop
 endfacet
 facet normal  0.000000e+00 -0.000000e+00 -1.000000e+00
   outer loop
     vertex  1.703576e+02 -7.670347e+01  0.000000e+00
     vertex  1.704212e+02 -7.678631e+01  0.000000e+00
     vertex  1.585631e+02 -9.850347e+01  0.000000e+00
   endloop
 endfacet
 facet normal  0.000000e+00  0.000000e+00 -1.000000e+00
   outer loop
     vertex  1.703576e+02 -7.670347e+01  0.000000e+00
     vertex  1.585631e+02 -9.850347e+01  0.000000e+00
     vertex  1.560231e+02 -9.850347e+01  0.000000e+00
   endloop
 endfacet
 facet normal -0.000000e+00  0.000000e+00 -1.000000e+00
   outer loop
     vertex  1.705040e+02 -7.684988e+01  0.000000e+00
     vertex  1.586925e+02 -9.852051e+01  0.000000e+00
     vertex  1.704212e+02 -7.678631e+01  0.000000e+00
   endloop
 endfacet
 facet normal  0.000000e+00  0.000000e+00 -1.000000e+00
   outer loop
     vertex  1.705040e+02 -7.684988e+01  0.000000e+00
     vertex  1.588131e+02 -9.857046e+01  0.000000e+00
     vertex  1.586925e+02 -9.852051e+01  0.000000e+00
   endloop
 endfacet
 facet normal  0.000000e+00 -0.000000e+00 -1.000000e+00
   outer loop
     vertex  1.705040e+02 -7.684988e+01  0.000000e+00
     vertex  1.757198e+02 -9.148740e+01  0.000000e+00
     vertex  1.588131e+02 -9.857046e+01  0.000000e+00
   endloop
 endfacet
 facet normal  0.000000e+00  0.000000e+00 -1.000000e+00
   outer loop
     vertex  1.703176e+02 -7.660700e+01  0.000000e+00
     vertex  1.560231e+02 -9.850347e+01  0.000000e+00
     vertex  1.387040e+02 -8.310347e+01  0.000000e+00
   endloop
 endfacet
 facet normal  0.000000e+00  0.000000e+00 -1.000000e+00
   outer loop
     vertex  1.703176e+02 -7.660700e+01  0.000000e+00
     vertex  1.387040e+02 -8.110347e+01  0.000000e+00
     vertex  1.386904e+02 -8.099994e+01  0.000000e+00
   endloop
 endfacet
 facet normal  0.000000e+00  0.000000e+00 -1.000000e+00
   outer loop
     vertex  1.703176e+02 -7.660700e+01  0.000000e+00
     vertex  1.387040e+02 -8.310347e+01  0.000000e+00
     vertex  1.387040e+02 -8.110347e+01  0.000000e+00
   endloop
 endfacet
 facet normal  0.000000e+00 -0.000000e+00 -1.000000e+00
   outer loop
     vertex  1.703176e+02 -7.660700e+01  0.000000e+00
     vertex  1.703576e+02 -7.670347e+01  0.000000e+00
     vertex  1.560231e+02 -9.850347e+01  0.000000e+00
   endloop
 endfacet
 facet normal  0.000000e+00 -0.000000e+00 -1.000000e+00
   outer loop
     vertex  1.703040e+02 -7.650347e+01  0.000000e+00
     vertex  1.703176e+02 -7.660700e+01  0.000000e+00
     vertex  1.386904e+02 -8.099994e+01  0.000000e+00
   endloop
 endfacet
 facet normal -0.000000e+00  0.000000e+00 -1.000000e+00
   outer loop
     vertex  1.703040e+02 -7.650347e+01  0.000000e+00
     vertex  1.386904e+02 -8.099994e+01  0.000000e+00
     vertex  1.426816e+02 -6.577126e+01  0.000000e+00
   endloop
 endfacet
 facet normal -0.000000e+00 -0.000000e+00 -1.000000e+00
   outer loop
     vertex  1.747290e+02 -8.045299e+01  0.000000e+00
     vertex  1.757198e+02 -9.148740e+01  0.000000e+00
     vertex  1.745737e+02 -8.033380e+01  0.000000e+00
   endloop
 endfacet
 facet normal  0.000000e+00  0.000000e+00 -1.000000e+00
   outer loop
     vertex  1.744545e+02 -8.017847e+01  0.000000e+00
     vertex  1.705040e+02 -7.684988e+01  0.000000e+00
     vertex  1.706005e+02 -7.688984e+01  0.000000e+00
   endloop
 endfacet
 facet normal  0.000000e+00  0.000000e+00 -1.000000e+00
   outer loop
     vertex  1.744545e+02 -8.017847e+01  0.000000e+00
     vertex  1.745737e+02 -8.033380e+01  0.000000e+00
     vertex  1.757198e+02 -9.148740e+01  0.000000e+00
   endloop
 endfacet
 facet normal -0.000000e+00 -0.000000e+00 -1.000000e+00
   outer loop
     vertex  1.744545e+02 -8.017847e+01  0.000000e+00
     vertex  1.757198e+02 -9.148740e+01  0.000000e+00
     vertex  1.705040e+02 -7.684988e+01  0.000000e+00
   endloop
 endfacet
 facet normal  0.000000e+00  0.000000e+00 -1.000000e+00
   outer loop
     vertex  1.749099e+02 -8.052792e+01  0.000000e+00
     vertex  1.782024e+02 -8.872912e+01  0.000000e+00
     vertex  1.757198e+02 -9.148740e+01  0.000000e+00
   endloop
 endfacet
 facet normal -0.000000e+00 -0.000000e+00 -1.000000e+00
   outer loop
     vertex  1.749099e+02 -8.052792e+01  0.000000e+00
     vertex  1.757198e+02 -9.148740e+01  0.000000e+00
     vertex  1.747290e+02 -8.045299e+01  0.000000e+00
   endloop
 endfacet
 facet normal  0.000000e+00  0.000000e+00 -1.000000e+00
   outer loop
     vertex  1.743796e+02 -7.999759e+01  0.000000e+00
     vertex  1.706005e+02 -7.688984e+01  0.000000e+00
     vertex  1.707040e+02 -7.690347e+01  0.000000e+00
   endloop
 endfacet
 facet normal -0.000000e+00 -0.000000e+00 -1.000000e+00
   outer loop
     vertex  1.743796e+02 -7.999759e+01  0.000000e+00
     vertex  1.744545e+02 -8.017847e+01  0.000000e+00
     vertex  1.706005e+02 -7.688984e+01  0.000000e+00
   endloop
 endfacet
 facet normal  0.000000e+00  0.000000e+00 -1.000000e+00
   outer loop
     vertex  1.751040e+02 -8.055347e+01  0.000000e+00
     vertex  1.782363e+02 -8.869129e+01  0.000000e+00
     vertex  1.782024e+02 -8.872912e+01  0.000000e+00
   endloop
 endfacet
 facet normal -0.000000e+00 -0.000000e+00 -1.000000e+00
   outer loop
     vertex  1.751040e+02 -8.055347e+01  0.000000e+00
     vertex  1.782024e+02 -8.872912e+01  0.000000e+00
     vertex  1.749099e+02 -8.052792e+01  0.000000e+00
   endloop
 endfacet
 facet normal -0.000000e+00 -0.000000e+00 -1.000000e+00
   outer loop
     vertex  1.743540e+02 -7.980347e+01  0.000000e+00
     vertex  1.743796e+02 -7.999759e+01  0.000000e+00
     vertex  1.707040e+02 -7.690347e+01  0.000000e+00
   endloop
 endfacet
 facet normal  0.000000e+00  0.000000e+00 -1.000000e+00
   outer loop
     vertex  1.743540e+02 -7.980347e+01  0.000000e+00
     vertex  1.707040e+02 -7.690347e+01  0.000000e+00
     vertex  1.708075e+02 -7.688984e+01  0.000000e+00
   endloop
 endfacet
 facet normal -0.000000e+00  0.000000e+00 -1.000000e+00
   outer loop
     vertex  1.743796e+02 -7.960936e+01  0.000000e+00
     vertex  1.743540e+02 -7.980347e+01  0.000000e+00
     vertex  1.708075e+02 -7.688984e+01  0.000000e+00
   endloop
 endfacet
 facet normal  0.000000e+00  0.000000e+00 -1.000000e+00
   outer loop
     vertex  1.743796e+02 -7.960936e+01  0.000000e+00
     vertex  1.708075e+02 -7.688984e+01  0.000000e+00
     vertex  1.709040e+02 -7.684988e+01  0.000000e+00
   endloop
 endfacet
 facet normal  0.000000e+00 -0.000000e+00 -1.000000e+00
   outer loop
     vertex  1.752981e+02 -8.052792e+01  0.000000e+00
     vertex  1.782363e+02 -8.869129e+01  0.000000e+00
     vertex  1.751040e+02 -8.055347e+01  0.000000e+00
   endloop
 endfacet
 facet normal  0.000000e+00 -0.000000e+00 -1.000000e+00
   outer loop
     vertex  1.754790e+02 -8.045299e+01  0.000000e+00
     vertex  1.782363e+02 -8.869129e+01  0.000000e+00
     vertex  1.752981e+02 -8.052792e+01  0.000000e+00
   endloop
 endfacet
 facet normal  0.000000e+00  0.000000e+00 -1.000000e+00
   outer loop
     vertex  1.744545e+02 -7.942847e+01  0.000000e+00
     vertex  1.709040e+02 -7.684988e+01  0.000000e+00
     vertex  1.709868e+02 -7.678631e+01  0.000000e+00
   endloop
 endfacet
 facet normal -0.000000e+00  0.000000e+00 -1.000000e+00
   outer loop
     vertex  1.744545e+02 -7.942847e+01  0.000000e+00
     vertex  1.743796e+02 -7.960936e+01  0.000000e+00
     vertex  1.709040e+02 -7.684988e+01  0.000000e+00
   endloop
 endfacet
 facet normal  0.000000e+00 -0.000000e+00 -1.000000e+00
   outer loop
     vertex  1.756343e+02 -8.033380e+01  0.000000e+00
     vertex  1.782363e+02 -8.869129e+01  0.000000e+00
     vertex  1.754790e+02 -8.045299e+01  0.000000e+00
   endloop
 endfacet
 facet normal  0.000000e+00 -0.000000e+00 -1.000000e+00
   outer loop
     vertex  1.757535e+02 -8.017847e+01  0.000000e+00
     vertex  1.782363e+02 -8.869129e+01  0.000000e+00
     vertex  1.756343e+02 -8.033380e+01  0.000000e+00
   endloop
 endfacet
 facet normal  0.000000e+00  0.000000e+00 -1.000000e+00
   outer loop
     vertex  1.704212e+02 -7.478631e+01  0.000000e+00
     vertex  1.705040e+02 -7.615706e+01  0.000000e+00
     vertex  1.704212e+02 -7.622063e+01  0.000000e+00
   endloop
 endfacet
 facet normal  0.000000e+00  0.000000e+00 -1.000000e+00
   outer loop
     vertex  1.703576e+02 -7.470347e+01  0.000000e+00
     vertex  1.704212e+02 -7.622063e+01  0.000000e+00
     vertex  1.703576e+02 -7.630347e+01  0.000000e+00
   endloop
 endfacet
 facet normal  0.000000e+00  0.000000e+00 -1.000000e+00
   outer loop
     vertex  1.703576e+02 -7.470347e+01  0.000000e+00
     vertex  1.704212e+02 -7.478631e+01  0.000000e+00
     vertex  1.704212e+02 -7.622063e+01  0.000000e+00
   endloop
 endfacet
 facet normal -0.000000e+00 -0.000000e+00 -1.000000e+00
   outer loop
     vertex  1.705040e+02 -7.484988e+01  0.000000e+00
     vertex  1.705040e+02 -7.615706e+01  0.000000e+00
     vertex  1.704212e+02 -7.478631e+01  0.000000e+00
   endloop
 endfacet
 facet normal  0.000000e+00  0.000000e+00 -1.000000e+00
   outer loop
     vertex  1.703176e+02 -7.460700e+01  0.000000e+00
     vertex  1.703576e+02 -7.470347e+01  0.000000e+00
     vertex  1.703576e+02 -7.630347e+01  0.000000e+00
   endloop
 endfacet
 facet normal  0.000000e+00 -0.000000e+00 -1.000000e+00
   outer loop
     vertex  1.703176e+02 -7.460700e+01  0.000000e+00
     vertex  1.703176e+02 -7.639994e+01  0.000000e+00
     vertex  1.703040e+02 -7.650347e+01  0.000000e+00
   endloop
 endfacet
 facet normal  0.000000e+00  0.000000e+00 -1.000000e+00
   outer loop
     vertex  1.703176e+02 -7.460700e+01  0.000000e+00
     vertex  1.703576e+02 -7.630347e+01  0.000000e+00
     vertex  1.703176e+02 -7.639994e+01  0.000000e+00
   endloop
 endfacet
 facet normal  0.000000e+00 -0.000000e+00 -1.000000e+00
   outer loop
     vertex  1.706005e+02 -7.488984e+01  0.000000e+00
     vertex  1.706005e+02 -7.611710e+01  0.000000e+00
     vertex  1.705040e+02 -7.615706e+01  0.000000e+00
   endloop
 endfacet
 facet normal  0.000000e+00  0.000000e+00 -1.000000e+00
   outer loop
     vertex  1.706005e+02 -7.488984e+01  0.000000e+00
     vertex  1.707040e+02 -7.610347e+01  0.000000e+00
     vertex  1.706005e+02 -7.611710e+01  0.000000e+00
   endloop
 endfacet
 facet normal -0.000000e+00  0.000000e+00 -1.000000e+00
   outer loop
     vertex  1.706005e+02 -7.488984e+01  0.000000e+00
     vertex  1.705040e+02 -7.615706e+01  0.000000e+00
     vertex  1.705040e+02 -7.484988e+01  0.000000e+00
   endloop
 endfacet
 facet normal -0.000000e+00 -0.000000e+00 -1.000000e+00
   outer loop
     vertex  1.707040e+02 -7.490347e+01  0.000000e+00
     vertex  1.707040e+02 -7.610347e+01  0.000000e+00
     vertex  1.706005e+02 -7.488984e+01  0.000000e+00
   endloop
 endfacet
 facet normal -0.000000e+00 -0.000000e+00 -1.000000e+00
   outer loop
     vertex  1.703040e+02 -7.450347e+01  0.000000e+00
     vertex  1.703040e+02 -7.650347e+01  0.000000e+00
     vertex  1.426816e+02 -6.577126e+01  0.000000e+00
   endloop
 endfacet
 facet normal  0.000000e+00  0.000000e+00 -1.000000e+00
   outer loop
     vertex  1.703040e+02 -7.450347e+01  0.000000e+00
     vertex  1.703176e+02 -7.460700e+01  0.000000e+00
     vertex  1.703040e+02 -7.650347e+01  0.000000e+00
   endloop
 endfacet
 facet normal  0.000000e+00 -0.000000e+00 -1.000000e+00
   outer loop
     vertex  1.758284e+02 -7.999759e+01  0.000000e+00
     vertex  1.782363e+02 -8.869129e+01  0.000000e+00
     vertex  1.757535e+02 -8.017847e+01  0.000000e+00
   endloop
 endfacet
 facet normal -0.000000e+00  0.000000e+00 -1.000000e+00
   outer loop
     vertex  1.703176e+02 -7.439994e+01  0.000000e+00
     vertex  1.703040e+02 -7.450347e+01  0.000000e+00
     vertex  1.426816e+02 -6.577126e+01  0.000000e+00
   endloop
 endfacet
 facet normal  0.000000e+00  0.000000e+00 -1.000000e+00
   outer loop
     vertex  1.708075e+02 -7.488984e+01  0.000000e+00
     vertex  1.707040e+02 -7.610347e+01  0.000000e+00
     vertex  1.707040e+02 -7.490347e+01  0.000000e+00
   endloop
 endfacet
 facet normal  0.000000e+00 -0.000000e+00 -1.000000e+00
   outer loop
     vertex  1.708075e+02 -7.488984e+01  0.000000e+00
     vertex  1.708075e+02 -7.611710e+01  0.000000e+00
     vertex  1.707040e+02 -7.610347e+01  0.000000e+00
   endloop
 endfacet
 facet normal  0.000000e+00 -0.000000e+00 -1.000000e+00
   outer loop
     vertex  1.758540e+02 -7.980347e+01  0.000000e+00
     vertex  1.782363e+02 -8.869129e+01  0.000000e+00
     vertex  1.758284e+02 -7.999759e+01  0.000000e+00
   endloop
 endfacet
 facet normal -0.000000e+00  0.000000e+00 -1.000000e+00
   outer loop
     vertex  1.703576e+02 -7.430347e+01  0.000000e+00
     vertex  1.703176e+02 -7.439994e+01  0.000000e+00
     vertex  1.426816e+02 -6.577126e+01  0.000000e+00
   endloop
 endfacet
 facet normal  0.000000e+00  0.000000e+00 -1.000000e+00
   outer loop
     vertex  1.703576e+02 -7.430347e+01  0.000000e+00
     vertex  1.426816e+02 -6.577126e+01  0.000000e+00
     vertex  1.426816e+02 -6.467674e+01  0.000000e+00
   endloop
 endfacet
 facet normal  0.000000e+00  0.000000e+00 -1.000000e+00
   outer loop
     vertex  1.709040e+02 -7.484988e+01  0.000000e+00
     vertex  1.708075e+02 -7.611710e+01  0.000000e+00
     vertex  1.708075e+02 -7.488984e+01  0.000000e+00
   endloop
 endfacet
 facet normal  0.000000e+00 -0.000000e+00 -1.000000e+00
   outer loop
     vertex  1.709040e+02 -7.484988e+01  0.000000e+00
     vertex  1.709040e+02 -7.615706e+01  0.000000e+00
     vertex  1.708075e+02 -7.611710e+01  0.000000e+00
   endloop
 endfacet
 facet normal -0.000000e+00  0.000000e+00 -1.000000e+00
   outer loop
     vertex  1.704212e+02 -7.422063e+01  0.000000e+00
     vertex  1.703576e+02 -7.430347e+01  0.000000e+00
     vertex  1.426816e+02 -6.467674e+01  0.000000e+00
   endloop
 endfacet
 facet normal  0.000000e+00  0.000000e+00 -1.000000e+00
   outer loop
     vertex  1.709868e+02 -7.478631e+01  0.000000e+00
     vertex  1.709040e+02 -7.615706e+01  0.000000e+00
     vertex  1.709040e+02 -7.484988e+01  0.000000e+00
   endloop
 endfacet
 facet normal  0.000000e+00 -0.000000e+00 -1.000000e+00
   outer loop
     vertex  1.709868e+02 -7.478631e+01  0.000000e+00
     vertex  1.709868e+02 -7.622063e+01  0.000000e+00
     vertex  1.709040e+02 -7.615706e+01  0.000000e+00
   endloop
 endfacet
 facet normal  0.000000e+00  0.000000e+00 -1.000000e+00
   outer loop
     vertex  1.710504e+02 -7.470347e+01  0.000000e+00
     vertex  1.709868e+02 -7.622063e+01  0.000000e+00
     vertex  1.709868e+02 -7.478631e+01  0.000000e+00
   endloop
 endfacet
 facet normal  0.000000e+00 -0.000000e+00 -1.000000e+00
   outer loop
     vertex  1.710504e+02 -7.470347e+01  0.000000e+00
     vertex  1.710504e+02 -7.630347e+01  0.000000e+00
     vertex  1.709868e+02 -7.622063e+01  0.000000e+00
   endloop
 endfacet
 facet normal  0.000000e+00  0.000000e+00 -1.000000e+00
   outer loop
     vertex  1.747858e+02 -7.802167e+01  0.000000e+00
     vertex  1.747290e+02 -7.915395e+01  0.000000e+00
     vertex  1.745737e+02 -7.927314e+01  0.000000e+00
   endloop
 endfacet
 facet normal -0.000000e+00  0.000000e+00 -1.000000e+00
   outer loop
     vertex  1.748790e+02 -7.809318e+01  0.000000e+00
     vertex  1.747290e+02 -7.915395e+01  0.000000e+00
     vertex  1.747858e+02 -7.802167e+01  0.000000e+00
   endloop
 endfacet
 facet normal  0.000000e+00 -0.000000e+00 -1.000000e+00
   outer loop
     vertex  1.748790e+02 -7.809318e+01  0.000000e+00
     vertex  1.749099e+02 -7.907903e+01  0.000000e+00
     vertex  1.747290e+02 -7.915395e+01  0.000000e+00
   endloop
 endfacet
 facet normal  0.000000e+00 -0.000000e+00 -1.000000e+00
   outer loop
     vertex  1.747143e+02 -7.792847e+01  0.000000e+00
     vertex  1.747858e+02 -7.802167e+01  0.000000e+00
     vertex  1.745737e+02 -7.927314e+01  0.000000e+00
   endloop
 endfacet
 facet normal  0.000000e+00  0.000000e+00 -1.000000e+00
   outer loop
     vertex  1.747143e+02 -7.792847e+01  0.000000e+00
     vertex  1.745737e+02 -7.927314e+01  0.000000e+00
     vertex  1.744545e+02 -7.942847e+01  0.000000e+00
   endloop
 endfacet
 facet normal  0.000000e+00 -0.000000e+00 -1.000000e+00
   outer loop
     vertex  1.746693e+02 -7.781994e+01  0.000000e+00
     vertex  1.747143e+02 -7.792847e+01  0.000000e+00
     vertex  1.744545e+02 -7.942847e+01  0.000000e+00
   endloop
 endfacet
 facet normal -0.000000e+00  0.000000e+00 -1.000000e+00
   outer loop
     vertex  1.746693e+02 -7.781994e+01  0.000000e+00
     vertex  1.744545e+02 -7.942847e+01  0.000000e+00
     vertex  1.709868e+02 -7.678631e+01  0.000000e+00
   endloop
 endfacet
 facet normal -0.000000e+00  0.000000e+00 -1.000000e+00
   outer loop
     vertex  1.749875e+02 -7.813814e+01  0.000000e+00
     vertex  1.749099e+02 -7.907903e+01  0.000000e+00
     vertex  1.748790e+02 -7.809318e+01  0.000000e+00
   endloop
 endfacet
 facet normal  0.000000e+00 -0.000000e+00 -1.000000e+00
   outer loop
     vertex  1.749875e+02 -7.813814e+01  0.000000e+00
     vertex  1.751040e+02 -7.905347e+01  0.000000e+00
     vertex  1.749099e+02 -7.907903e+01  0.000000e+00
   endloop
 endfacet
 facet normal  0.000000e+00  0.000000e+00 -1.000000e+00
   outer loop
     vertex  1.746540e+02 -7.770347e+01  0.000000e+00
     vertex  1.709868e+02 -7.678631e+01  0.000000e+00
     vertex  1.710504e+02 -7.670347e+01  0.000000e+00
   endloop
 endfacet
 facet normal -0.000000e+00 -0.000000e+00 -1.000000e+00
   outer loop
     vertex  1.746540e+02 -7.770347e+01  0.000000e+00
     vertex  1.746693e+02 -7.781994e+01  0.000000e+00
     vertex  1.709868e+02 -7.678631e+01  0.000000e+00
   endloop
 endfacet
 facet normal -0.000000e+00 -0.000000e+00 -1.000000e+00
   outer loop
     vertex  1.751040e+02 -7.815347e+01  0.000000e+00
     vertex  1.751040e+02 -7.905347e+01  0.000000e+00
     vertex  1.749875e+02 -7.813814e+01  0.000000e+00
   endloop
 endfacet
 facet normal  0.000000e+00  0.000000e+00 -1.000000e+00
   outer loop
     vertex  1.746693e+02 -7.758700e+01  0.000000e+00
     vertex  1.710504e+02 -7.670347e+01  0.000000e+00
     vertex  1.710904e+02 -7.660700e+01  0.000000e+00
   endloop
 endfacet
 facet normal -0.000000e+00  0.000000e+00 -1.000000e+00
   outer loop
     vertex  1.746693e+02 -7.758700e+01  0.000000e+00
     vertex  1.746540e+02 -7.770347e+01  0.000000e+00
     vertex  1.710504e+02 -7.670347e+01  0.000000e+00
   endloop
 endfacet
 facet normal  0.000000e+00  0.000000e+00 -1.000000e+00
   outer loop
     vertex  1.752205e+02 -7.813814e+01  0.000000e+00
     vertex  1.751040e+02 -7.905347e+01  0.000000e+00
     vertex  1.751040e+02 -7.815347e+01  0.000000e+00
   endloop
 endfacet
 facet normal  0.000000e+00 -0.000000e+00 -1.000000e+00
   outer loop
     vertex  1.752205e+02 -7.813814e+01  0.000000e+00
     vertex  1.752981e+02 -7.907903e+01  0.000000e+00
     vertex  1.751040e+02 -7.905347e+01  0.000000e+00
   endloop
 endfacet
 facet normal -0.000000e+00  0.000000e+00 -1.000000e+00
   outer loop
     vertex  1.747143e+02 -7.747847e+01  0.000000e+00
     vertex  1.746693e+02 -7.758700e+01  0.000000e+00
     vertex  1.710904e+02 -7.660700e+01  0.000000e+00
   endloop
 endfacet
 facet normal  0.000000e+00  0.000000e+00 -1.000000e+00
   outer loop
     vertex  1.747143e+02 -7.747847e+01  0.000000e+00
     vertex  1.710904e+02 -7.660700e+01  0.000000e+00
     vertex  1.711040e+02 -7.650347e+01  0.000000e+00
   endloop
 endfacet
 facet normal  0.000000e+00  0.000000e+00 -1.000000e+00
   outer loop
     vertex  1.753290e+02 -7.809318e+01  0.000000e+00
     vertex  1.752981e+02 -7.907903e+01  0.000000e+00
     vertex  1.752205e+02 -7.813814e+01  0.000000e+00
   endloop
 endfacet
 facet normal  0.000000e+00 -0.000000e+00 -1.000000e+00
   outer loop
     vertex  1.753290e+02 -7.809318e+01  0.000000e+00
     vertex  1.754790e+02 -7.915395e+01  0.000000e+00
     vertex  1.752981e+02 -7.907903e+01  0.000000e+00
   endloop
 endfacet
 facet normal  0.000000e+00 -0.000000e+00 -1.000000e+00
   outer loop
     vertex  1.754222e+02 -7.802167e+01  0.000000e+00
     vertex  1.754790e+02 -7.915395e+01  0.000000e+00
     vertex  1.753290e+02 -7.809318e+01  0.000000e+00
   endloop
 endfacet
 facet normal  0.000000e+00  0.000000e+00 -1.000000e+00
   outer loop
     vertex  1.754222e+02 -7.802167e+01  0.000000e+00
     vertex  1.756343e+02 -7.927314e+01  0.000000e+00
     vertex  1.754790e+02 -7.915395e+01  0.000000e+00
   endloop
 endfacet
 facet normal  0.000000e+00 -0.000000e+00 -1.000000e+00
   outer loop
     vertex  1.754937e+02 -7.792847e+01  0.000000e+00
     vertex  1.756343e+02 -7.927314e+01  0.000000e+00
     vertex  1.754222e+02 -7.802167e+01  0.000000e+00
   endloop
 endfacet
 facet normal  0.000000e+00  0.000000e+00 -1.000000e+00
   outer loop
     vertex  1.754937e+02 -7.792847e+01  0.000000e+00
     vertex  1.757535e+02 -7.942847e+01  0.000000e+00
     vertex  1.756343e+02 -7.927314e+01  0.000000e+00
   endloop
 endfacet
 facet normal  0.000000e+00 -0.000000e+00 -1.000000e+00
   outer loop
     vertex  1.755387e+02 -7.781994e+01  0.000000e+00
     vertex  1.757535e+02 -7.942847e+01  0.000000e+00
     vertex  1.754937e+02 -7.792847e+01  0.000000e+00
   endloop
 endfacet
 facet normal  0.000000e+00 -0.000000e+00 -1.000000e+00
   outer loop
     vertex  1.755540e+02 -7.770347e+01  0.000000e+00
     vertex  1.757535e+02 -7.942847e+01  0.000000e+00
     vertex  1.755387e+02 -7.781994e+01  0.000000e+00
   endloop
 endfacet
 facet normal  0.000000e+00  0.000000e+00 -1.000000e+00
   outer loop
     vertex  1.755540e+02 -7.770347e+01  0.000000e+00
     vertex  1.758284e+02 -7.960936e+01  0.000000e+00
     vertex  1.757535e+02 -7.942847e+01  0.000000e+00
   endloop
 endfacet
 facet normal  0.000000e+00  0.000000e+00 -1.000000e+00
   outer loop
     vertex  1.748790e+02 -7.609318e+01  0.000000e+00
     vertex  1.748790e+02 -7.731376e+01  0.000000e+00
     vertex  1.747858e+02 -7.738527e+01  0.000000e+00
   endloop
 endfacet
 facet normal -0.000000e+00  0.000000e+00 -1.000000e+00
   outer loop
     vertex  1.748790e+02 -7.609318e+01  0.000000e+00
     vertex  1.747858e+02 -7.738527e+01  0.000000e+00
     vertex  1.747858e+02 -7.602167e+01  0.000000e+00
   endloop
 endfacet
 facet normal  0.000000e+00 -0.000000e+00 -1.000000e+00
   outer loop
     vertex  1.747143e+02 -7.592847e+01  0.000000e+00
     vertex  1.747858e+02 -7.738527e+01  0.000000e+00
     vertex  1.747143e+02 -7.747847e+01  0.000000e+00
   endloop
 endfacet
 facet normal  0.000000e+00  0.000000e+00 -1.000000e+00
   outer loop
     vertex  1.747143e+02 -7.592847e+01  0.000000e+00
     vertex  1.747143e+02 -7.747847e+01  0.000000e+00
     vertex  1.711040e+02 -7.650347e+01  0.000000e+00
   endloop
 endfacet
 facet normal  0.000000e+00  0.000000e+00 -1.000000e+00
   outer loop
     vertex  1.747143e+02 -7.592847e+01  0.000000e+00
     vertex  1.747858e+02 -7.602167e+01  0.000000e+00
     vertex  1.747858e+02 -7.738527e+01  0.000000e+00
   endloop
 endfacet
 facet normal  0.000000e+00 -0.000000e+00 -1.000000e+00
   outer loop
     vertex  1.746693e+02 -7.581994e+01  0.000000e+00
     vertex  1.747143e+02 -7.592847e+01  0.000000e+00
     vertex  1.711040e+02 -7.650347e+01  0.000000e+00
   endloop
 endfacet
 facet normal  0.000000e+00  0.000000e+00 -1.000000e+00
   outer loop
     vertex  1.746693e+02 -7.581994e+01  0.000000e+00
     vertex  1.711040e+02 -7.650347e+01  0.000000e+00
     vertex  1.710904e+02 -7.639994e+01  0.000000e+00
   endloop
 endfacet
 facet normal  0.000000e+00  0.000000e+00 -1.000000e+00
   outer loop
     vertex  1.749875e+02 -7.613814e+01  0.000000e+00
     vertex  1.749875e+02 -7.726880e+01  0.000000e+00
     vertex  1.748790e+02 -7.731376e+01  0.000000e+00
   endloop
 endfacet
 facet normal  0.000000e+00 -0.000000e+00 -1.000000e+00
   outer loop
     vertex  1.749875e+02 -7.613814e+01  0.000000e+00
     vertex  1.751040e+02 -7.725347e+01  0.000000e+00
     vertex  1.749875e+02 -7.726880e+01  0.000000e+00
   endloop
 endfacet
 facet normal -0.000000e+00  0.000000e+00 -1.000000e+00
   outer loop
     vertex  1.749875e+02 -7.613814e+01  0.000000e+00
     vertex  1.748790e+02 -7.731376e+01  0.000000e+00
     vertex  1.748790e+02 -7.609318e+01  0.000000e+00
   endloop
 endfacet
 facet normal -0.000000e+00  0.000000e+00 -1.000000e+00
   outer loop
     vertex  1.746540e+02 -7.570347e+01  0.000000e+00
     vertex  1.710504e+02 -7.630347e+01  0.000000e+00
     vertex  1.710504e+02 -7.470347e+01  0.000000e+00
   endloop
 endfacet
 facet normal  0.000000e+00 -0.000000e+00 -1.000000e+00
   outer loop
     vertex  1.746540e+02 -7.570347e+01  0.000000e+00
     vertex  1.746693e+02 -7.581994e+01  0.000000e+00
     vertex  1.710904e+02 -7.639994e+01  0.000000e+00
   endloop
 endfacet
 facet normal  0.000000e+00  0.000000e+00 -1.000000e+00
   outer loop
     vertex  1.746540e+02 -7.570347e+01  0.000000e+00
     vertex  1.710904e+02 -7.639994e+01  0.000000e+00
     vertex  1.710504e+02 -7.630347e+01  0.000000e+00
   endloop
 endfacet
 facet normal -0.000000e+00  0.000000e+00 -1.000000e+00
   outer loop
     vertex  1.751040e+02 -7.615347e+01  0.000000e+00
     vertex  1.751040e+02 -7.725347e+01  0.000000e+00
     vertex  1.749875e+02 -7.613814e+01  0.000000e+00
   endloop
 endfacet
 facet normal -0.000000e+00  0.000000e+00 -1.000000e+00
   outer loop
     vertex  1.746693e+02 -7.558700e+01  0.000000e+00
     vertex  1.746540e+02 -7.570347e+01  0.000000e+00
     vertex  1.710504e+02 -7.470347e+01  0.000000e+00
   endloop
 endfacet
 facet normal  0.000000e+00  0.000000e+00 -1.000000e+00
   outer loop
     vertex  1.746693e+02 -7.558700e+01  0.000000e+00
     vertex  1.710504e+02 -7.470347e+01  0.000000e+00
     vertex  1.710904e+02 -7.460700e+01  0.000000e+00
   endloop
 endfacet
 facet normal  0.000000e+00  0.000000e+00 -1.000000e+00
   outer loop
     vertex  1.752205e+02 -7.613814e+01  0.000000e+00
     vertex  1.752205e+02 -7.726880e+01  0.000000e+00
     vertex  1.751040e+02 -7.725347e+01  0.000000e+00
   endloop
 endfacet
 facet normal  0.000000e+00  0.000000e+00 -1.000000e+00
   outer loop
     vertex  1.752205e+02 -7.613814e+01  0.000000e+00
     vertex  1.751040e+02 -7.725347e+01  0.000000e+00
     vertex  1.751040e+02 -7.615347e+01  0.000000e+00
   endloop
 endfacet
 facet normal -0.000000e+00  0.000000e+00 -1.000000e+00
   outer loop
     vertex  1.747143e+02 -7.547847e+01  0.000000e+00
     vertex  1.746693e+02 -7.558700e+01  0.000000e+00
     vertex  1.710904e+02 -7.460700e+01  0.000000e+00
   endloop
 endfacet
 facet normal  0.000000e+00  0.000000e+00 -1.000000e+00
   outer loop
     vertex  1.747143e+02 -7.547847e+01  0.000000e+00
     vertex  1.710904e+02 -7.460700e+01  0.000000e+00
     vertex  1.711040e+02 -7.450347e+01  0.000000e+00
   endloop
 endfacet
 facet normal  0.000000e+00  0.000000e+00 -1.000000e+00
   outer loop
     vertex  1.753290e+02 -7.609318e+01  0.000000e+00
     vertex  1.752205e+02 -7.726880e+01  0.000000e+00
     vertex  1.752205e+02 -7.613814e+01  0.000000e+00
   endloop
 endfacet
 facet normal  0.000000e+00  0.000000e+00 -1.000000e+00
   outer loop
     vertex  1.753290e+02 -7.609318e+01  0.000000e+00
     vertex  1.753290e+02 -7.731376e+01  0.000000e+00
     vertex  1.752205e+02 -7.726880e+01  0.000000e+00
   endloop
 endfacet
 facet normal  0.000000e+00 -0.000000e+00 -1.000000e+00
   outer loop
     vertex  1.753290e+02 -7.609318e+01  0.000000e+00
     vertex  1.754222e+02 -7.738527e+01  0.000000e+00
     vertex  1.753290e+02 -7.731376e+01  0.000000e+00
   endloop
 endfacet
 facet normal  0.000000e+00 -0.000000e+00 -1.000000e+00
   outer loop
     vertex  1.754222e+02 -7.602167e+01  0.000000e+00
     vertex  1.754937e+02 -7.747847e+01  0.000000e+00
     vertex  1.754222e+02 -7.738527e+01  0.000000e+00
   endloop
 endfacet
 facet normal  0.000000e+00  0.000000e+00 -1.000000e+00
   outer loop
     vertex  1.754222e+02 -7.602167e+01  0.000000e+00
     vertex  1.754222e+02 -7.738527e+01  0.000000e+00
     vertex  1.753290e+02 -7.609318e+01  0.000000e+00
   endloop
 endfacet
 facet normal  0.000000e+00 -0.000000e+00 -1.000000e+00
   outer loop
     vertex  1.754937e+02 -7.592847e+01  0.000000e+00
     vertex  1.755387e+02 -7.758700e+01  0.000000e+00
     vertex  1.754937e+02 -7.747847e+01  0.000000e+00
   endloop
 endfacet
 facet normal  0.000000e+00  0.000000e+00 -1.000000e+00
   outer loop
     vertex  1.754937e+02 -7.592847e+01  0.000000e+00
     vertex  1.754937e+02 -7.747847e+01  0.000000e+00
     vertex  1.754222e+02 -7.602167e+01  0.000000e+00
   endloop
 endfacet
 facet normal  0.000000e+00  0.000000e+00 -1.000000e+00
   outer loop
     vertex  1.755387e+02 -7.581994e+01  0.000000e+00
     vertex  1.755387e+02 -7.758700e+01  0.000000e+00
     vertex  1.754937e+02 -7.592847e+01  0.000000e+00
   endloop
 endfacet
 facet normal  0.000000e+00 -0.000000e+00 -1.000000e+00
   outer loop
     vertex  1.755540e+02 -7.570347e+01  0.000000e+00
     vertex  1.755540e+02 -7.770347e+01  0.000000e+00
     vertex  1.755387e+02 -7.758700e+01  0.000000e+00
   endloop
 endfacet
 facet normal  0.000000e+00  0.000000e+00 -1.000000e+00
   outer loop
     vertex  1.755540e+02 -7.570347e+01  0.000000e+00
     vertex  1.755387e+02 -7.758700e+01  0.000000e+00
     vertex  1.755387e+02 -7.581994e+01  0.000000e+00
   endloop
 endfacet
 facet normal  0.000000e+00  0.000000e+00 -1.000000e+00
   outer loop
     vertex  1.755540e+02 -7.570347e+01  0.000000e+00
     vertex  1.758284e+02 -7.960936e+01  0.000000e+00
     vertex  1.755540e+02 -7.770347e+01  0.000000e+00
   endloop
 endfacet
 facet normal -0.000000e+00  0.000000e+00 -1.000000e+00
   outer loop
     vertex  1.748790e+02 -7.409318e+01  0.000000e+00
     vertex  1.747858e+02 -7.538527e+01  0.000000e+00
     vertex  1.747858e+02 -7.402167e+01  0.000000e+00
   endloop
 endfacet
 facet normal  0.000000e+00  0.000000e+00 -1.000000e+00
   outer loop
     vertex  1.748790e+02 -7.409318e+01  0.000000e+00
     vertex  1.748790e+02 -7.531376e+01  0.000000e+00
     vertex  1.747858e+02 -7.538527e+01  0.000000e+00
   endloop
 endfacet
 facet normal  0.000000e+00  0.000000e+00 -1.000000e+00
   outer loop
     vertex  1.747143e+02 -7.392847e+01  0.000000e+00
     vertex  1.747143e+02 -7.547847e+01  0.000000e+00
     vertex  1.711040e+02 -7.450347e+01  0.000000e+00
   endloop
 endfacet
 facet normal  0.000000e+00  0.000000e+00 -1.000000e+00
   outer loop
     vertex  1.747143e+02 -7.392847e+01  0.000000e+00
     vertex  1.747858e+02 -7.402167e+01  0.000000e+00
     vertex  1.747858e+02 -7.538527e+01  0.000000e+00
   endloop
 endfacet
 facet normal  0.000000e+00 -0.000000e+00 -1.000000e+00
   outer loop
     vertex  1.747143e+02 -7.392847e+01  0.000000e+00
     vertex  1.747858e+02 -7.538527e+01  0.000000e+00
     vertex  1.747143e+02 -7.547847e+01  0.000000e+00
   endloop
 endfacet
 facet normal  0.000000e+00 -0.000000e+00 -1.000000e+00
   outer loop
     vertex  1.746693e+02 -7.381994e+01  0.000000e+00
     vertex  1.747143e+02 -7.392847e+01  0.000000e+00
     vertex  1.711040e+02 -7.450347e+01  0.000000e+00
   endloop
 endfacet
 facet normal  0.000000e+00  0.000000e+00 -1.000000e+00
   outer loop
     vertex  1.746693e+02 -7.381994e+01  0.000000e+00
     vertex  1.711040e+02 -7.450347e+01  0.000000e+00
     vertex  1.710904e+02 -7.439994e+01  0.000000e+00
   endloop
 endfacet
 facet normal -0.000000e+00  0.000000e+00 -1.000000e+00
   outer loop
     vertex  1.749875e+02 -7.413814e+01  0.000000e+00
     vertex  1.748790e+02 -7.531376e+01  0.000000e+00
     vertex  1.748790e+02 -7.409318e+01  0.000000e+00
   endloop
 endfacet
 facet normal  0.000000e+00  0.000000e+00 -1.000000e+00
   outer loop
     vertex  1.749875e+02 -7.413814e+01  0.000000e+00
     vertex  1.749875e+02 -7.526880e+01  0.000000e+00
     vertex  1.748790e+02 -7.531376e+01  0.000000e+00
   endloop
 endfacet
 facet normal  0.000000e+00 -0.000000e+00 -1.000000e+00
   outer loop
     vertex  1.749875e+02 -7.413814e+01  0.000000e+00
     vertex  1.751040e+02 -7.525347e+01  0.000000e+00
     vertex  1.749875e+02 -7.526880e+01  0.000000e+00
   endloop
 endfacet
 facet normal  0.000000e+00 -0.000000e+00 -1.000000e+00
   outer loop
     vertex  1.746540e+02 -7.370347e+01  0.000000e+00
     vertex  1.746693e+02 -7.381994e+01  0.000000e+00
     vertex  1.710904e+02 -7.439994e+01  0.000000e+00
   endloop
 endfacet
 facet normal  0.000000e+00  0.000000e+00 -1.000000e+00
   outer loop
     vertex  1.746540e+02 -7.370347e+01  0.000000e+00
     vertex  1.710904e+02 -7.439994e+01  0.000000e+00
     vertex  1.710504e+02 -7.430347e+01  0.000000e+00
   endloop
 endfacet
 facet normal -0.000000e+00  0.000000e+00 -1.000000e+00
   outer loop
     vertex  1.751040e+02 -7.415347e+01  0.000000e+00
     vertex  1.751040e+02 -7.525347e+01  0.000000e+00
     vertex  1.749875e+02 -7.413814e+01  0.000000e+00
   endloop
 endfacet
 facet normal  0.000000e+00  0.000000e+00 -1.000000e+00
   outer loop
     vertex  1.746693e+02 -7.358700e+01  0.000000e+00
     vertex  1.746540e+02 -7.370347e+01  0.000000e+00
     vertex  1.710504e+02 -7.430347e+01  0.000000e+00
   endloop
 endfacet
 facet normal  0.000000e+00  0.000000e+00 -1.000000e+00
   outer loop
     vertex  1.752205e+02 -7.413814e+01  0.000000e+00
     vertex  1.751040e+02 -7.525347e+01  0.000000e+00
     vertex  1.751040e+02 -7.415347e+01  0.000000e+00
   endloop
 endfacet
 facet normal  0.000000e+00  0.000000e+00 -1.000000e+00
   outer loop
     vertex  1.752205e+02 -7.413814e+01  0.000000e+00
     vertex  1.752205e+02 -7.526880e+01  0.000000e+00
     vertex  1.751040e+02 -7.525347e+01  0.000000e+00
   endloop
 endfacet
 facet normal  0.000000e+00  0.000000e+00 -1.000000e+00
   outer loop
     vertex  1.753290e+02 -7.409318e+01  0.000000e+00
     vertex  1.752205e+02 -7.526880e+01  0.000000e+00
     vertex  1.752205e+02 -7.413814e+01  0.000000e+00
   endloop
 endfacet
 facet normal  0.000000e+00  0.000000e+00 -1.000000e+00
   outer loop
     vertex  1.753290e+02 -7.409318e+01  0.000000e+00
     vertex  1.753290e+02 -7.531376e+01  0.000000e+00
     vertex  1.752205e+02 -7.526880e+01  0.000000e+00
   endloop
 endfacet
 facet normal  0.000000e+00 -0.000000e+00 -1.000000e+00
   outer loop
     vertex  1.753290e+02 -7.409318e+01  0.000000e+00
     vertex  1.754222e+02 -7.538527e+01  0.000000e+00
     vertex  1.753290e+02 -7.531376e+01  0.000000e+00
   endloop
 endfacet
 facet normal  0.000000e+00  0.000000e+00 -1.000000e+00
   outer loop
     vertex  1.754222e+02 -7.402167e+01  0.000000e+00
     vertex  1.754222e+02 -7.538527e+01  0.000000e+00
     vertex  1.753290e+02 -7.409318e+01  0.000000e+00
   endloop
 endfacet
 facet normal  0.000000e+00 -0.000000e+00 -1.000000e+00
   outer loop
     vertex  1.754222e+02 -7.402167e+01  0.000000e+00
     vertex  1.754937e+02 -7.547847e+01  0.000000e+00
     vertex  1.754222e+02 -7.538527e+01  0.000000e+00
   endloop
 endfacet
 facet normal  0.000000e+00  0.000000e+00 -1.000000e+00
   outer loop
     vertex  1.754937e+02 -7.392847e+01  0.000000e+00
     vertex  1.754937e+02 -7.547847e+01  0.000000e+00
     vertex  1.754222e+02 -7.402167e+01  0.000000e+00
   endloop
 endfacet
 facet normal  0.000000e+00 -0.000000e+00 -1.000000e+00
   outer loop
     vertex  1.754937e+02 -7.392847e+01  0.000000e+00
     vertex  1.755387e+02 -7.558700e+01  0.000000e+00
     vertex  1.754937e+02 -7.547847e+01  0.000000e+00
   endloop
 endfacet
 facet normal  0.000000e+00  0.000000e+00 -1.000000e+00
   outer loop
     vertex  1.755387e+02 -7.381994e+01  0.000000e+00
     vertex  1.755387e+02 -7.558700e+01  0.000000e+00
     vertex  1.754937e+02 -7.392847e+01  0.000000e+00
   endloop
 endfacet
 facet normal  0.000000e+00  0.000000e+00 -1.000000e+00
   outer loop
     vertex  1.755540e+02 -7.370347e+01  0.000000e+00
     vertex  1.755387e+02 -7.558700e+01  0.000000e+00
     vertex  1.755387e+02 -7.381994e+01  0.000000e+00
   endloop
 endfacet
 facet normal  0.000000e+00 -0.000000e+00 -1.000000e+00
   outer loop
     vertex  1.755540e+02 -7.370347e+01  0.000000e+00
     vertex  1.755540e+02 -7.570347e+01  0.000000e+00
     vertex  1.755387e+02 -7.558700e+01  0.000000e+00
   endloop
 endfacet
 facet normal  0.000000e+00  0.000000e+00 -1.000000e+00
   outer loop
     vertex  1.745737e+02 -7.213380e+01  0.000000e+00
     vertex  1.747858e+02 -7.338527e+01  0.000000e+00
     vertex  1.747143e+02 -7.347847e+01  0.000000e+00
   endloop
 endfacet
 facet normal  0.000000e+00  0.000000e+00 -1.000000e+00
   outer loop
     vertex  1.747290e+02 -7.225299e+01  0.000000e+00
     vertex  1.748790e+02 -7.331376e+01  0.000000e+00
     vertex  1.747858e+02 -7.338527e+01  0.000000e+00
   endloop
 endfacet
 facet normal -0.000000e+00 -0.000000e+00 -1.000000e+00
   outer loop
     vertex  1.747290e+02 -7.225299e+01  0.000000e+00
     vertex  1.747858e+02 -7.338527e+01  0.000000e+00
     vertex  1.745737e+02 -7.213380e+01  0.000000e+00
   endloop
 endfacet
 facet normal  0.000000e+00  0.000000e+00 -1.000000e+00
   outer loop
     vertex  1.744545e+02 -7.197847e+01  0.000000e+00
     vertex  1.747143e+02 -7.347847e+01  0.000000e+00
     vertex  1.746693e+02 -7.358700e+01  0.000000e+00
   endloop
 endfacet
 facet normal  0.000000e+00  0.000000e+00 -1.000000e+00
   outer loop
     vertex  1.744545e+02 -7.197847e+01  0.000000e+00
     vertex  1.710504e+02 -7.430347e+01  0.000000e+00
     vertex  1.709868e+02 -7.422063e+01  0.000000e+00
   endloop
 endfacet
 facet normal  0.000000e+00 -0.000000e+00 -1.000000e+00
   outer loop
     vertex  1.744545e+02 -7.197847e+01  0.000000e+00
     vertex  1.746693e+02 -7.358700e+01  0.000000e+00
     vertex  1.710504e+02 -7.430347e+01  0.000000e+00
   endloop
 endfacet
 facet normal  0.000000e+00  0.000000e+00 -1.000000e+00
   outer loop
     vertex  1.744545e+02 -7.197847e+01  0.000000e+00
     vertex  1.745737e+02 -7.213380e+01  0.000000e+00
     vertex  1.747143e+02 -7.347847e+01  0.000000e+00
   endloop
 endfacet
 facet normal  0.000000e+00 -0.000000e+00 -1.000000e+00
   outer loop
     vertex  1.749099e+02 -7.232792e+01  0.000000e+00
     vertex  1.749875e+02 -7.326880e+01  0.000000e+00
     vertex  1.748790e+02 -7.331376e+01  0.000000e+00
   endloop
 endfacet
 facet normal -0.000000e+00  0.000000e+00 -1.000000e+00
   outer loop
     vertex  1.749099e+02 -7.232792e+01  0.000000e+00
     vertex  1.748790e+02 -7.331376e+01  0.000000e+00
     vertex  1.747290e+02 -7.225299e+01  0.000000e+00
   endloop
 endfacet
 facet normal  0.000000e+00 -0.000000e+00 -1.000000e+00
   outer loop
     vertex  1.743796e+02 -7.179759e+01  0.000000e+00
     vertex  1.744545e+02 -7.197847e+01  0.000000e+00
     vertex  1.709868e+02 -7.422063e+01  0.000000e+00
   endloop
 endfacet
 facet normal  0.000000e+00  0.000000e+00 -1.000000e+00
   outer loop
     vertex  1.743796e+02 -7.179759e+01  0.000000e+00
     vertex  1.709868e+02 -7.422063e+01  0.000000e+00
     vertex  1.709040e+02 -7.415706e+01  0.000000e+00
   endloop
 endfacet
 facet normal -0.000000e+00  0.000000e+00 -1.000000e+00
   outer loop
     vertex  1.751040e+02 -7.235347e+01  0.000000e+00
     vertex  1.749875e+02 -7.326880e+01  0.000000e+00
     vertex  1.749099e+02 -7.232792e+01  0.000000e+00
   endloop
 endfacet
 facet normal  0.000000e+00  0.000000e+00 -1.000000e+00
   outer loop
     vertex  1.751040e+02 -7.235347e+01  0.000000e+00
     vertex  1.751040e+02 -7.325347e+01  0.000000e+00
     vertex  1.749875e+02 -7.326880e+01  0.000000e+00
   endloop
 endfacet
 facet normal  0.000000e+00 -0.000000e+00 -1.000000e+00
   outer loop
     vertex  1.751040e+02 -7.235347e+01  0.000000e+00
     vertex  1.752205e+02 -7.326880e+01  0.000000e+00
     vertex  1.751040e+02 -7.325347e+01  0.000000e+00
   endloop
 endfacet
 facet normal  0.000000e+00 -0.000000e+00 -1.000000e+00
   outer loop
     vertex  1.743540e+02 -7.160347e+01  0.000000e+00
     vertex  1.743796e+02 -7.179759e+01  0.000000e+00
     vertex  1.709040e+02 -7.415706e+01  0.000000e+00
   endloop
 endfacet
 facet normal  0.000000e+00  0.000000e+00 -1.000000e+00
   outer loop
     vertex  1.743540e+02 -7.160347e+01  0.000000e+00
     vertex  1.709040e+02 -7.415706e+01  0.000000e+00
     vertex  1.708075e+02 -7.411710e+01  0.000000e+00
   endloop
 endfacet
 facet normal  0.000000e+00  0.000000e+00 -1.000000e+00
   outer loop
     vertex  1.743796e+02 -7.140936e+01  0.000000e+00
     vertex  1.743540e+02 -7.160347e+01  0.000000e+00
     vertex  1.708075e+02 -7.411710e+01  0.000000e+00
   endloop
 endfacet
 facet normal  0.000000e+00  0.000000e+00 -1.000000e+00
   outer loop
     vertex  1.743796e+02 -7.140936e+01  0.000000e+00
     vertex  1.708075e+02 -7.411710e+01  0.000000e+00
     vertex  1.707040e+02 -7.410347e+01  0.000000e+00
   endloop
 endfacet
 facet normal  0.000000e+00 -0.000000e+00 -1.000000e+00
   outer loop
     vertex  1.752981e+02 -7.232792e+01  0.000000e+00
     vertex  1.753290e+02 -7.331376e+01  0.000000e+00
     vertex  1.752205e+02 -7.326880e+01  0.000000e+00
   endloop
 endfacet
 facet normal  0.000000e+00  0.000000e+00 -1.000000e+00
   outer loop
     vertex  1.752981e+02 -7.232792e+01  0.000000e+00
     vertex  1.752205e+02 -7.326880e+01  0.000000e+00
     vertex  1.751040e+02 -7.235347e+01  0.000000e+00
   endloop
 endfacet
 facet normal  0.000000e+00  0.000000e+00 -1.000000e+00
   outer loop
     vertex  1.744545e+02 -7.122847e+01  0.000000e+00
     vertex  1.743796e+02 -7.140936e+01  0.000000e+00
     vertex  1.707040e+02 -7.410347e+01  0.000000e+00
   endloop
 endfacet
 facet normal  0.000000e+00  0.000000e+00 -1.000000e+00
   outer loop
     vertex  1.744545e+02 -7.122847e+01  0.000000e+00
     vertex  1.707040e+02 -7.410347e+01  0.000000e+00
     vertex  1.706005e+02 -7.411710e+01  0.000000e+00
   endloop
 endfacet
 facet normal  0.000000e+00  0.000000e+00 -1.000000e+00
   outer loop
     vertex  1.754790e+02 -7.225299e+01  0.000000e+00
     vertex  1.754222e+02 -7.338527e+01  0.000000e+00
     vertex  1.753290e+02 -7.331376e+01  0.000000e+00
   endloop
 endfacet
 facet normal  0.000000e+00  0.000000e+00 -1.000000e+00
   outer loop
     vertex  1.754790e+02 -7.225299e+01  0.000000e+00
     vertex  1.753290e+02 -7.331376e+01  0.000000e+00
     vertex  1.752981e+02 -7.232792e+01  0.000000e+00
   endloop
 endfacet
 facet normal  0.000000e+00  0.000000e+00 -1.000000e+00
   outer loop
     vertex  1.756343e+02 -7.213380e+01  0.000000e+00
     vertex  1.754937e+02 -7.347847e+01  0.000000e+00
     vertex  1.754222e+02 -7.338527e+01  0.000000e+00
   endloop
 endfacet
 facet normal  0.000000e+00  0.000000e+00 -1.000000e+00
   outer loop
     vertex  1.756343e+02 -7.213380e+01  0.000000e+00
     vertex  1.754222e+02 -7.338527e+01  0.000000e+00
     vertex  1.754790e+02 -7.225299e+01  0.000000e+00
   endloop
 endfacet
 facet normal  0.000000e+00  0.000000e+00 -1.000000e+00
   outer loop
     vertex  1.757535e+02 -7.197847e+01  0.000000e+00
     vertex  1.755387e+02 -7.358700e+01  0.000000e+00
     vertex  1.754937e+02 -7.347847e+01  0.000000e+00
   endloop
 endfacet
 facet normal  0.000000e+00  0.000000e+00 -1.000000e+00
   outer loop
     vertex  1.757535e+02 -7.197847e+01  0.000000e+00
     vertex  1.755540e+02 -7.370347e+01  0.000000e+00
     vertex  1.755387e+02 -7.358700e+01  0.000000e+00
   endloop
 endfacet
 facet normal  0.000000e+00  0.000000e+00 -1.000000e+00
   outer loop
     vertex  1.757535e+02 -7.197847e+01  0.000000e+00
     vertex  1.754937e+02 -7.347847e+01  0.000000e+00
     vertex  1.756343e+02 -7.213380e+01  0.000000e+00
   endloop
 endfacet
 facet normal  0.000000e+00  0.000000e+00 -1.000000e+00
   outer loop
     vertex  1.758284e+02 -7.179759e+01  0.000000e+00
     vertex  1.755540e+02 -7.570347e+01  0.000000e+00
     vertex  1.755540e+02 -7.370347e+01  0.000000e+00
   endloop
 endfacet
 facet normal  0.000000e+00  0.000000e+00 -1.000000e+00
   outer loop
     vertex  1.758284e+02 -7.179759e+01  0.000000e+00
     vertex  1.755540e+02 -7.370347e+01  0.000000e+00
     vertex  1.757535e+02 -7.197847e+01  0.000000e+00
   endloop
 endfacet
 facet normal  0.000000e+00  0.000000e+00 -1.000000e+00
   outer loop
     vertex  1.739615e+02 -6.644593e+01  0.000000e+00
     vertex  1.745737e+02 -7.107314e+01  0.000000e+00
     vertex  1.744545e+02 -7.122847e+01  0.000000e+00
   endloop
 endfacet
 facet normal  0.000000e+00  0.000000e+00 -1.000000e+00
   outer loop
     vertex  1.741790e+02 -6.661280e+01  0.000000e+00
     vertex  1.747290e+02 -7.095395e+01  0.000000e+00
     vertex  1.745737e+02 -7.107314e+01  0.000000e+00
   endloop
 endfacet
 facet normal -0.000000e+00 -0.000000e+00 -1.000000e+00
   outer loop
     vertex  1.741790e+02 -6.661280e+01  0.000000e+00
     vertex  1.745737e+02 -7.107314e+01  0.000000e+00
     vertex  1.739615e+02 -6.644593e+01  0.000000e+00
   endloop
 endfacet
 facet normal  0.000000e+00 -0.000000e+00 -1.000000e+00
   outer loop
     vertex  1.737947e+02 -6.622847e+01  0.000000e+00
     vertex  1.744545e+02 -7.122847e+01  0.000000e+00
     vertex  1.706005e+02 -7.411710e+01  0.000000e+00
   endloop
 endfacet
 facet normal  0.000000e+00  0.000000e+00 -1.000000e+00
   outer loop
     vertex  1.737947e+02 -6.622847e+01  0.000000e+00
     vertex  1.739615e+02 -6.644593e+01  0.000000e+00
     vertex  1.744545e+02 -7.122847e+01  0.000000e+00
   endloop
 endfacet
 facet normal  0.000000e+00  0.000000e+00 -1.000000e+00
   outer loop
     vertex  1.737947e+02 -6.622847e+01  0.000000e+00
     vertex  1.706005e+02 -7.411710e+01  0.000000e+00
     vertex  1.705040e+02 -7.415706e+01  0.000000e+00
   endloop
 endfacet
 facet normal  0.000000e+00  0.000000e+00 -1.000000e+00
   outer loop
     vertex  1.744322e+02 -6.671769e+01  0.000000e+00
     vertex  1.749099e+02 -7.087903e+01  0.000000e+00
     vertex  1.747290e+02 -7.095395e+01  0.000000e+00
   endloop
 endfacet
 facet normal -0.000000e+00 -0.000000e+00 -1.000000e+00
   outer loop
     vertex  1.744322e+02 -6.671769e+01  0.000000e+00
     vertex  1.747290e+02 -7.095395e+01  0.000000e+00
     vertex  1.741790e+02 -6.661280e+01  0.000000e+00
   endloop
 endfacet
 facet normal  0.000000e+00 -0.000000e+00 -1.000000e+00
   outer loop
     vertex  1.736898e+02 -6.597523e+01  0.000000e+00
     vertex  1.737947e+02 -6.622847e+01  0.000000e+00
     vertex  1.705040e+02 -7.415706e+01  0.000000e+00
   endloop
 endfacet
 facet normal  0.000000e+00  0.000000e+00 -1.000000e+00
   outer loop
     vertex  1.736898e+02 -6.597523e+01  0.000000e+00
     vertex  1.705040e+02 -7.415706e+01  0.000000e+00
     vertex  1.704212e+02 -7.422063e+01  0.000000e+00
   endloop
 endfacet
 facet normal  0.000000e+00  0.000000e+00 -1.000000e+00
   outer loop
     vertex  1.747040e+02 -6.675347e+01  0.000000e+00
     vertex  1.751040e+02 -7.085347e+01  0.000000e+00
     vertex  1.749099e+02 -7.087903e+01  0.000000e+00
   endloop
 endfacet
 facet normal -0.000000e+00 -0.000000e+00 -1.000000e+00
   outer loop
     vertex  1.747040e+02 -6.675347e+01  0.000000e+00
     vertex  1.749099e+02 -7.087903e+01  0.000000e+00
     vertex  1.744322e+02 -6.671769e+01  0.000000e+00
   endloop
 endfacet
 facet normal  0.000000e+00 -0.000000e+00 -1.000000e+00
   outer loop
     vertex  1.736540e+02 -6.570347e+01  0.000000e+00
     vertex  1.736898e+02 -6.597523e+01  0.000000e+00
     vertex  1.704212e+02 -7.422063e+01  0.000000e+00
   endloop
 endfacet
 facet normal -0.000000e+00  0.000000e+00 -1.000000e+00
   outer loop
     vertex  1.736540e+02 -6.570347e+01  0.000000e+00
     vertex  1.704212e+02 -7.422063e+01  0.000000e+00
     vertex  1.426816e+02 -6.467674e+01  0.000000e+00
   endloop
 endfacet
 facet normal  0.000000e+00  0.000000e+00 -1.000000e+00
   outer loop
     vertex  1.749758e+02 -6.671769e+01  0.000000e+00
     vertex  1.752981e+02 -7.087903e+01  0.000000e+00
     vertex  1.751040e+02 -7.085347e+01  0.000000e+00
   endloop
 endfacet
 facet normal  0.000000e+00 -0.000000e+00 -1.000000e+00
   outer loop
     vertex  1.749758e+02 -6.671769e+01  0.000000e+00
     vertex  1.751040e+02 -7.085347e+01  0.000000e+00
     vertex  1.747040e+02 -6.675347e+01  0.000000e+00
   endloop
 endfacet
 facet normal -0.000000e+00  0.000000e+00 -1.000000e+00
   outer loop
     vertex  1.736898e+02 -6.543171e+01  0.000000e+00
     vertex  1.736540e+02 -6.570347e+01  0.000000e+00
     vertex  1.426816e+02 -6.467674e+01  0.000000e+00
   endloop
 endfacet
 facet normal -0.000000e+00  0.000000e+00 -1.000000e+00
   outer loop
     vertex  1.737947e+02 -6.517847e+01  0.000000e+00
     vertex  1.736898e+02 -6.543171e+01  0.000000e+00
     vertex  1.426816e+02 -6.467674e+01  0.000000e+00
   endloop
 endfacet
 facet normal  0.000000e+00  0.000000e+00 -1.000000e+00
   outer loop
     vertex  1.752290e+02 -6.661280e+01  0.000000e+00
     vertex  1.754790e+02 -7.095395e+01  0.000000e+00
     vertex  1.752981e+02 -7.087903e+01  0.000000e+00
   endloop
 endfacet
 facet normal  0.000000e+00 -0.000000e+00 -1.000000e+00
   outer loop
     vertex  1.752290e+02 -6.661280e+01  0.000000e+00
     vertex  1.752981e+02 -7.087903e+01  0.000000e+00
     vertex  1.749758e+02 -6.671769e+01  0.000000e+00
   endloop
 endfacet
 facet normal  0.000000e+00 -0.000000e+00 -1.000000e+00
   outer loop
     vertex  1.754465e+02 -6.644593e+01  0.000000e+00
     vertex  1.754790e+02 -7.095395e+01  0.000000e+00
     vertex  1.752290e+02 -6.661280e+01  0.000000e+00
   endloop
 endfacet
 facet normal  0.000000e+00  0.000000e+00 -1.000000e+00
   outer loop
     vertex  1.754465e+02 -6.644593e+01  0.000000e+00
     vertex  1.756343e+02 -7.107314e+01  0.000000e+00
     vertex  1.754790e+02 -7.095395e+01  0.000000e+00
   endloop
 endfacet
 facet normal  0.000000e+00  0.000000e+00 -1.000000e+00
   outer loop
     vertex  1.751145e+02 -6.220041e+01  0.000000e+00
     vertex  1.426816e+02 -6.467674e+01  0.000000e+00
     vertex  1.414070e+02 -6.350000e+01  0.000000e+00
   endloop
 endfacet
 facet normal  0.000000e+00  0.000000e+00 -1.000000e+00
   outer loop
     vertex  1.751145e+02 -6.220041e+01  0.000000e+00
     vertex  1.739615e+02 -6.496101e+01  0.000000e+00
     vertex  1.737947e+02 -6.517847e+01  0.000000e+00
   endloop
 endfacet
 facet normal  0.000000e+00  0.000000e+00 -1.000000e+00
   outer loop
     vertex  1.751145e+02 -6.220041e+01  0.000000e+00
     vertex  1.741790e+02 -6.479414e+01  0.000000e+00
     vertex  1.739615e+02 -6.496101e+01  0.000000e+00
   endloop
 endfacet
 facet normal  0.000000e+00  0.000000e+00 -1.000000e+00
   outer loop
     vertex  1.751145e+02 -6.220041e+01  0.000000e+00
     vertex  1.744322e+02 -6.468925e+01  0.000000e+00
     vertex  1.741790e+02 -6.479414e+01  0.000000e+00
   endloop
 endfacet
 facet normal  0.000000e+00  0.000000e+00 -1.000000e+00
   outer loop
     vertex  1.751145e+02 -6.220041e+01  0.000000e+00
     vertex  1.747040e+02 -6.465347e+01  0.000000e+00
     vertex  1.744322e+02 -6.468925e+01  0.000000e+00
   endloop
 endfacet
 facet normal  0.000000e+00  0.000000e+00 -1.000000e+00
   outer loop
     vertex  1.751145e+02 -6.220041e+01  0.000000e+00
     vertex  1.749758e+02 -6.468925e+01  0.000000e+00
     vertex  1.747040e+02 -6.465347e+01  0.000000e+00
   endloop
 endfacet
 facet normal  0.000000e+00 -0.000000e+00 -1.000000e+00
   outer loop
     vertex  1.751145e+02 -6.220041e+01  0.000000e+00
     vertex  1.752290e+02 -6.479414e+01  0.000000e+00
     vertex  1.749758e+02 -6.468925e+01  0.000000e+00
   endloop
 endfacet
 facet normal  0.000000e+00  0.000000e+00 -1.000000e+00
   outer loop
     vertex  1.751145e+02 -6.220041e+01  0.000000e+00
     vertex  1.754465e+02 -6.496101e+01  0.000000e+00
     vertex  1.752290e+02 -6.479414e+01  0.000000e+00
   endloop
 endfacet
 facet normal  0.000000e+00  0.000000e+00 -1.000000e+00
   outer loop
     vertex  1.751145e+02 -6.220041e+01  0.000000e+00
     vertex  1.737947e+02 -6.517847e+01  0.000000e+00
     vertex  1.426816e+02 -6.467674e+01  0.000000e+00
   endloop
 endfacet
 facet normal  0.000000e+00 -0.000000e+00 -1.000000e+00
   outer loop
     vertex  1.782363e+02 -6.532218e+01  0.000000e+00
     vertex  1.782363e+02 -8.869129e+01  0.000000e+00
     vertex  1.758540e+02 -7.980347e+01  0.000000e+00
   endloop
 endfacet
 facet normal  0.000000e+00  0.000000e+00 -1.000000e+00
   outer loop
     vertex  1.782363e+02 -6.532218e+01  0.000000e+00
     vertex  1.755540e+02 -7.570347e+01  0.000000e+00
     vertex  1.758284e+02 -7.179759e+01  0.000000e+00
   endloop
 endfacet
 facet normal  0.000000e+00  0.000000e+00 -1.000000e+00
   outer loop
     vertex  1.782363e+02 -6.532218e+01  0.000000e+00
     vertex  1.757535e+02 -7.122847e+01  0.000000e+00
     vertex  1.756343e+02 -7.107314e+01  0.000000e+00
   endloop
 endfacet
 facet normal  0.000000e+00  0.000000e+00 -1.000000e+00
   outer loop
     vertex  1.782363e+02 -6.532218e+01  0.000000e+00
     vertex  1.758284e+02 -7.140936e+01  0.000000e+00
     vertex  1.757535e+02 -7.122847e+01  0.000000e+00
   endloop
 endfacet
 facet normal  0.000000e+00  0.000000e+00 -1.000000e+00
   outer loop
     vertex  1.782363e+02 -6.532218e+01  0.000000e+00
     vertex  1.758540e+02 -7.160347e+01  0.000000e+00
     vertex  1.758284e+02 -7.140936e+01  0.000000e+00
   endloop
 endfacet
 facet normal  0.000000e+00  0.000000e+00 -1.000000e+00
   outer loop
     vertex  1.782363e+02 -6.532218e+01  0.000000e+00
     vertex  1.758284e+02 -7.179759e+01  0.000000e+00
     vertex  1.758540e+02 -7.160347e+01  0.000000e+00
   endloop
 endfacet
 facet normal  0.000000e+00  0.000000e+00 -1.000000e+00
   outer loop
     vertex  1.782363e+02 -6.532218e+01  0.000000e+00
     vertex  1.758284e+02 -7.960936e+01  0.000000e+00
     vertex  1.755540e+02 -7.570347e+01  0.000000e+00
   endloop
 endfacet
 facet normal  0.000000e+00  0.000000e+00 -1.000000e+00
   outer loop
     vertex  1.782363e+02 -6.532218e+01  0.000000e+00
     vertex  1.756133e+02 -6.517847e+01  0.000000e+00
     vertex  1.754465e+02 -6.496101e+01  0.000000e+00
   endloop
 endfacet
 facet normal -0.000000e+00  0.000000e+00 -1.000000e+00
   outer loop
     vertex  1.782363e+02 -6.532218e+01  0.000000e+00
     vertex  1.757182e+02 -6.543171e+01  0.000000e+00
     vertex  1.756133e+02 -6.517847e+01  0.000000e+00
   endloop
 endfacet
 facet normal  0.000000e+00  0.000000e+00 -1.000000e+00
   outer loop
     vertex  1.782363e+02 -6.532218e+01  0.000000e+00
     vertex  1.757540e+02 -6.570347e+01  0.000000e+00
     vertex  1.757182e+02 -6.543171e+01  0.000000e+00
   endloop
 endfacet
 facet normal  0.000000e+00  0.000000e+00 -1.000000e+00
   outer loop
     vertex  1.782363e+02 -6.532218e+01  0.000000e+00
     vertex  1.757182e+02 -6.597523e+01  0.000000e+00
     vertex  1.757540e+02 -6.570347e+01  0.000000e+00
   endloop
 endfacet
 facet normal  0.000000e+00  0.000000e+00 -1.000000e+00
   outer loop
     vertex  1.782363e+02 -6.532218e+01  0.000000e+00
     vertex  1.756133e+02 -6.622847e+01  0.000000e+00
     vertex  1.757182e+02 -6.597523e+01  0.000000e+00
   endloop
 endfacet
 facet normal  0.000000e+00  0.000000e+00 -1.000000e+00
   outer loop
     vertex  1.782363e+02 -6.532218e+01  0.000000e+00
     vertex  1.754465e+02 -6.644593e+01  0.000000e+00
     vertex  1.756133e+02 -6.622847e+01  0.000000e+00
   endloop
 endfacet
 facet normal  0.000000e+00  0.000000e+00 -1.000000e+00
   outer loop
     vertex  1.782363e+02 -6.532218e+01  0.000000e+00
     vertex  1.756343e+02 -7.107314e+01  0.000000e+00
     vertex  1.754465e+02 -6.644593e+01  0.000000e+00
   endloop
 endfacet
 facet normal  0.000000e+00  0.000000e+00 -1.000000e+00
   outer loop
     vertex  1.782363e+02 -6.532218e+01  0.000000e+00
     vertex  1.758540e+02 -7.980347e+01  0.000000e+00
     vertex  1.758284e+02 -7.960936e+01  0.000000e+00
   endloop
 endfacet
 facet normal  0.000000e+00  0.000000e+00 -1.000000e+00
   outer loop
     vertex  1.782363e+02 -6.532218e+01  0.000000e+00
     vertex  1.754465e+02 -6.496101e+01  0.000000e+00
     vertex  1.751145e+02 -6.220041e+01  0.000000e+00
   endloop
 endfacet
 facet normal -0.000000e+00  0.000000e+00 -1.000000e+00
   outer loop
     vertex  1.751145e+02 -6.220041e+01  0.000000e+00
     vertex  1.414070e+02 -6.350000e+01  0.000000e+00
     vertex  1.343916e+02 -6.220041e+01  0.000000e+00
   endloop
 endfacet
 facet normal  0.000000e+00  0.000000e+00  1.000000e+00
   outer loop
     vertex  1.341615e+02 -1.384459e+02  1.510000e+00
     vertex  1.312698e+02 -1.383676e+02  1.510000e+00
     vertex  1.343916e+02 -1.414894e+02  1.510000e+00
   endloop
 endfacet
 facet normal  0.000000e+00  0.000000e+00  1.000000e+00
   outer loop
     vertex  1.339947e+02 -1.382285e+02  1.510000e+00
     vertex  1.312698e+02 -1.383676e+02  1.510000e+00
     vertex  1.341615e+02 -1.384459e+02  1.510000e+00
   endloop
 endfacet
 facet normal  0.000000e+00  0.000000e+00  1.000000e+00
   outer loop
     vertex  1.343790e+02 -1.386128e+02  1.510000e+00
     vertex  1.341615e+02 -1.384459e+02  1.510000e+00
     vertex  1.343916e+02 -1.414894e+02  1.510000e+00
   endloop
 endfacet
 facet normal  0.000000e+00  0.000000e+00  1.000000e+00
   outer loop
     vertex  1.346322e+02 -1.387177e+02  1.510000e+00
     vertex  1.343790e+02 -1.386128e+02  1.510000e+00
     vertex  1.343916e+02 -1.414894e+02  1.510000e+00
   endloop
 endfacet
 facet normal  0.000000e+00  0.000000e+00  1.000000e+00
   outer loop
     vertex  1.338898e+02 -1.379752e+02  1.510000e+00
     vertex  1.312698e+02 -1.383676e+02  1.510000e+00
     vertex  1.339947e+02 -1.382285e+02  1.510000e+00
   endloop
 endfacet
 facet normal  0.000000e+00  0.000000e+00  1.000000e+00
   outer loop
     vertex  1.338540e+02 -1.377035e+02  1.510000e+00
     vertex  1.312698e+02 -1.383676e+02  1.510000e+00
     vertex  1.338898e+02 -1.379752e+02  1.510000e+00
   endloop
 endfacet
 facet normal  0.000000e+00  0.000000e+00  1.000000e+00
   outer loop
     vertex  1.349040e+02 -1.387535e+02  1.510000e+00
     vertex  1.346322e+02 -1.387177e+02  1.510000e+00
     vertex  1.343916e+02 -1.414894e+02  1.510000e+00
   endloop
 endfacet
 facet normal  0.000000e+00  0.000000e+00  1.000000e+00
   outer loop
     vertex  1.338898e+02 -1.374317e+02  1.510000e+00
     vertex  1.312698e+02 -1.383676e+02  1.510000e+00
     vertex  1.338540e+02 -1.377035e+02  1.510000e+00
   endloop
 endfacet
 facet normal  0.000000e+00  0.000000e+00  1.000000e+00
   outer loop
     vertex  1.351758e+02 -1.387177e+02  1.510000e+00
     vertex  1.349040e+02 -1.387535e+02  1.510000e+00
     vertex  1.343916e+02 -1.414894e+02  1.510000e+00
   endloop
 endfacet
 facet normal  0.000000e+00  0.000000e+00  1.000000e+00
   outer loop
     vertex  1.339947e+02 -1.371785e+02  1.510000e+00
     vertex  1.312698e+02 -1.383676e+02  1.510000e+00
     vertex  1.338898e+02 -1.374317e+02  1.510000e+00
   endloop
 endfacet
 facet normal  0.000000e+00  0.000000e+00  1.000000e+00
   outer loop
     vertex  1.354290e+02 -1.386128e+02  1.510000e+00
     vertex  1.351758e+02 -1.387177e+02  1.510000e+00
     vertex  1.343916e+02 -1.414894e+02  1.510000e+00
   endloop
 endfacet
 facet normal  0.000000e+00  0.000000e+00  1.000000e+00
   outer loop
     vertex  1.341615e+02 -1.369610e+02  1.510000e+00
     vertex  1.312698e+02 -1.383676e+02  1.510000e+00
     vertex  1.339947e+02 -1.371785e+02  1.510000e+00
   endloop
 endfacet
 facet normal  0.000000e+00  0.000000e+00  1.000000e+00
   outer loop
     vertex  1.356465e+02 -1.384459e+02  1.510000e+00
     vertex  1.354290e+02 -1.386128e+02  1.510000e+00
     vertex  1.343916e+02 -1.414894e+02  1.510000e+00
   endloop
 endfacet
 facet normal  0.000000e+00  0.000000e+00  1.000000e+00
   outer loop
     vertex  1.358133e+02 -1.382285e+02  1.510000e+00
     vertex  1.356465e+02 -1.384459e+02  1.510000e+00
     vertex  1.343916e+02 -1.414894e+02  1.510000e+00
   endloop
 endfacet
 facet normal  0.000000e+00  0.000000e+00  1.000000e+00
   outer loop
     vertex  1.338212e+02 -1.321863e+02  1.510000e+00
     vertex  1.312698e+02 -1.383676e+02  1.510000e+00
     vertex  1.341615e+02 -1.369610e+02  1.510000e+00
   endloop
 endfacet
 facet normal  0.000000e+00  0.000000e+00  1.000000e+00
   outer loop
     vertex  1.337576e+02 -1.321035e+02  1.510000e+00
     vertex  1.312698e+02 -1.383676e+02  1.510000e+00
     vertex  1.338212e+02 -1.321863e+02  1.510000e+00
   endloop
 endfacet
 facet normal  0.000000e+00  0.000000e+00  1.000000e+00
   outer loop
     vertex  1.339040e+02 -1.322499e+02  1.510000e+00
     vertex  1.338212e+02 -1.321863e+02  1.510000e+00
     vertex  1.341615e+02 -1.369610e+02  1.510000e+00
   endloop
 endfacet
 facet normal  0.000000e+00  0.000000e+00  1.000000e+00
   outer loop
     vertex  1.339040e+02 -1.322499e+02  1.510000e+00
     vertex  1.341615e+02 -1.369610e+02  1.510000e+00
     vertex  1.343790e+02 -1.367941e+02  1.510000e+00
   endloop
 endfacet
 facet normal  0.000000e+00  0.000000e+00  1.000000e+00
   outer loop
     vertex  1.337176e+02 -1.320070e+02  1.510000e+00
     vertex  1.312698e+02 -1.383676e+02  1.510000e+00
     vertex  1.337576e+02 -1.321035e+02  1.510000e+00
   endloop
 endfacet
 facet normal  0.000000e+00  0.000000e+00  1.000000e+00
   outer loop
     vertex  1.340005e+02 -1.322898e+02  1.510000e+00
     vertex  1.339040e+02 -1.322499e+02  1.510000e+00
     vertex  1.343790e+02 -1.367941e+02  1.510000e+00
   endloop
 endfacet
 facet normal  0.000000e+00  0.000000e+00  1.000000e+00
   outer loop
     vertex  1.340005e+02 -1.322898e+02  1.510000e+00
     vertex  1.343790e+02 -1.367941e+02  1.510000e+00
     vertex  1.346322e+02 -1.366892e+02  1.510000e+00
   endloop
 endfacet
 facet normal  0.000000e+00  0.000000e+00  1.000000e+00
   outer loop
     vertex  1.337040e+02 -1.319035e+02  1.510000e+00
     vertex  1.312698e+02 -1.383676e+02  1.510000e+00
     vertex  1.337176e+02 -1.320070e+02  1.510000e+00
   endloop
 endfacet
 facet normal  0.000000e+00  0.000000e+00  1.000000e+00
   outer loop
     vertex  1.341040e+02 -1.323035e+02  1.510000e+00
     vertex  1.340005e+02 -1.322898e+02  1.510000e+00
     vertex  1.346322e+02 -1.366892e+02  1.510000e+00
   endloop
 endfacet
 facet normal  0.000000e+00  0.000000e+00  1.000000e+00
   outer loop
     vertex  1.342075e+02 -1.322898e+02  1.510000e+00
     vertex  1.346322e+02 -1.366892e+02  1.510000e+00
     vertex  1.349040e+02 -1.366535e+02  1.510000e+00
   endloop
 endfacet
 facet normal  0.000000e+00  0.000000e+00  1.000000e+00
   outer loop
     vertex  1.342075e+02 -1.322898e+02  1.510000e+00
     vertex  1.341040e+02 -1.323035e+02  1.510000e+00
     vertex  1.346322e+02 -1.366892e+02  1.510000e+00
   endloop
 endfacet
 facet normal  0.000000e+00  0.000000e+00  1.000000e+00
   outer loop
     vertex  1.358212e+02 -1.321863e+02  1.510000e+00
     vertex  1.343868e+02 -1.321863e+02  1.510000e+00
     vertex  1.343040e+02 -1.322499e+02  1.510000e+00
   endloop
 endfacet
 facet normal  0.000000e+00  0.000000e+00  1.000000e+00
   outer loop
     vertex  1.357576e+02 -1.321035e+02  1.510000e+00
     vertex  1.344504e+02 -1.321035e+02  1.510000e+00
     vertex  1.343868e+02 -1.321863e+02  1.510000e+00
   endloop
 endfacet
 facet normal  0.000000e+00  0.000000e+00  1.000000e+00
   outer loop
     vertex  1.357576e+02 -1.321035e+02  1.510000e+00
     vertex  1.343868e+02 -1.321863e+02  1.510000e+00
     vertex  1.358212e+02 -1.321863e+02  1.510000e+00
   endloop
 endfacet
 facet normal  0.000000e+00  0.000000e+00  1.000000e+00
   outer loop
     vertex  1.359040e+02 -1.322499e+02  1.510000e+00
     vertex  1.343040e+02 -1.322499e+02  1.510000e+00
     vertex  1.342075e+02 -1.322898e+02  1.510000e+00
   endloop
 endfacet
 facet normal  0.000000e+00  0.000000e+00  1.000000e+00
   outer loop
     vertex  1.359040e+02 -1.322499e+02  1.510000e+00
     vertex  1.358212e+02 -1.321863e+02  1.510000e+00
     vertex  1.343040e+02 -1.322499e+02  1.510000e+00
   endloop
 endfacet
 facet normal  0.000000e+00  0.000000e+00  1.000000e+00
   outer loop
     vertex  1.357176e+02 -1.320070e+02  1.510000e+00
     vertex  1.344904e+02 -1.320070e+02  1.510000e+00
     vertex  1.344504e+02 -1.321035e+02  1.510000e+00
   endloop
 endfacet
 facet normal  0.000000e+00  0.000000e+00  1.000000e+00
   outer loop
     vertex  1.357176e+02 -1.320070e+02  1.510000e+00
     vertex  1.344504e+02 -1.321035e+02  1.510000e+00
     vertex  1.357576e+02 -1.321035e+02  1.510000e+00
   endloop
 endfacet
 facet normal  0.000000e+00  0.000000e+00  1.000000e+00
   outer loop
     vertex  1.360005e+02 -1.322898e+02  1.510000e+00
     vertex  1.349040e+02 -1.366535e+02  1.510000e+00
     vertex  1.351758e+02 -1.366892e+02  1.510000e+00
   endloop
 endfacet
 facet normal  0.000000e+00  0.000000e+00  1.000000e+00
   outer loop
     vertex  1.360005e+02 -1.322898e+02  1.510000e+00
     vertex  1.342075e+02 -1.322898e+02  1.510000e+00
     vertex  1.349040e+02 -1.366535e+02  1.510000e+00
   endloop
 endfacet
 facet normal  0.000000e+00  0.000000e+00  1.000000e+00
   outer loop
     vertex  1.360005e+02 -1.322898e+02  1.510000e+00
     vertex  1.359040e+02 -1.322499e+02  1.510000e+00
     vertex  1.342075e+02 -1.322898e+02  1.510000e+00
   endloop
 endfacet
 facet normal  0.000000e+00  0.000000e+00  1.000000e+00
   outer loop
     vertex  1.357040e+02 -1.319035e+02  1.510000e+00
     vertex  1.345040e+02 -1.319035e+02  1.510000e+00
     vertex  1.344904e+02 -1.320070e+02  1.510000e+00
   endloop
 endfacet
 facet normal  0.000000e+00  0.000000e+00  1.000000e+00
   outer loop
     vertex  1.357040e+02 -1.319035e+02  1.510000e+00
     vertex  1.344904e+02 -1.320070e+02  1.510000e+00
     vertex  1.357176e+02 -1.320070e+02  1.510000e+00
   endloop
 endfacet
 facet normal  0.000000e+00  0.000000e+00  1.000000e+00
   outer loop
     vertex  1.361040e+02 -1.323035e+02  1.510000e+00
     vertex  1.351758e+02 -1.366892e+02  1.510000e+00
     vertex  1.354290e+02 -1.367941e+02  1.510000e+00
   endloop
 endfacet
 facet normal  0.000000e+00  0.000000e+00  1.000000e+00
   outer loop
     vertex  1.361040e+02 -1.323035e+02  1.510000e+00
     vertex  1.360005e+02 -1.322898e+02  1.510000e+00
     vertex  1.351758e+02 -1.366892e+02  1.510000e+00
   endloop
 endfacet
 facet normal  0.000000e+00  0.000000e+00  1.000000e+00
   outer loop
     vertex  1.357176e+02 -1.317999e+02  1.510000e+00
     vertex  1.344904e+02 -1.317999e+02  1.510000e+00
     vertex  1.345040e+02 -1.319035e+02  1.510000e+00
   endloop
 endfacet
 facet normal  0.000000e+00  0.000000e+00  1.000000e+00
   outer loop
     vertex  1.357176e+02 -1.317999e+02  1.510000e+00
     vertex  1.345040e+02 -1.319035e+02  1.510000e+00
     vertex  1.357040e+02 -1.319035e+02  1.510000e+00
   endloop
 endfacet
 facet normal  0.000000e+00  0.000000e+00  1.000000e+00
   outer loop
     vertex  1.362075e+02 -1.322898e+02  1.510000e+00
     vertex  1.354290e+02 -1.367941e+02  1.510000e+00
     vertex  1.356465e+02 -1.369610e+02  1.510000e+00
   endloop
 endfacet
 facet normal  0.000000e+00  0.000000e+00  1.000000e+00
   outer loop
     vertex  1.362075e+02 -1.322898e+02  1.510000e+00
     vertex  1.361040e+02 -1.323035e+02  1.510000e+00
     vertex  1.354290e+02 -1.367941e+02  1.510000e+00
   endloop
 endfacet
 facet normal  0.000000e+00  0.000000e+00  1.000000e+00
   outer loop
     vertex  1.357576e+02 -1.317035e+02  1.510000e+00
     vertex  1.344904e+02 -1.317999e+02  1.510000e+00
     vertex  1.357176e+02 -1.317999e+02  1.510000e+00
   endloop
 endfacet
 facet normal  0.000000e+00  0.000000e+00  1.000000e+00
   outer loop
     vertex  1.357576e+02 -1.317035e+02  1.510000e+00
     vertex  1.344504e+02 -1.317035e+02  1.510000e+00
     vertex  1.344904e+02 -1.317999e+02  1.510000e+00
   endloop
 endfacet
 facet normal  0.000000e+00  0.000000e+00  1.000000e+00
   outer loop
     vertex  1.363040e+02 -1.322499e+02  1.510000e+00
     vertex  1.362075e+02 -1.322898e+02  1.510000e+00
     vertex  1.356465e+02 -1.369610e+02  1.510000e+00
   endloop
 endfacet
 facet normal  0.000000e+00  0.000000e+00  1.000000e+00
   outer loop
     vertex  1.358212e+02 -1.316206e+02  1.510000e+00
     vertex  1.344504e+02 -1.317035e+02  1.510000e+00
     vertex  1.357576e+02 -1.317035e+02  1.510000e+00
   endloop
 endfacet
 facet normal  0.000000e+00  0.000000e+00  1.000000e+00
   outer loop
     vertex  1.358212e+02 -1.316206e+02  1.510000e+00
     vertex  1.343868e+02 -1.316206e+02  1.510000e+00
     vertex  1.344504e+02 -1.317035e+02  1.510000e+00
   endloop
 endfacet
 facet normal  0.000000e+00  0.000000e+00  1.000000e+00
   outer loop
     vertex  1.363868e+02 -1.321863e+02  1.510000e+00
     vertex  1.356465e+02 -1.369610e+02  1.510000e+00
     vertex  1.358133e+02 -1.371785e+02  1.510000e+00
   endloop
 endfacet
 facet normal  0.000000e+00  0.000000e+00  1.000000e+00
   outer loop
     vertex  1.363868e+02 -1.321863e+02  1.510000e+00
     vertex  1.363040e+02 -1.322499e+02  1.510000e+00
     vertex  1.356465e+02 -1.369610e+02  1.510000e+00
   endloop
 endfacet
 facet normal  0.000000e+00  0.000000e+00  1.000000e+00
   outer loop
     vertex  1.359040e+02 -1.315571e+02  1.510000e+00
     vertex  1.343040e+02 -1.315571e+02  1.510000e+00
     vertex  1.343868e+02 -1.316206e+02  1.510000e+00
   endloop
 endfacet
 facet normal  0.000000e+00  0.000000e+00  1.000000e+00
   outer loop
     vertex  1.359040e+02 -1.315571e+02  1.510000e+00
     vertex  1.343868e+02 -1.316206e+02  1.510000e+00
     vertex  1.358212e+02 -1.316206e+02  1.510000e+00
   endloop
 endfacet
 facet normal  0.000000e+00  0.000000e+00  1.000000e+00
   outer loop
     vertex  1.364504e+02 -1.321035e+02  1.510000e+00
     vertex  1.358133e+02 -1.371785e+02  1.510000e+00
     vertex  1.359182e+02 -1.374317e+02  1.510000e+00
   endloop
 endfacet
 facet normal  0.000000e+00  0.000000e+00  1.000000e+00
   outer loop
     vertex  1.364504e+02 -1.321035e+02  1.510000e+00
     vertex  1.363868e+02 -1.321863e+02  1.510000e+00
     vertex  1.358133e+02 -1.371785e+02  1.510000e+00
   endloop
 endfacet
 facet normal  0.000000e+00  0.000000e+00  1.000000e+00
   outer loop
     vertex  1.364904e+02 -1.320070e+02  1.510000e+00
     vertex  1.359182e+02 -1.374317e+02  1.510000e+00
     vertex  1.359540e+02 -1.377035e+02  1.510000e+00
   endloop
 endfacet
 facet normal  0.000000e+00  0.000000e+00  1.000000e+00
   outer loop
     vertex  1.364904e+02 -1.320070e+02  1.510000e+00
     vertex  1.364504e+02 -1.321035e+02  1.510000e+00
     vertex  1.359182e+02 -1.374317e+02  1.510000e+00
   endloop
 endfacet
 facet normal  0.000000e+00  0.000000e+00  1.000000e+00
   outer loop
     vertex  1.339040e+02 -1.288499e+02  1.510000e+00
     vertex  1.338212e+02 -1.287863e+02  1.510000e+00
     vertex  1.338212e+02 -1.316206e+02  1.510000e+00
   endloop
 endfacet
 facet normal  0.000000e+00  0.000000e+00  1.000000e+00
   outer loop
     vertex  1.339040e+02 -1.288499e+02  1.510000e+00
     vertex  1.338212e+02 -1.316206e+02  1.510000e+00
     vertex  1.339040e+02 -1.315571e+02  1.510000e+00
   endloop
 endfacet
 facet normal  0.000000e+00  0.000000e+00  1.000000e+00
   outer loop
     vertex  1.339040e+02 -1.288499e+02  1.510000e+00
     vertex  1.339040e+02 -1.315571e+02  1.510000e+00
     vertex  1.340005e+02 -1.315171e+02  1.510000e+00
   endloop
 endfacet
 facet normal  0.000000e+00  0.000000e+00  1.000000e+00
   outer loop
     vertex  1.337576e+02 -1.287035e+02  1.510000e+00
     vertex  1.338212e+02 -1.316206e+02  1.510000e+00
     vertex  1.338212e+02 -1.287863e+02  1.510000e+00
   endloop
 endfacet
 facet normal  0.000000e+00  0.000000e+00  1.000000e+00
   outer loop
     vertex  1.337576e+02 -1.287035e+02  1.510000e+00
     vertex  1.337576e+02 -1.317035e+02  1.510000e+00
     vertex  1.338212e+02 -1.316206e+02  1.510000e+00
   endloop
 endfacet
 facet normal  0.000000e+00  0.000000e+00  1.000000e+00
   outer loop
     vertex  1.337176e+02 -1.286070e+02  1.510000e+00
     vertex  1.337576e+02 -1.317035e+02  1.510000e+00
     vertex  1.337576e+02 -1.287035e+02  1.510000e+00
   endloop
 endfacet
 facet normal  0.000000e+00  0.000000e+00  1.000000e+00
   outer loop
     vertex  1.337176e+02 -1.286070e+02  1.510000e+00
     vertex  1.337040e+02 -1.319035e+02  1.510000e+00
     vertex  1.337176e+02 -1.317999e+02  1.510000e+00
   endloop
 endfacet
 facet normal  0.000000e+00  0.000000e+00  1.000000e+00
   outer loop
     vertex  1.337176e+02 -1.286070e+02  1.510000e+00
     vertex  1.337176e+02 -1.317999e+02  1.510000e+00
     vertex  1.337576e+02 -1.317035e+02  1.510000e+00
   endloop
 endfacet
 facet normal  0.000000e+00  0.000000e+00  1.000000e+00
   outer loop
     vertex  1.340005e+02 -1.288898e+02  1.510000e+00
     vertex  1.339040e+02 -1.288499e+02  1.510000e+00
     vertex  1.340005e+02 -1.315171e+02  1.510000e+00
   endloop
 endfacet
 facet normal  0.000000e+00  0.000000e+00  1.000000e+00
   outer loop
     vertex  1.340005e+02 -1.288898e+02  1.510000e+00
     vertex  1.340005e+02 -1.315171e+02  1.510000e+00
     vertex  1.341040e+02 -1.315035e+02  1.510000e+00
   endloop
 endfacet
 facet normal  0.000000e+00  0.000000e+00  1.000000e+00
   outer loop
     vertex  1.337040e+02 -1.285035e+02  1.510000e+00
     vertex  1.312698e+02 -1.383676e+02  1.510000e+00
     vertex  1.337040e+02 -1.319035e+02  1.510000e+00
   endloop
 endfacet
 facet normal  0.000000e+00  0.000000e+00  1.000000e+00
   outer loop
     vertex  1.337040e+02 -1.285035e+02  1.510000e+00
     vertex  1.337040e+02 -1.319035e+02  1.510000e+00
     vertex  1.337176e+02 -1.286070e+02  1.510000e+00
   endloop
 endfacet
 facet normal  0.000000e+00  0.000000e+00  1.000000e+00
   outer loop
     vertex  1.341040e+02 -1.289035e+02  1.510000e+00
     vertex  1.340005e+02 -1.288898e+02  1.510000e+00
     vertex  1.341040e+02 -1.315035e+02  1.510000e+00
   endloop
 endfacet
 facet normal  0.000000e+00  0.000000e+00  1.000000e+00
   outer loop
     vertex  1.341040e+02 -1.289035e+02  1.510000e+00
     vertex  1.341040e+02 -1.315035e+02  1.510000e+00
     vertex  1.342075e+02 -1.315171e+02  1.510000e+00
   endloop
 endfacet
 facet normal  0.000000e+00  0.000000e+00  1.000000e+00
   outer loop
     vertex  1.342075e+02 -1.288898e+02  1.510000e+00
     vertex  1.341040e+02 -1.289035e+02  1.510000e+00
     vertex  1.342075e+02 -1.315171e+02  1.510000e+00
   endloop
 endfacet
 facet normal  0.000000e+00  0.000000e+00  1.000000e+00
   outer loop
     vertex  1.343040e+02 -1.288499e+02  1.510000e+00
     vertex  1.342075e+02 -1.288898e+02  1.510000e+00
     vertex  1.342075e+02 -1.315171e+02  1.510000e+00
   endloop
 endfacet
 facet normal  0.000000e+00  0.000000e+00  1.000000e+00
   outer loop
     vertex  1.343040e+02 -1.288499e+02  1.510000e+00
     vertex  1.342075e+02 -1.315171e+02  1.510000e+00
     vertex  1.343040e+02 -1.315571e+02  1.510000e+00
   endloop
 endfacet
 facet normal  0.000000e+00  0.000000e+00  1.000000e+00
   outer loop
     vertex  1.359040e+02 -1.288499e+02  1.510000e+00
     vertex  1.343868e+02 -1.287863e+02  1.510000e+00
     vertex  1.343040e+02 -1.288499e+02  1.510000e+00
   endloop
 endfacet
 facet normal  0.000000e+00  0.000000e+00  1.000000e+00
   outer loop
     vertex  1.359040e+02 -1.288499e+02  1.510000e+00
     vertex  1.343040e+02 -1.288499e+02  1.510000e+00
     vertex  1.343040e+02 -1.315571e+02  1.510000e+00
   endloop
 endfacet
 facet normal  0.000000e+00  0.000000e+00  1.000000e+00
   outer loop
     vertex  1.359040e+02 -1.288499e+02  1.510000e+00
     vertex  1.358212e+02 -1.287863e+02  1.510000e+00
     vertex  1.343868e+02 -1.287863e+02  1.510000e+00
   endloop
 endfacet
 facet normal  0.000000e+00  0.000000e+00  1.000000e+00
   outer loop
     vertex  1.359040e+02 -1.288499e+02  1.510000e+00
     vertex  1.359040e+02 -1.315571e+02  1.510000e+00
     vertex  1.360005e+02 -1.315171e+02  1.510000e+00
   endloop
 endfacet
 facet normal  0.000000e+00  0.000000e+00  1.000000e+00
   outer loop
     vertex  1.359040e+02 -1.288499e+02  1.510000e+00
     vertex  1.343040e+02 -1.315571e+02  1.510000e+00
     vertex  1.359040e+02 -1.315571e+02  1.510000e+00
   endloop
 endfacet
 facet normal  0.000000e+00  0.000000e+00  1.000000e+00
   outer loop
     vertex  1.357576e+02 -1.287035e+02  1.510000e+00
     vertex  1.344504e+02 -1.287035e+02  1.510000e+00
     vertex  1.343868e+02 -1.287863e+02  1.510000e+00
   endloop
 endfacet
 facet normal  0.000000e+00  0.000000e+00  1.000000e+00
   outer loop
     vertex  1.357576e+02 -1.287035e+02  1.510000e+00
     vertex  1.343868e+02 -1.287863e+02  1.510000e+00
     vertex  1.358212e+02 -1.287863e+02  1.510000e+00
   endloop
 endfacet
 facet normal  0.000000e+00  0.000000e+00  1.000000e+00
   outer loop
     vertex  1.357176e+02 -1.286070e+02  1.510000e+00
     vertex  1.344904e+02 -1.286070e+02  1.510000e+00
     vertex  1.344504e+02 -1.287035e+02  1.510000e+00
   endloop
 endfacet
 facet normal  0.000000e+00  0.000000e+00  1.000000e+00
   outer loop
     vertex  1.357176e+02 -1.286070e+02  1.510000e+00
     vertex  1.344504e+02 -1.287035e+02  1.510000e+00
     vertex  1.357576e+02 -1.287035e+02  1.510000e+00
   endloop
 endfacet
 facet normal  0.000000e+00  0.000000e+00  1.000000e+00
   outer loop
     vertex  1.360005e+02 -1.288898e+02  1.510000e+00
     vertex  1.359040e+02 -1.288499e+02  1.510000e+00
     vertex  1.360005e+02 -1.315171e+02  1.510000e+00
   endloop
 endfacet
 facet normal  0.000000e+00  0.000000e+00  1.000000e+00
   outer loop
     vertex  1.360005e+02 -1.288898e+02  1.510000e+00
     vertex  1.360005e+02 -1.315171e+02  1.510000e+00
     vertex  1.361040e+02 -1.315035e+02  1.510000e+00
   endloop
 endfacet
 facet normal  0.000000e+00  0.000000e+00  1.000000e+00
   outer loop
     vertex  1.357040e+02 -1.285035e+02  1.510000e+00
     vertex  1.345040e+02 -1.285035e+02  1.510000e+00
     vertex  1.344904e+02 -1.286070e+02  1.510000e+00
   endloop
 endfacet
 facet normal  0.000000e+00  0.000000e+00  1.000000e+00
   outer loop
     vertex  1.357040e+02 -1.285035e+02  1.510000e+00
     vertex  1.344904e+02 -1.286070e+02  1.510000e+00
     vertex  1.357176e+02 -1.286070e+02  1.510000e+00
   endloop
 endfacet
 facet normal  0.000000e+00  0.000000e+00  1.000000e+00
   outer loop
     vertex  1.361040e+02 -1.289035e+02  1.510000e+00
     vertex  1.360005e+02 -1.288898e+02  1.510000e+00
     vertex  1.361040e+02 -1.315035e+02  1.510000e+00
   endloop
 endfacet
 facet normal  0.000000e+00  0.000000e+00  1.000000e+00
   outer loop
     vertex  1.357176e+02 -1.283999e+02  1.510000e+00
     vertex  1.344904e+02 -1.283999e+02  1.510000e+00
     vertex  1.345040e+02 -1.285035e+02  1.510000e+00
   endloop
 endfacet
 facet normal  0.000000e+00  0.000000e+00  1.000000e+00
   outer loop
     vertex  1.357176e+02 -1.283999e+02  1.510000e+00
     vertex  1.345040e+02 -1.285035e+02  1.510000e+00
     vertex  1.357040e+02 -1.285035e+02  1.510000e+00
   endloop
 endfacet
 facet normal  0.000000e+00  0.000000e+00  1.000000e+00
   outer loop
     vertex  1.362075e+02 -1.288898e+02  1.510000e+00
     vertex  1.361040e+02 -1.289035e+02  1.510000e+00
     vertex  1.361040e+02 -1.315035e+02  1.510000e+00
   endloop
 endfacet
 facet normal  0.000000e+00  0.000000e+00  1.000000e+00
   outer loop
     vertex  1.362075e+02 -1.288898e+02  1.510000e+00
     vertex  1.361040e+02 -1.315035e+02  1.510000e+00
     vertex  1.362075e+02 -1.315171e+02  1.510000e+00
   endloop
 endfacet
 facet normal  0.000000e+00  0.000000e+00  1.000000e+00
   outer loop
     vertex  1.362075e+02 -1.288898e+02  1.510000e+00
     vertex  1.362075e+02 -1.315171e+02  1.510000e+00
     vertex  1.363040e+02 -1.315571e+02  1.510000e+00
   endloop
 endfacet
 facet normal  0.000000e+00  0.000000e+00  1.000000e+00
   outer loop
     vertex  1.357576e+02 -1.283035e+02  1.510000e+00
     vertex  1.344504e+02 -1.283035e+02  1.510000e+00
     vertex  1.344904e+02 -1.283999e+02  1.510000e+00
   endloop
 endfacet
 facet normal  0.000000e+00  0.000000e+00  1.000000e+00
   outer loop
     vertex  1.357576e+02 -1.283035e+02  1.510000e+00
     vertex  1.344904e+02 -1.283999e+02  1.510000e+00
     vertex  1.357176e+02 -1.283999e+02  1.510000e+00
   endloop
 endfacet
 facet normal  0.000000e+00  0.000000e+00  1.000000e+00
   outer loop
     vertex  1.363040e+02 -1.288499e+02  1.510000e+00
     vertex  1.362075e+02 -1.288898e+02  1.510000e+00
     vertex  1.363040e+02 -1.315571e+02  1.510000e+00
   endloop
 endfacet
 facet normal  0.000000e+00  0.000000e+00  1.000000e+00
   outer loop
     vertex  1.363040e+02 -1.288499e+02  1.510000e+00
     vertex  1.363040e+02 -1.315571e+02  1.510000e+00
     vertex  1.363868e+02 -1.316206e+02  1.510000e+00
   endloop
 endfacet
 facet normal  0.000000e+00  0.000000e+00  1.000000e+00
   outer loop
     vertex  1.358212e+02 -1.282206e+02  1.510000e+00
     vertex  1.343040e+02 -1.281571e+02  1.510000e+00
     vertex  1.343868e+02 -1.282206e+02  1.510000e+00
   endloop
 endfacet
 facet normal  0.000000e+00  0.000000e+00  1.000000e+00
   outer loop
     vertex  1.358212e+02 -1.282206e+02  1.510000e+00
     vertex  1.343868e+02 -1.282206e+02  1.510000e+00
     vertex  1.344504e+02 -1.283035e+02  1.510000e+00
   endloop
 endfacet
 facet normal  0.000000e+00  0.000000e+00  1.000000e+00
   outer loop
     vertex  1.358212e+02 -1.282206e+02  1.510000e+00
     vertex  1.344504e+02 -1.283035e+02  1.510000e+00
     vertex  1.357576e+02 -1.283035e+02  1.510000e+00
   endloop
 endfacet
 facet normal  0.000000e+00  0.000000e+00  1.000000e+00
   outer loop
     vertex  1.363868e+02 -1.287863e+02  1.510000e+00
     vertex  1.363040e+02 -1.288499e+02  1.510000e+00
     vertex  1.363868e+02 -1.316206e+02  1.510000e+00
   endloop
 endfacet
 facet normal  0.000000e+00  0.000000e+00  1.000000e+00
   outer loop
     vertex  1.359040e+02 -1.281571e+02  1.510000e+00
     vertex  1.343040e+02 -1.281571e+02  1.510000e+00
     vertex  1.358212e+02 -1.282206e+02  1.510000e+00
   endloop
 endfacet
 facet normal  0.000000e+00  0.000000e+00  1.000000e+00
   outer loop
     vertex  1.364504e+02 -1.287035e+02  1.510000e+00
     vertex  1.363868e+02 -1.287863e+02  1.510000e+00
     vertex  1.363868e+02 -1.316206e+02  1.510000e+00
   endloop
 endfacet
 facet normal  0.000000e+00  0.000000e+00  1.000000e+00
   outer loop
     vertex  1.364504e+02 -1.287035e+02  1.510000e+00
     vertex  1.363868e+02 -1.316206e+02  1.510000e+00
     vertex  1.364504e+02 -1.317035e+02  1.510000e+00
   endloop
 endfacet
 facet normal  0.000000e+00  0.000000e+00  1.000000e+00
   outer loop
     vertex  1.364904e+02 -1.286070e+02  1.510000e+00
     vertex  1.364504e+02 -1.317035e+02  1.510000e+00
     vertex  1.364904e+02 -1.317999e+02  1.510000e+00
   endloop
 endfacet
 facet normal  0.000000e+00  0.000000e+00  1.000000e+00
   outer loop
     vertex  1.364904e+02 -1.286070e+02  1.510000e+00
     vertex  1.364504e+02 -1.287035e+02  1.510000e+00
     vertex  1.364504e+02 -1.317035e+02  1.510000e+00
   endloop
 endfacet
 facet normal  0.000000e+00  0.000000e+00  1.000000e+00
   outer loop
     vertex  1.365040e+02 -1.285035e+02  1.510000e+00
     vertex  1.364904e+02 -1.317999e+02  1.510000e+00
     vertex  1.365040e+02 -1.319035e+02  1.510000e+00
   endloop
 endfacet
 facet normal  0.000000e+00  0.000000e+00  1.000000e+00
   outer loop
     vertex  1.365040e+02 -1.285035e+02  1.510000e+00
     vertex  1.364904e+02 -1.286070e+02  1.510000e+00
     vertex  1.364904e+02 -1.317999e+02  1.510000e+00
   endloop
 endfacet
 facet normal  0.000000e+00  0.000000e+00  1.000000e+00
   outer loop
     vertex  1.338212e+02 -1.253863e+02  1.510000e+00
     vertex  1.337576e+02 -1.283035e+02  1.510000e+00
     vertex  1.338212e+02 -1.282206e+02  1.510000e+00
   endloop
 endfacet
 facet normal  0.000000e+00  0.000000e+00  1.000000e+00
   outer loop
     vertex  1.337576e+02 -1.253035e+02  1.510000e+00
     vertex  1.337576e+02 -1.283035e+02  1.510000e+00
     vertex  1.338212e+02 -1.253863e+02  1.510000e+00
   endloop
 endfacet
 facet normal  0.000000e+00  0.000000e+00  1.000000e+00
   outer loop
     vertex  1.339040e+02 -1.254499e+02  1.510000e+00
     vertex  1.338212e+02 -1.282206e+02  1.510000e+00
     vertex  1.339040e+02 -1.281571e+02  1.510000e+00
   endloop
 endfacet
 facet normal  0.000000e+00  0.000000e+00  1.000000e+00
   outer loop
     vertex  1.339040e+02 -1.254499e+02  1.510000e+00
     vertex  1.339040e+02 -1.281571e+02  1.510000e+00
     vertex  1.340005e+02 -1.281171e+02  1.510000e+00
   endloop
 endfacet
 facet normal  0.000000e+00  0.000000e+00  1.000000e+00
   outer loop
     vertex  1.339040e+02 -1.254499e+02  1.510000e+00
     vertex  1.338212e+02 -1.253863e+02  1.510000e+00
     vertex  1.338212e+02 -1.282206e+02  1.510000e+00
   endloop
 endfacet
 facet normal  0.000000e+00  0.000000e+00  1.000000e+00
   outer loop
     vertex  1.337176e+02 -1.252070e+02  1.510000e+00
     vertex  1.337576e+02 -1.283035e+02  1.510000e+00
     vertex  1.337576e+02 -1.253035e+02  1.510000e+00
   endloop
 endfacet
 facet normal  0.000000e+00  0.000000e+00  1.000000e+00
   outer loop
     vertex  1.337176e+02 -1.252070e+02  1.510000e+00
     vertex  1.337176e+02 -1.283999e+02  1.510000e+00
     vertex  1.337576e+02 -1.283035e+02  1.510000e+00
   endloop
 endfacet
 facet normal  0.000000e+00  0.000000e+00  1.000000e+00
   outer loop
     vertex  1.340005e+02 -1.254898e+02  1.510000e+00
     vertex  1.340005e+02 -1.281171e+02  1.510000e+00
     vertex  1.341040e+02 -1.281035e+02  1.510000e+00
   endloop
 endfacet
 facet normal  0.000000e+00  0.000000e+00  1.000000e+00
   outer loop
     vertex  1.340005e+02 -1.254898e+02  1.510000e+00
     vertex  1.339040e+02 -1.254499e+02  1.510000e+00
     vertex  1.340005e+02 -1.281171e+02  1.510000e+00
   endloop
 endfacet
 facet normal  0.000000e+00  0.000000e+00  1.000000e+00
   outer loop
     vertex  1.337040e+02 -1.251035e+02  1.510000e+00
     vertex  1.337176e+02 -1.283999e+02  1.510000e+00
     vertex  1.337176e+02 -1.252070e+02  1.510000e+00
   endloop
 endfacet
 facet normal  0.000000e+00  0.000000e+00  1.000000e+00
   outer loop
     vertex  1.337040e+02 -1.251035e+02  1.510000e+00
     vertex  1.312698e+02 -1.383676e+02  1.510000e+00
     vertex  1.337040e+02 -1.285035e+02  1.510000e+00
   endloop
 endfacet
 facet normal  0.000000e+00  0.000000e+00  1.000000e+00
   outer loop
     vertex  1.337040e+02 -1.251035e+02  1.510000e+00
     vertex  1.337040e+02 -1.285035e+02  1.510000e+00
     vertex  1.337176e+02 -1.283999e+02  1.510000e+00
   endloop
 endfacet
 facet normal  0.000000e+00  0.000000e+00  1.000000e+00
   outer loop
     vertex  1.341040e+02 -1.255035e+02  1.510000e+00
     vertex  1.340005e+02 -1.254898e+02  1.510000e+00
     vertex  1.341040e+02 -1.281035e+02  1.510000e+00
   endloop
 endfacet
 facet normal  0.000000e+00  0.000000e+00  1.000000e+00
   outer loop
     vertex  1.342075e+02 -1.254898e+02  1.510000e+00
     vertex  1.341040e+02 -1.281035e+02  1.510000e+00
     vertex  1.342075e+02 -1.281171e+02  1.510000e+00
   endloop
 endfacet
 facet normal  0.000000e+00  0.000000e+00  1.000000e+00
   outer loop
     vertex  1.342075e+02 -1.254898e+02  1.510000e+00
     vertex  1.341040e+02 -1.255035e+02  1.510000e+00
     vertex  1.341040e+02 -1.281035e+02  1.510000e+00
   endloop
 endfacet
 facet normal  0.000000e+00  0.000000e+00  1.000000e+00
   outer loop
     vertex  1.343040e+02 -1.254499e+02  1.510000e+00
     vertex  1.342075e+02 -1.281171e+02  1.510000e+00
     vertex  1.343040e+02 -1.281571e+02  1.510000e+00
   endloop
 endfacet
 facet normal  0.000000e+00  0.000000e+00  1.000000e+00
   outer loop
     vertex  1.343040e+02 -1.254499e+02  1.510000e+00
     vertex  1.342075e+02 -1.254898e+02  1.510000e+00
     vertex  1.342075e+02 -1.281171e+02  1.510000e+00
   endloop
 endfacet
 facet normal  0.000000e+00  0.000000e+00  1.000000e+00
   outer loop
     vertex  1.358212e+02 -1.253863e+02  1.510000e+00
     vertex  1.343868e+02 -1.253863e+02  1.510000e+00
     vertex  1.343040e+02 -1.254499e+02  1.510000e+00
   endloop
 endfacet
 facet normal  0.000000e+00  0.000000e+00  1.000000e+00
   outer loop
     vertex  1.357576e+02 -1.253035e+02  1.510000e+00
     vertex  1.343868e+02 -1.253863e+02  1.510000e+00
     vertex  1.358212e+02 -1.253863e+02  1.510000e+00
   endloop
 endfacet
 facet normal  0.000000e+00  0.000000e+00  1.000000e+00
   outer loop
     vertex  1.357576e+02 -1.253035e+02  1.510000e+00
     vertex  1.344504e+02 -1.253035e+02  1.510000e+00
     vertex  1.343868e+02 -1.253863e+02  1.510000e+00
   endloop
 endfacet
 facet normal  0.000000e+00  0.000000e+00  1.000000e+00
   outer loop
     vertex  1.359040e+02 -1.254499e+02  1.510000e+00
     vertex  1.343040e+02 -1.254499e+02  1.510000e+00
     vertex  1.343040e+02 -1.281571e+02  1.510000e+00
   endloop
 endfacet
 facet normal  0.000000e+00  0.000000e+00  1.000000e+00
   outer loop
     vertex  1.359040e+02 -1.254499e+02  1.510000e+00
     vertex  1.359040e+02 -1.281571e+02  1.510000e+00
     vertex  1.360005e+02 -1.281171e+02  1.510000e+00
   endloop
 endfacet
 facet normal  0.000000e+00  0.000000e+00  1.000000e+00
   outer loop
     vertex  1.359040e+02 -1.254499e+02  1.510000e+00
     vertex  1.358212e+02 -1.253863e+02  1.510000e+00
     vertex  1.343040e+02 -1.254499e+02  1.510000e+00
   endloop
 endfacet
 facet normal  0.000000e+00  0.000000e+00  1.000000e+00
   outer loop
     vertex  1.359040e+02 -1.254499e+02  1.510000e+00
     vertex  1.343040e+02 -1.281571e+02  1.510000e+00
     vertex  1.359040e+02 -1.281571e+02  1.510000e+00
   endloop
 endfacet
 facet normal  0.000000e+00  0.000000e+00  1.000000e+00
   outer loop
     vertex  1.357176e+02 -1.252070e+02  1.510000e+00
     vertex  1.344904e+02 -1.252070e+02  1.510000e+00
     vertex  1.344504e+02 -1.253035e+02  1.510000e+00
   endloop
 endfacet
 facet normal  0.000000e+00  0.000000e+00  1.000000e+00
   outer loop
     vertex  1.357176e+02 -1.252070e+02  1.510000e+00
     vertex  1.344504e+02 -1.253035e+02  1.510000e+00
     vertex  1.357576e+02 -1.253035e+02  1.510000e+00
   endloop
 endfacet
 facet normal  0.000000e+00  0.000000e+00  1.000000e+00
   outer loop
     vertex  1.360005e+02 -1.254898e+02  1.510000e+00
     vertex  1.359040e+02 -1.254499e+02  1.510000e+00
     vertex  1.360005e+02 -1.281171e+02  1.510000e+00
   endloop
 endfacet
 facet normal  0.000000e+00  0.000000e+00  1.000000e+00
   outer loop
     vertex  1.357040e+02 -1.251035e+02  1.510000e+00
     vertex  1.345040e+02 -1.251035e+02  1.510000e+00
     vertex  1.344904e+02 -1.252070e+02  1.510000e+00
   endloop
 endfacet
 facet normal  0.000000e+00  0.000000e+00  1.000000e+00
   outer loop
     vertex  1.357040e+02 -1.251035e+02  1.510000e+00
     vertex  1.344904e+02 -1.252070e+02  1.510000e+00
     vertex  1.357176e+02 -1.252070e+02  1.510000e+00
   endloop
 endfacet
 facet normal  0.000000e+00  0.000000e+00  1.000000e+00
   outer loop
     vertex  1.361040e+02 -1.255035e+02  1.510000e+00
     vertex  1.360005e+02 -1.281171e+02  1.510000e+00
     vertex  1.361040e+02 -1.281035e+02  1.510000e+00
   endloop
 endfacet
 facet normal  0.000000e+00  0.000000e+00  1.000000e+00
   outer loop
     vertex  1.361040e+02 -1.255035e+02  1.510000e+00
     vertex  1.360005e+02 -1.254898e+02  1.510000e+00
     vertex  1.360005e+02 -1.281171e+02  1.510000e+00
   endloop
 endfacet
 facet normal  0.000000e+00  0.000000e+00  1.000000e+00
   outer loop
     vertex  1.357176e+02 -1.249999e+02  1.510000e+00
     vertex  1.345040e+02 -1.251035e+02  1.510000e+00
     vertex  1.357040e+02 -1.251035e+02  1.510000e+00
   endloop
 endfacet
 facet normal  0.000000e+00  0.000000e+00  1.000000e+00
   outer loop
     vertex  1.357176e+02 -1.249999e+02  1.510000e+00
     vertex  1.344904e+02 -1.249999e+02  1.510000e+00
     vertex  1.345040e+02 -1.251035e+02  1.510000e+00
   endloop
 endfacet
 facet normal  0.000000e+00  0.000000e+00  1.000000e+00
   outer loop
     vertex  1.362075e+02 -1.254898e+02  1.510000e+00
     vertex  1.361040e+02 -1.255035e+02  1.510000e+00
     vertex  1.361040e+02 -1.281035e+02  1.510000e+00
   endloop
 endfacet
 facet normal  0.000000e+00  0.000000e+00  1.000000e+00
   outer loop
     vertex  1.362075e+02 -1.254898e+02  1.510000e+00
     vertex  1.361040e+02 -1.281035e+02  1.510000e+00
     vertex  1.362075e+02 -1.281171e+02  1.510000e+00
   endloop
 endfacet
 facet normal  0.000000e+00  0.000000e+00  1.000000e+00
   outer loop
     vertex  1.357576e+02 -1.249035e+02  1.510000e+00
     vertex  1.344504e+02 -1.249035e+02  1.510000e+00
     vertex  1.344904e+02 -1.249999e+02  1.510000e+00
   endloop
 endfacet
 facet normal  0.000000e+00  0.000000e+00  1.000000e+00
   outer loop
     vertex  1.357576e+02 -1.249035e+02  1.510000e+00
     vertex  1.344904e+02 -1.249999e+02  1.510000e+00
     vertex  1.357176e+02 -1.249999e+02  1.510000e+00
   endloop
 endfacet
 facet normal  0.000000e+00  0.000000e+00  1.000000e+00
   outer loop
     vertex  1.363040e+02 -1.254499e+02  1.510000e+00
     vertex  1.362075e+02 -1.281171e+02  1.510000e+00
     vertex  1.363040e+02 -1.281571e+02  1.510000e+00
   endloop
 endfacet
 facet normal  0.000000e+00  0.000000e+00  1.000000e+00
   outer loop
     vertex  1.363040e+02 -1.254499e+02  1.510000e+00
     vertex  1.362075e+02 -1.254898e+02  1.510000e+00
     vertex  1.362075e+02 -1.281171e+02  1.510000e+00
   endloop
 endfacet
 facet normal  0.000000e+00  0.000000e+00  1.000000e+00
   outer loop
     vertex  1.358212e+02 -1.248206e+02  1.510000e+00
     vertex  1.343868e+02 -1.248206e+02  1.510000e+00
     vertex  1.344504e+02 -1.249035e+02  1.510000e+00
   endloop
 endfacet
 facet normal  0.000000e+00  0.000000e+00  1.000000e+00
   outer loop
     vertex  1.358212e+02 -1.248206e+02  1.510000e+00
     vertex  1.344504e+02 -1.249035e+02  1.510000e+00
     vertex  1.357576e+02 -1.249035e+02  1.510000e+00
   endloop
 endfacet
 facet normal  0.000000e+00  0.000000e+00  1.000000e+00
   outer loop
     vertex  1.363868e+02 -1.253863e+02  1.510000e+00
     vertex  1.363040e+02 -1.281571e+02  1.510000e+00
     vertex  1.363868e+02 -1.282206e+02  1.510000e+00
   endloop
 endfacet
 facet normal  0.000000e+00  0.000000e+00  1.000000e+00
   outer loop
     vertex  1.363868e+02 -1.253863e+02  1.510000e+00
     vertex  1.363868e+02 -1.282206e+02  1.510000e+00
     vertex  1.364504e+02 -1.283035e+02  1.510000e+00
   endloop
 endfacet
 facet normal  0.000000e+00  0.000000e+00  1.000000e+00
   outer loop
     vertex  1.363868e+02 -1.253863e+02  1.510000e+00
     vertex  1.363040e+02 -1.254499e+02  1.510000e+00
     vertex  1.363040e+02 -1.281571e+02  1.510000e+00
   endloop
 endfacet
 facet normal  0.000000e+00  0.000000e+00  1.000000e+00
   outer loop
     vertex  1.359040e+02 -1.247571e+02  1.510000e+00
     vertex  1.343040e+02 -1.247571e+02  1.510000e+00
     vertex  1.343868e+02 -1.248206e+02  1.510000e+00
   endloop
 endfacet
 facet normal  0.000000e+00  0.000000e+00  1.000000e+00
   outer loop
     vertex  1.359040e+02 -1.247571e+02  1.510000e+00
     vertex  1.343868e+02 -1.248206e+02  1.510000e+00
     vertex  1.358212e+02 -1.248206e+02  1.510000e+00
   endloop
 endfacet
 facet normal  0.000000e+00  0.000000e+00  1.000000e+00
   outer loop
     vertex  1.364504e+02 -1.253035e+02  1.510000e+00
     vertex  1.363868e+02 -1.253863e+02  1.510000e+00
     vertex  1.364504e+02 -1.283035e+02  1.510000e+00
   endloop
 endfacet
 facet normal  0.000000e+00  0.000000e+00  1.000000e+00
   outer loop
     vertex  1.364504e+02 -1.253035e+02  1.510000e+00
     vertex  1.364504e+02 -1.283035e+02  1.510000e+00
     vertex  1.364904e+02 -1.283999e+02  1.510000e+00
   endloop
 endfacet
 facet normal  0.000000e+00  0.000000e+00  1.000000e+00
   outer loop
     vertex  1.364904e+02 -1.252070e+02  1.510000e+00
     vertex  1.364904e+02 -1.283999e+02  1.510000e+00
     vertex  1.365040e+02 -1.285035e+02  1.510000e+00
   endloop
 endfacet
 facet normal  0.000000e+00  0.000000e+00  1.000000e+00
   outer loop
     vertex  1.364904e+02 -1.252070e+02  1.510000e+00
     vertex  1.364504e+02 -1.253035e+02  1.510000e+00
     vertex  1.364904e+02 -1.283999e+02  1.510000e+00
   endloop
 endfacet
 facet normal  0.000000e+00  0.000000e+00  1.000000e+00
   outer loop
     vertex  1.365040e+02 -1.251035e+02  1.510000e+00
     vertex  1.364904e+02 -1.252070e+02  1.510000e+00
     vertex  1.365040e+02 -1.285035e+02  1.510000e+00
   endloop
 endfacet
 facet normal  0.000000e+00  0.000000e+00  1.000000e+00
   outer loop
     vertex  1.338212e+02 -1.219863e+02  1.510000e+00
     vertex  1.338212e+02 -1.248206e+02  1.510000e+00
     vertex  1.339040e+02 -1.247571e+02  1.510000e+00
   endloop
 endfacet
 facet normal  0.000000e+00  0.000000e+00  1.000000e+00
   outer loop
     vertex  1.337576e+02 -1.219035e+02  1.510000e+00
     vertex  1.337176e+02 -1.249999e+02  1.510000e+00
     vertex  1.337576e+02 -1.249035e+02  1.510000e+00
   endloop
 endfacet
 facet normal  0.000000e+00  0.000000e+00  1.000000e+00
   outer loop
     vertex  1.337576e+02 -1.219035e+02  1.510000e+00
     vertex  1.337576e+02 -1.249035e+02  1.510000e+00
     vertex  1.338212e+02 -1.248206e+02  1.510000e+00
   endloop
 endfacet
 facet normal  0.000000e+00  0.000000e+00  1.000000e+00
   outer loop
     vertex  1.337576e+02 -1.219035e+02  1.510000e+00
     vertex  1.338212e+02 -1.248206e+02  1.510000e+00
     vertex  1.338212e+02 -1.219863e+02  1.510000e+00
   endloop
 endfacet
 facet normal  0.000000e+00  0.000000e+00  1.000000e+00
   outer loop
     vertex  1.339040e+02 -1.220499e+02  1.510000e+00
     vertex  1.339040e+02 -1.247571e+02  1.510000e+00
     vertex  1.340005e+02 -1.247171e+02  1.510000e+00
   endloop
 endfacet
 facet normal  0.000000e+00  0.000000e+00  1.000000e+00
   outer loop
     vertex  1.339040e+02 -1.220499e+02  1.510000e+00
     vertex  1.338212e+02 -1.219863e+02  1.510000e+00
     vertex  1.339040e+02 -1.247571e+02  1.510000e+00
   endloop
 endfacet
 facet normal  0.000000e+00  0.000000e+00  1.000000e+00
   outer loop
     vertex  1.337176e+02 -1.218070e+02  1.510000e+00
     vertex  1.337176e+02 -1.249999e+02  1.510000e+00
     vertex  1.337576e+02 -1.219035e+02  1.510000e+00
   endloop
 endfacet
 facet normal  0.000000e+00  0.000000e+00  1.000000e+00
   outer loop
     vertex  1.340005e+02 -1.220898e+02  1.510000e+00
     vertex  1.339040e+02 -1.220499e+02  1.510000e+00
     vertex  1.340005e+02 -1.247171e+02  1.510000e+00
   endloop
 endfacet
 facet normal  0.000000e+00  0.000000e+00  1.000000e+00
   outer loop
     vertex  1.337040e+02 -1.217035e+02  1.510000e+00
     vertex  1.337040e+02 -1.251035e+02  1.510000e+00
     vertex  1.337176e+02 -1.249999e+02  1.510000e+00
   endloop
 endfacet
 facet normal  0.000000e+00  0.000000e+00  1.000000e+00
   outer loop
     vertex  1.337040e+02 -1.217035e+02  1.510000e+00
     vertex  1.337176e+02 -1.249999e+02  1.510000e+00
     vertex  1.337176e+02 -1.218070e+02  1.510000e+00
   endloop
 endfacet
 facet normal  0.000000e+00  0.000000e+00  1.000000e+00
   outer loop
     vertex  1.341040e+02 -1.221035e+02  1.510000e+00
     vertex  1.340005e+02 -1.247171e+02  1.510000e+00
     vertex  1.341040e+02 -1.247035e+02  1.510000e+00
   endloop
 endfacet
 facet normal  0.000000e+00  0.000000e+00  1.000000e+00
   outer loop
     vertex  1.341040e+02 -1.221035e+02  1.510000e+00
     vertex  1.341040e+02 -1.247035e+02  1.510000e+00
     vertex  1.342075e+02 -1.247171e+02  1.510000e+00
   endloop
 endfacet
 facet normal  0.000000e+00  0.000000e+00  1.000000e+00
   outer loop
     vertex  1.341040e+02 -1.221035e+02  1.510000e+00
     vertex  1.340005e+02 -1.220898e+02  1.510000e+00
     vertex  1.340005e+02 -1.247171e+02  1.510000e+00
   endloop
 endfacet
 facet normal  0.000000e+00  0.000000e+00  1.000000e+00
   outer loop
     vertex  1.342075e+02 -1.220898e+02  1.510000e+00
     vertex  1.341040e+02 -1.221035e+02  1.510000e+00
     vertex  1.342075e+02 -1.247171e+02  1.510000e+00
   endloop
 endfacet
 facet normal  0.000000e+00  0.000000e+00  1.000000e+00
   outer loop
     vertex  1.342075e+02 -1.220898e+02  1.510000e+00
     vertex  1.342075e+02 -1.247171e+02  1.510000e+00
     vertex  1.343040e+02 -1.247571e+02  1.510000e+00
   endloop
 endfacet
 facet normal  0.000000e+00  0.000000e+00  1.000000e+00
   outer loop
     vertex  1.343040e+02 -1.220499e+02  1.510000e+00
     vertex  1.342075e+02 -1.220898e+02  1.510000e+00
     vertex  1.343040e+02 -1.247571e+02  1.510000e+00
   endloop
 endfacet
 facet normal  0.000000e+00  0.000000e+00  1.000000e+00
   outer loop
     vertex  1.358212e+02 -1.219863e+02  1.510000e+00
     vertex  1.344504e+02 -1.219035e+02  1.510000e+00
     vertex  1.343868e+02 -1.219863e+02  1.510000e+00
   endloop
 endfacet
 facet normal  0.000000e+00  0.000000e+00  1.000000e+00
   outer loop
     vertex  1.358212e+02 -1.219863e+02  1.510000e+00
     vertex  1.343868e+02 -1.219863e+02  1.510000e+00
     vertex  1.343040e+02 -1.220499e+02  1.510000e+00
   endloop
 endfacet
 facet normal  0.000000e+00  0.000000e+00  1.000000e+00
   outer loop
     vertex  1.357576e+02 -1.219035e+02  1.510000e+00
     vertex  1.344504e+02 -1.219035e+02  1.510000e+00
     vertex  1.358212e+02 -1.219863e+02  1.510000e+00
   endloop
 endfacet
 facet normal  0.000000e+00  0.000000e+00  1.000000e+00
   outer loop
     vertex  1.359040e+02 -1.220499e+02  1.510000e+00
     vertex  1.343040e+02 -1.220499e+02  1.510000e+00
     vertex  1.343040e+02 -1.247571e+02  1.510000e+00
   endloop
 endfacet
 facet normal  0.000000e+00  0.000000e+00  1.000000e+00
   outer loop
     vertex  1.359040e+02 -1.220499e+02  1.510000e+00
     vertex  1.358212e+02 -1.219863e+02  1.510000e+00
     vertex  1.343040e+02 -1.220499e+02  1.510000e+00
   endloop
 endfacet
 facet normal  0.000000e+00  0.000000e+00  1.000000e+00
   outer loop
     vertex  1.359040e+02 -1.220499e+02  1.510000e+00
     vertex  1.359040e+02 -1.247571e+02  1.510000e+00
     vertex  1.360005e+02 -1.247171e+02  1.510000e+00
   endloop
 endfacet
 facet normal  0.000000e+00  0.000000e+00  1.000000e+00
   outer loop
     vertex  1.359040e+02 -1.220499e+02  1.510000e+00
     vertex  1.343040e+02 -1.247571e+02  1.510000e+00
     vertex  1.359040e+02 -1.247571e+02  1.510000e+00
   endloop
 endfacet
 facet normal  0.000000e+00  0.000000e+00  1.000000e+00
   outer loop
     vertex  1.357176e+02 -1.218070e+02  1.510000e+00
     vertex  1.344904e+02 -1.218070e+02  1.510000e+00
     vertex  1.344504e+02 -1.219035e+02  1.510000e+00
   endloop
 endfacet
 facet normal  0.000000e+00  0.000000e+00  1.000000e+00
   outer loop
     vertex  1.357176e+02 -1.218070e+02  1.510000e+00
     vertex  1.344504e+02 -1.219035e+02  1.510000e+00
     vertex  1.357576e+02 -1.219035e+02  1.510000e+00
   endloop
 endfacet
 facet normal  0.000000e+00  0.000000e+00  1.000000e+00
   outer loop
     vertex  1.360005e+02 -1.220898e+02  1.510000e+00
     vertex  1.359040e+02 -1.220499e+02  1.510000e+00
     vertex  1.360005e+02 -1.247171e+02  1.510000e+00
   endloop
 endfacet
 facet normal  0.000000e+00  0.000000e+00  1.000000e+00
   outer loop
     vertex  1.357040e+02 -1.217035e+02  1.510000e+00
     vertex  1.345040e+02 -1.217035e+02  1.510000e+00
     vertex  1.344904e+02 -1.218070e+02  1.510000e+00
   endloop
 endfacet
 facet normal  0.000000e+00  0.000000e+00  1.000000e+00
   outer loop
     vertex  1.357040e+02 -1.217035e+02  1.510000e+00
     vertex  1.344904e+02 -1.218070e+02  1.510000e+00
     vertex  1.357176e+02 -1.218070e+02  1.510000e+00
   endloop
 endfacet
 facet normal  0.000000e+00  0.000000e+00  1.000000e+00
   outer loop
     vertex  1.361040e+02 -1.221035e+02  1.510000e+00
     vertex  1.360005e+02 -1.247171e+02  1.510000e+00
     vertex  1.361040e+02 -1.247035e+02  1.510000e+00
   endloop
 endfacet
 facet normal  0.000000e+00  0.000000e+00  1.000000e+00
   outer loop
     vertex  1.361040e+02 -1.221035e+02  1.510000e+00
     vertex  1.360005e+02 -1.220898e+02  1.510000e+00
     vertex  1.360005e+02 -1.247171e+02  1.510000e+00
   endloop
 endfacet
 facet normal  0.000000e+00  0.000000e+00  1.000000e+00
   outer loop
     vertex  1.357176e+02 -1.215999e+02  1.510000e+00
     vertex  1.344504e+02 -1.215035e+02  1.510000e+00
     vertex  1.344904e+02 -1.215999e+02  1.510000e+00
   endloop
 endfacet
 facet normal  0.000000e+00  0.000000e+00  1.000000e+00
   outer loop
     vertex  1.357176e+02 -1.215999e+02  1.510000e+00
     vertex  1.344904e+02 -1.215999e+02  1.510000e+00
     vertex  1.345040e+02 -1.217035e+02  1.510000e+00
   endloop
 endfacet
 facet normal  0.000000e+00  0.000000e+00  1.000000e+00
   outer loop
     vertex  1.357176e+02 -1.215999e+02  1.510000e+00
     vertex  1.345040e+02 -1.217035e+02  1.510000e+00
     vertex  1.357040e+02 -1.217035e+02  1.510000e+00
   endloop
 endfacet
 facet normal  0.000000e+00  0.000000e+00  1.000000e+00
   outer loop
     vertex  1.362075e+02 -1.220898e+02  1.510000e+00
     vertex  1.361040e+02 -1.221035e+02  1.510000e+00
     vertex  1.361040e+02 -1.247035e+02  1.510000e+00
   endloop
 endfacet
 facet normal  0.000000e+00  0.000000e+00  1.000000e+00
   outer loop
     vertex  1.362075e+02 -1.220898e+02  1.510000e+00
     vertex  1.361040e+02 -1.247035e+02  1.510000e+00
     vertex  1.362075e+02 -1.247171e+02  1.510000e+00
   endloop
 endfacet
 facet normal  0.000000e+00  0.000000e+00  1.000000e+00
   outer loop
     vertex  1.357576e+02 -1.215035e+02  1.510000e+00
     vertex  1.344504e+02 -1.215035e+02  1.510000e+00
     vertex  1.357176e+02 -1.215999e+02  1.510000e+00
   endloop
 endfacet
 facet normal  0.000000e+00  0.000000e+00  1.000000e+00
   outer loop
     vertex  1.363040e+02 -1.220499e+02  1.510000e+00
     vertex  1.362075e+02 -1.247171e+02  1.510000e+00
     vertex  1.363040e+02 -1.247571e+02  1.510000e+00
   endloop
 endfacet
 facet normal  0.000000e+00  0.000000e+00  1.000000e+00
   outer loop
     vertex  1.363040e+02 -1.220499e+02  1.510000e+00
     vertex  1.362075e+02 -1.220898e+02  1.510000e+00
     vertex  1.362075e+02 -1.247171e+02  1.510000e+00
   endloop
 endfacet
 facet normal  0.000000e+00  0.000000e+00  1.000000e+00
   outer loop
     vertex  1.358212e+02 -1.214206e+02  1.510000e+00
     vertex  1.343868e+02 -1.214206e+02  1.510000e+00
     vertex  1.344504e+02 -1.215035e+02  1.510000e+00
   endloop
 endfacet
 facet normal  0.000000e+00  0.000000e+00  1.000000e+00
   outer loop
     vertex  1.358212e+02 -1.214206e+02  1.510000e+00
     vertex  1.344504e+02 -1.215035e+02  1.510000e+00
     vertex  1.357576e+02 -1.215035e+02  1.510000e+00
   endloop
 endfacet
 facet normal  0.000000e+00  0.000000e+00  1.000000e+00
   outer loop
     vertex  1.363868e+02 -1.219863e+02  1.510000e+00
     vertex  1.363040e+02 -1.247571e+02  1.510000e+00
     vertex  1.363868e+02 -1.248206e+02  1.510000e+00
   endloop
 endfacet
 facet normal  0.000000e+00  0.000000e+00  1.000000e+00
   outer loop
     vertex  1.363868e+02 -1.219863e+02  1.510000e+00
     vertex  1.363040e+02 -1.220499e+02  1.510000e+00
     vertex  1.363040e+02 -1.247571e+02  1.510000e+00
   endloop
 endfacet
 facet normal  0.000000e+00  0.000000e+00  1.000000e+00
   outer loop
     vertex  1.359040e+02 -1.213571e+02  1.510000e+00
     vertex  1.343040e+02 -1.213571e+02  1.510000e+00
     vertex  1.343868e+02 -1.214206e+02  1.510000e+00
   endloop
 endfacet
 facet normal  0.000000e+00  0.000000e+00  1.000000e+00
   outer loop
     vertex  1.359040e+02 -1.213571e+02  1.510000e+00
     vertex  1.343868e+02 -1.214206e+02  1.510000e+00
     vertex  1.358212e+02 -1.214206e+02  1.510000e+00
   endloop
 endfacet
 facet normal  0.000000e+00  0.000000e+00  1.000000e+00
   outer loop
     vertex  1.364504e+02 -1.219035e+02  1.510000e+00
     vertex  1.363868e+02 -1.219863e+02  1.510000e+00
     vertex  1.363868e+02 -1.248206e+02  1.510000e+00
   endloop
 endfacet
 facet normal  0.000000e+00  0.000000e+00  1.000000e+00
   outer loop
     vertex  1.364504e+02 -1.219035e+02  1.510000e+00
     vertex  1.363868e+02 -1.248206e+02  1.510000e+00
     vertex  1.364504e+02 -1.249035e+02  1.510000e+00
   endloop
 endfacet
 facet normal  0.000000e+00  0.000000e+00  1.000000e+00
   outer loop
     vertex  1.364504e+02 -1.219035e+02  1.510000e+00
     vertex  1.364504e+02 -1.249035e+02  1.510000e+00
     vertex  1.364904e+02 -1.249999e+02  1.510000e+00
   endloop
 endfacet
 facet normal  0.000000e+00  0.000000e+00  1.000000e+00
   outer loop
     vertex  1.364904e+02 -1.218070e+02  1.510000e+00
     vertex  1.364904e+02 -1.249999e+02  1.510000e+00
     vertex  1.365040e+02 -1.251035e+02  1.510000e+00
   endloop
 endfacet
 facet normal  0.000000e+00  0.000000e+00  1.000000e+00
   outer loop
     vertex  1.364904e+02 -1.218070e+02  1.510000e+00
     vertex  1.364504e+02 -1.219035e+02  1.510000e+00
     vertex  1.364904e+02 -1.249999e+02  1.510000e+00
   endloop
 endfacet
 facet normal  0.000000e+00  0.000000e+00  1.000000e+00
   outer loop
     vertex  1.365040e+02 -1.217035e+02  1.510000e+00
     vertex  1.364904e+02 -1.218070e+02  1.510000e+00
     vertex  1.365040e+02 -1.251035e+02  1.510000e+00
   endloop
 endfacet
 facet normal  0.000000e+00  0.000000e+00  1.000000e+00
   outer loop
     vertex  1.337576e+02 -1.185035e+02  1.510000e+00
     vertex  1.338212e+02 -1.214206e+02  1.510000e+00
     vertex  1.338212e+02 -1.185863e+02  1.510000e+00
   endloop
 endfacet
 facet normal  0.000000e+00  0.000000e+00  1.000000e+00
   outer loop
     vertex  1.337576e+02 -1.185035e+02  1.510000e+00
     vertex  1.337576e+02 -1.215035e+02  1.510000e+00
     vertex  1.338212e+02 -1.214206e+02  1.510000e+00
   endloop
 endfacet
 facet normal  0.000000e+00  0.000000e+00  1.000000e+00
   outer loop
     vertex  1.339040e+02 -1.186499e+02  1.510000e+00
     vertex  1.338212e+02 -1.185863e+02  1.510000e+00
     vertex  1.338212e+02 -1.214206e+02  1.510000e+00
   endloop
 endfacet
 facet normal  0.000000e+00  0.000000e+00  1.000000e+00
   outer loop
     vertex  1.339040e+02 -1.186499e+02  1.510000e+00
     vertex  1.338212e+02 -1.214206e+02  1.510000e+00
     vertex  1.339040e+02 -1.213571e+02  1.510000e+00
   endloop
 endfacet
 facet normal  0.000000e+00  0.000000e+00  1.000000e+00
   outer loop
     vertex  1.339040e+02 -1.186499e+02  1.510000e+00
     vertex  1.339040e+02 -1.213571e+02  1.510000e+00
     vertex  1.340005e+02 -1.213171e+02  1.510000e+00
   endloop
 endfacet
 facet normal  0.000000e+00  0.000000e+00  1.000000e+00
   outer loop
     vertex  1.337176e+02 -1.184070e+02  1.510000e+00
     vertex  1.337576e+02 -1.215035e+02  1.510000e+00
     vertex  1.337576e+02 -1.185035e+02  1.510000e+00
   endloop
 endfacet
 facet normal  0.000000e+00  0.000000e+00  1.000000e+00
   outer loop
     vertex  1.337176e+02 -1.184070e+02  1.510000e+00
     vertex  1.337176e+02 -1.215999e+02  1.510000e+00
     vertex  1.337576e+02 -1.215035e+02  1.510000e+00
   endloop
 endfacet
 facet normal  0.000000e+00  0.000000e+00  1.000000e+00
   outer loop
     vertex  1.340005e+02 -1.186898e+02  1.510000e+00
     vertex  1.339040e+02 -1.186499e+02  1.510000e+00
     vertex  1.340005e+02 -1.213171e+02  1.510000e+00
   endloop
 endfacet
 facet normal  0.000000e+00  0.000000e+00  1.000000e+00
   outer loop
     vertex  1.337040e+02 -1.183035e+02  1.510000e+00
     vertex  1.337176e+02 -1.215999e+02  1.510000e+00
     vertex  1.337176e+02 -1.184070e+02  1.510000e+00
   endloop
 endfacet
 facet normal  0.000000e+00  0.000000e+00  1.000000e+00
   outer loop
     vertex  1.337040e+02 -1.183035e+02  1.510000e+00
     vertex  1.337040e+02 -1.217035e+02  1.510000e+00
     vertex  1.337176e+02 -1.215999e+02  1.510000e+00
   endloop
 endfacet
 facet normal  0.000000e+00  0.000000e+00  1.000000e+00
   outer loop
     vertex  1.341040e+02 -1.187035e+02  1.510000e+00
     vertex  1.340005e+02 -1.186898e+02  1.510000e+00
     vertex  1.340005e+02 -1.213171e+02  1.510000e+00
   endloop
 endfacet
 facet normal  0.000000e+00  0.000000e+00  1.000000e+00
   outer loop
     vertex  1.341040e+02 -1.187035e+02  1.510000e+00
     vertex  1.340005e+02 -1.213171e+02  1.510000e+00
     vertex  1.341040e+02 -1.213035e+02  1.510000e+00
   endloop
 endfacet
 facet normal  0.000000e+00  0.000000e+00  1.000000e+00
   outer loop
     vertex  1.342075e+02 -1.186898e+02  1.510000e+00
     vertex  1.342075e+02 -1.213171e+02  1.510000e+00
     vertex  1.343040e+02 -1.213571e+02  1.510000e+00
   endloop
 endfacet
 facet normal  0.000000e+00  0.000000e+00  1.000000e+00
   outer loop
     vertex  1.342075e+02 -1.186898e+02  1.510000e+00
     vertex  1.341040e+02 -1.187035e+02  1.510000e+00
     vertex  1.341040e+02 -1.213035e+02  1.510000e+00
   endloop
 endfacet
 facet normal  0.000000e+00  0.000000e+00  1.000000e+00
   outer loop
     vertex  1.342075e+02 -1.186898e+02  1.510000e+00
     vertex  1.341040e+02 -1.213035e+02  1.510000e+00
     vertex  1.342075e+02 -1.213171e+02  1.510000e+00
   endloop
 endfacet
 facet normal  0.000000e+00  0.000000e+00  1.000000e+00
   outer loop
     vertex  1.343040e+02 -1.186499e+02  1.510000e+00
     vertex  1.342075e+02 -1.186898e+02  1.510000e+00
     vertex  1.343040e+02 -1.213571e+02  1.510000e+00
   endloop
 endfacet
 facet normal  0.000000e+00  0.000000e+00  1.000000e+00
   outer loop
     vertex  1.343040e+02 -1.186499e+02  1.510000e+00
     vertex  1.343040e+02 -1.213571e+02  1.510000e+00
     vertex  1.359040e+02 -1.213571e+02  1.510000e+00
   endloop
 endfacet
 facet normal  0.000000e+00  0.000000e+00  1.000000e+00
   outer loop
     vertex  1.358212e+02 -1.185863e+02  1.510000e+00
     vertex  1.343868e+02 -1.185863e+02  1.510000e+00
     vertex  1.343040e+02 -1.186499e+02  1.510000e+00
   endloop
 endfacet
 facet normal  0.000000e+00  0.000000e+00  1.000000e+00
   outer loop
     vertex  1.357576e+02 -1.185035e+02  1.510000e+00
     vertex  1.343868e+02 -1.185863e+02  1.510000e+00
     vertex  1.358212e+02 -1.185863e+02  1.510000e+00
   endloop
 endfacet
 facet normal  0.000000e+00  0.000000e+00  1.000000e+00
   outer loop
     vertex  1.357576e+02 -1.185035e+02  1.510000e+00
     vertex  1.344504e+02 -1.185035e+02  1.510000e+00
     vertex  1.343868e+02 -1.185863e+02  1.510000e+00
   endloop
 endfacet
 facet normal  0.000000e+00  0.000000e+00  1.000000e+00
   outer loop
     vertex  1.359040e+02 -1.186499e+02  1.510000e+00
     vertex  1.358212e+02 -1.185863e+02  1.510000e+00
     vertex  1.343040e+02 -1.186499e+02  1.510000e+00
   endloop
 endfacet
 facet normal  0.000000e+00  0.000000e+00  1.000000e+00
   outer loop
     vertex  1.359040e+02 -1.186499e+02  1.510000e+00
     vertex  1.359040e+02 -1.213571e+02  1.510000e+00
     vertex  1.360005e+02 -1.213171e+02  1.510000e+00
   endloop
 endfacet
 facet normal  0.000000e+00  0.000000e+00  1.000000e+00
   outer loop
     vertex  1.359040e+02 -1.186499e+02  1.510000e+00
     vertex  1.343040e+02 -1.186499e+02  1.510000e+00
     vertex  1.359040e+02 -1.213571e+02  1.510000e+00
   endloop
 endfacet
 facet normal  0.000000e+00  0.000000e+00  1.000000e+00
   outer loop
     vertex  1.357176e+02 -1.184070e+02  1.510000e+00
     vertex  1.344504e+02 -1.185035e+02  1.510000e+00
     vertex  1.357576e+02 -1.185035e+02  1.510000e+00
   endloop
 endfacet
 facet normal  0.000000e+00  0.000000e+00  1.000000e+00
   outer loop
     vertex  1.357176e+02 -1.184070e+02  1.510000e+00
     vertex  1.345040e+02 -1.183035e+02  1.510000e+00
     vertex  1.344904e+02 -1.184070e+02  1.510000e+00
   endloop
 endfacet
 facet normal  0.000000e+00  0.000000e+00  1.000000e+00
   outer loop
     vertex  1.357176e+02 -1.184070e+02  1.510000e+00
     vertex  1.344904e+02 -1.184070e+02  1.510000e+00
     vertex  1.344504e+02 -1.185035e+02  1.510000e+00
   endloop
 endfacet
 facet normal  0.000000e+00  0.000000e+00  1.000000e+00
   outer loop
     vertex  1.360005e+02 -1.186898e+02  1.510000e+00
     vertex  1.359040e+02 -1.186499e+02  1.510000e+00
     vertex  1.360005e+02 -1.213171e+02  1.510000e+00
   endloop
 endfacet
 facet normal  0.000000e+00  0.000000e+00  1.000000e+00
   outer loop
     vertex  1.357040e+02 -1.183035e+02  1.510000e+00
     vertex  1.345040e+02 -1.183035e+02  1.510000e+00
     vertex  1.357176e+02 -1.184070e+02  1.510000e+00
   endloop
 endfacet
 facet normal  0.000000e+00  0.000000e+00  1.000000e+00
   outer loop
     vertex  1.361040e+02 -1.187035e+02  1.510000e+00
     vertex  1.360005e+02 -1.213171e+02  1.510000e+00
     vertex  1.361040e+02 -1.213035e+02  1.510000e+00
   endloop
 endfacet
 facet normal  0.000000e+00  0.000000e+00  1.000000e+00
   outer loop
     vertex  1.361040e+02 -1.187035e+02  1.510000e+00
     vertex  1.360005e+02 -1.186898e+02  1.510000e+00
     vertex  1.360005e+02 -1.213171e+02  1.510000e+00
   endloop
 endfacet
 facet normal  0.000000e+00  0.000000e+00  1.000000e+00
   outer loop
     vertex  1.357176e+02 -1.181999e+02  1.510000e+00
     vertex  1.344504e+02 -1.181035e+02  1.510000e+00
     vertex  1.344904e+02 -1.181999e+02  1.510000e+00
   endloop
 endfacet
 facet normal  0.000000e+00  0.000000e+00  1.000000e+00
   outer loop
     vertex  1.357176e+02 -1.181999e+02  1.510000e+00
     vertex  1.344904e+02 -1.181999e+02  1.510000e+00
     vertex  1.345040e+02 -1.183035e+02  1.510000e+00
   endloop
 endfacet
 facet normal  0.000000e+00  0.000000e+00  1.000000e+00
   outer loop
     vertex  1.357176e+02 -1.181999e+02  1.510000e+00
     vertex  1.345040e+02 -1.183035e+02  1.510000e+00
     vertex  1.357040e+02 -1.183035e+02  1.510000e+00
   endloop
 endfacet
 facet normal  0.000000e+00  0.000000e+00  1.000000e+00
   outer loop
     vertex  1.362075e+02 -1.186898e+02  1.510000e+00
     vertex  1.361040e+02 -1.187035e+02  1.510000e+00
     vertex  1.361040e+02 -1.213035e+02  1.510000e+00
   endloop
 endfacet
 facet normal  0.000000e+00  0.000000e+00  1.000000e+00
   outer loop
     vertex  1.362075e+02 -1.186898e+02  1.510000e+00
     vertex  1.361040e+02 -1.213035e+02  1.510000e+00
     vertex  1.362075e+02 -1.213171e+02  1.510000e+00
   endloop
 endfacet
 facet normal  0.000000e+00  0.000000e+00  1.000000e+00
   outer loop
     vertex  1.357576e+02 -1.181035e+02  1.510000e+00
     vertex  1.344504e+02 -1.181035e+02  1.510000e+00
     vertex  1.357176e+02 -1.181999e+02  1.510000e+00
   endloop
 endfacet
 facet normal  0.000000e+00  0.000000e+00  1.000000e+00
   outer loop
     vertex  1.357576e+02 -1.181035e+02  1.510000e+00
     vertex  1.343868e+02 -1.180206e+02  1.510000e+00
     vertex  1.344504e+02 -1.181035e+02  1.510000e+00
   endloop
 endfacet
 facet normal  0.000000e+00  0.000000e+00  1.000000e+00
   outer loop
     vertex  1.363040e+02 -1.186499e+02  1.510000e+00
     vertex  1.362075e+02 -1.213171e+02  1.510000e+00
     vertex  1.363040e+02 -1.213571e+02  1.510000e+00
   endloop
 endfacet
 facet normal  0.000000e+00  0.000000e+00  1.000000e+00
   outer loop
     vertex  1.363040e+02 -1.186499e+02  1.510000e+00
     vertex  1.362075e+02 -1.186898e+02  1.510000e+00
     vertex  1.362075e+02 -1.213171e+02  1.510000e+00
   endloop
 endfacet
 facet normal  0.000000e+00  0.000000e+00  1.000000e+00
   outer loop
     vertex  1.358212e+02 -1.180206e+02  1.510000e+00
     vertex  1.343868e+02 -1.180206e+02  1.510000e+00
     vertex  1.357576e+02 -1.181035e+02  1.510000e+00
   endloop
 endfacet
 facet normal  0.000000e+00  0.000000e+00  1.000000e+00
   outer loop
     vertex  1.363868e+02 -1.185863e+02  1.510000e+00
     vertex  1.363040e+02 -1.213571e+02  1.510000e+00
     vertex  1.363868e+02 -1.214206e+02  1.510000e+00
   endloop
 endfacet
 facet normal  0.000000e+00  0.000000e+00  1.000000e+00
   outer loop
     vertex  1.363868e+02 -1.185863e+02  1.510000e+00
     vertex  1.363040e+02 -1.186499e+02  1.510000e+00
     vertex  1.363040e+02 -1.213571e+02  1.510000e+00
   endloop
 endfacet
 facet normal  0.000000e+00  0.000000e+00  1.000000e+00
   outer loop
     vertex  1.359040e+02 -1.179571e+02  1.510000e+00
     vertex  1.343868e+02 -1.180206e+02  1.510000e+00
     vertex  1.358212e+02 -1.180206e+02  1.510000e+00
   endloop
 endfacet
 facet normal  0.000000e+00  0.000000e+00  1.000000e+00
   outer loop
     vertex  1.359040e+02 -1.179571e+02  1.510000e+00
     vertex  1.343040e+02 -1.179571e+02  1.510000e+00
     vertex  1.343868e+02 -1.180206e+02  1.510000e+00
   endloop
 endfacet
 facet normal  0.000000e+00  0.000000e+00  1.000000e+00
   outer loop
     vertex  1.364504e+02 -1.185035e+02  1.510000e+00
     vertex  1.363868e+02 -1.214206e+02  1.510000e+00
     vertex  1.364504e+02 -1.215035e+02  1.510000e+00
   endloop
 endfacet
 facet normal  0.000000e+00  0.000000e+00  1.000000e+00
   outer loop
     vertex  1.364504e+02 -1.185035e+02  1.510000e+00
     vertex  1.364504e+02 -1.215035e+02  1.510000e+00
     vertex  1.364904e+02 -1.215999e+02  1.510000e+00
   endloop
 endfacet
 facet normal  0.000000e+00  0.000000e+00  1.000000e+00
   outer loop
     vertex  1.364504e+02 -1.185035e+02  1.510000e+00
     vertex  1.363868e+02 -1.185863e+02  1.510000e+00
     vertex  1.363868e+02 -1.214206e+02  1.510000e+00
   endloop
 endfacet
 facet normal  0.000000e+00  0.000000e+00  1.000000e+00
   outer loop
     vertex  1.364904e+02 -1.184070e+02  1.510000e+00
     vertex  1.364904e+02 -1.215999e+02  1.510000e+00
     vertex  1.365040e+02 -1.217035e+02  1.510000e+00
   endloop
 endfacet
 facet normal  0.000000e+00  0.000000e+00  1.000000e+00
   outer loop
     vertex  1.364904e+02 -1.184070e+02  1.510000e+00
     vertex  1.364504e+02 -1.185035e+02  1.510000e+00
     vertex  1.364904e+02 -1.215999e+02  1.510000e+00
   endloop
 endfacet
 facet normal  0.000000e+00  0.000000e+00  1.000000e+00
   outer loop
     vertex  1.365040e+02 -1.183035e+02  1.510000e+00
     vertex  1.364904e+02 -1.184070e+02  1.510000e+00
     vertex  1.365040e+02 -1.217035e+02  1.510000e+00
   endloop
 endfacet
 facet normal  0.000000e+00  0.000000e+00  1.000000e+00
   outer loop
     vertex  1.338212e+02 -1.151863e+02  1.510000e+00
     vertex  1.338212e+02 -1.180206e+02  1.510000e+00
     vertex  1.339040e+02 -1.179571e+02  1.510000e+00
   endloop
 endfacet
 facet normal  0.000000e+00  0.000000e+00  1.000000e+00
   outer loop
     vertex  1.337576e+02 -1.151035e+02  1.510000e+00
     vertex  1.338212e+02 -1.180206e+02  1.510000e+00
     vertex  1.338212e+02 -1.151863e+02  1.510000e+00
   endloop
 endfacet
 facet normal  0.000000e+00  0.000000e+00  1.000000e+00
   outer loop
     vertex  1.337576e+02 -1.151035e+02  1.510000e+00
     vertex  1.337576e+02 -1.181035e+02  1.510000e+00
     vertex  1.338212e+02 -1.180206e+02  1.510000e+00
   endloop
 endfacet
 facet normal  0.000000e+00  0.000000e+00  1.000000e+00
   outer loop
     vertex  1.339040e+02 -1.152499e+02  1.510000e+00
     vertex  1.339040e+02 -1.179571e+02  1.510000e+00
     vertex  1.340005e+02 -1.179171e+02  1.510000e+00
   endloop
 endfacet
 facet normal  0.000000e+00  0.000000e+00  1.000000e+00
   outer loop
     vertex  1.339040e+02 -1.152499e+02  1.510000e+00
     vertex  1.338212e+02 -1.151863e+02  1.510000e+00
     vertex  1.339040e+02 -1.179571e+02  1.510000e+00
   endloop
 endfacet
 facet normal  0.000000e+00  0.000000e+00  1.000000e+00
   outer loop
     vertex  1.337176e+02 -1.150070e+02  1.510000e+00
     vertex  1.337576e+02 -1.181035e+02  1.510000e+00
     vertex  1.337576e+02 -1.151035e+02  1.510000e+00
   endloop
 endfacet
 facet normal  0.000000e+00  0.000000e+00  1.000000e+00
   outer loop
     vertex  1.337176e+02 -1.150070e+02  1.510000e+00
     vertex  1.337176e+02 -1.181999e+02  1.510000e+00
     vertex  1.337576e+02 -1.181035e+02  1.510000e+00
   endloop
 endfacet
 facet normal  0.000000e+00  0.000000e+00  1.000000e+00
   outer loop
     vertex  1.340005e+02 -1.152898e+02  1.510000e+00
     vertex  1.339040e+02 -1.152499e+02  1.510000e+00
     vertex  1.340005e+02 -1.179171e+02  1.510000e+00
   endloop
 endfacet
 facet normal  0.000000e+00  0.000000e+00  1.000000e+00
   outer loop
     vertex  1.341040e+02 -1.153035e+02  1.510000e+00
     vertex  1.340005e+02 -1.152898e+02  1.510000e+00
     vertex  1.340005e+02 -1.179171e+02  1.510000e+00
   endloop
 endfacet
 facet normal  0.000000e+00  0.000000e+00  1.000000e+00
   outer loop
     vertex  1.341040e+02 -1.153035e+02  1.510000e+00
     vertex  1.340005e+02 -1.179171e+02  1.510000e+00
     vertex  1.341040e+02 -1.179035e+02  1.510000e+00
   endloop
 endfacet
 facet normal  0.000000e+00  0.000000e+00  1.000000e+00
   outer loop
     vertex  1.341040e+02 -1.153035e+02  1.510000e+00
     vertex  1.341040e+02 -1.179035e+02  1.510000e+00
     vertex  1.342075e+02 -1.179171e+02  1.510000e+00
   endloop
 endfacet
 facet normal  0.000000e+00  0.000000e+00  1.000000e+00
   outer loop
     vertex  1.603180e+02 -1.414894e+02  1.510000e+00
     vertex  1.358133e+02 -1.382285e+02  1.510000e+00
     vertex  1.343916e+02 -1.414894e+02  1.510000e+00
   endloop
 endfacet
 facet normal  0.000000e+00  0.000000e+00  1.000000e+00
   outer loop
     vertex  1.603180e+02 -1.414894e+02  1.510000e+00
     vertex  1.359540e+02 -1.377035e+02  1.510000e+00
     vertex  1.359182e+02 -1.379752e+02  1.510000e+00
   endloop
 endfacet
 facet normal  0.000000e+00  0.000000e+00  1.000000e+00
   outer loop
     vertex  1.603180e+02 -1.414894e+02  1.510000e+00
     vertex  1.359182e+02 -1.379752e+02  1.510000e+00
     vertex  1.358133e+02 -1.382285e+02  1.510000e+00
   endloop
 endfacet
 facet normal  0.000000e+00  0.000000e+00  1.000000e+00
   outer loop
     vertex  1.603180e+02 -1.414894e+02  1.510000e+00
     vertex  1.364904e+02 -1.320070e+02  1.510000e+00
     vertex  1.359540e+02 -1.377035e+02  1.510000e+00
   endloop
 endfacet
 facet normal  0.000000e+00  0.000000e+00  1.000000e+00
   outer loop
     vertex  1.603180e+02 -1.414894e+02  1.510000e+00
     vertex  1.365040e+02 -1.285035e+02  1.510000e+00
     vertex  1.365040e+02 -1.319035e+02  1.510000e+00
   endloop
 endfacet
 facet normal  0.000000e+00  0.000000e+00  1.000000e+00
   outer loop
     vertex  1.603180e+02 -1.414894e+02  1.510000e+00
     vertex  1.365040e+02 -1.319035e+02  1.510000e+00
     vertex  1.364904e+02 -1.320070e+02  1.510000e+00
   endloop
 endfacet
 facet normal  0.000000e+00  0.000000e+00  1.000000e+00
   outer loop
     vertex  1.603180e+02 -1.414894e+02  1.510000e+00
     vertex  1.365040e+02 -1.217035e+02  1.510000e+00
     vertex  1.365040e+02 -1.251035e+02  1.510000e+00
   endloop
 endfacet
 facet normal  0.000000e+00  0.000000e+00  1.000000e+00
   outer loop
     vertex  1.603180e+02 -1.414894e+02  1.510000e+00
     vertex  1.365040e+02 -1.251035e+02  1.510000e+00
     vertex  1.365040e+02 -1.285035e+02  1.510000e+00
   endloop
 endfacet
 facet normal  0.000000e+00  0.000000e+00  1.000000e+00
   outer loop
     vertex  1.342075e+02 -1.152898e+02  1.510000e+00
     vertex  1.341040e+02 -1.153035e+02  1.510000e+00
     vertex  1.342075e+02 -1.179171e+02  1.510000e+00
   endloop
 endfacet
 facet normal  0.000000e+00  0.000000e+00  1.000000e+00
   outer loop
     vertex  1.312698e+02 -1.122884e+02  1.510000e+00
     vertex  1.337040e+02 -1.217035e+02  1.510000e+00
     vertex  1.337040e+02 -1.183035e+02  1.510000e+00
   endloop
 endfacet
 facet normal  0.000000e+00  0.000000e+00  1.000000e+00
   outer loop
     vertex  1.312698e+02 -1.122884e+02  1.510000e+00
     vertex  1.337040e+02 -1.251035e+02  1.510000e+00
     vertex  1.337040e+02 -1.217035e+02  1.510000e+00
   endloop
 endfacet
 facet normal  0.000000e+00  0.000000e+00  1.000000e+00
   outer loop
     vertex  1.312698e+02 -1.122884e+02  1.510000e+00
     vertex  1.337176e+02 -1.181999e+02  1.510000e+00
     vertex  1.337176e+02 -1.150070e+02  1.510000e+00
   endloop
 endfacet
 facet normal  0.000000e+00  0.000000e+00  1.000000e+00
   outer loop
     vertex  1.312698e+02 -1.122884e+02  1.510000e+00
     vertex  1.312698e+02 -1.383676e+02  1.510000e+00
     vertex  1.337040e+02 -1.251035e+02  1.510000e+00
   endloop
 endfacet
 facet normal  0.000000e+00  0.000000e+00  1.000000e+00
   outer loop
     vertex  1.312698e+02 -1.122884e+02  1.510000e+00
     vertex  1.337040e+02 -1.183035e+02  1.510000e+00
     vertex  1.337176e+02 -1.181999e+02  1.510000e+00
   endloop
 endfacet
 facet normal  0.000000e+00  0.000000e+00  1.000000e+00
   outer loop
     vertex  1.312698e+02 -1.122884e+02  1.510000e+00
     vertex  1.337176e+02 -1.150070e+02  1.510000e+00
     vertex  1.337040e+02 -1.149035e+02  1.510000e+00
   endloop
 endfacet
 facet normal  0.000000e+00  0.000000e+00  1.000000e+00
   outer loop
     vertex  1.312698e+02 -1.122884e+02  1.510000e+00
     vertex  1.337040e+02 -1.149035e+02  1.510000e+00
     vertex  1.337176e+02 -1.147999e+02  1.510000e+00
   endloop
 endfacet
 facet normal  0.000000e+00  0.000000e+00  1.000000e+00
   outer loop
     vertex  1.337576e+02 -1.147035e+02  1.510000e+00
     vertex  1.312698e+02 -1.122884e+02  1.510000e+00
     vertex  1.337176e+02 -1.147999e+02  1.510000e+00
   endloop
 endfacet
 facet normal  0.000000e+00  0.000000e+00  1.000000e+00
   outer loop
     vertex  1.343040e+02 -1.152499e+02  1.510000e+00
     vertex  1.342075e+02 -1.152898e+02  1.510000e+00
     vertex  1.342075e+02 -1.179171e+02  1.510000e+00
   endloop
 endfacet
 facet normal  0.000000e+00  0.000000e+00  1.000000e+00
   outer loop
     vertex  1.343040e+02 -1.152499e+02  1.510000e+00
     vertex  1.342075e+02 -1.179171e+02  1.510000e+00
     vertex  1.343040e+02 -1.179571e+02  1.510000e+00
   endloop
 endfacet
 facet normal  0.000000e+00  0.000000e+00  1.000000e+00
   outer loop
     vertex  1.343040e+02 -1.152499e+02  1.510000e+00
     vertex  1.343040e+02 -1.179571e+02  1.510000e+00
     vertex  1.359040e+02 -1.179571e+02  1.510000e+00
   endloop
 endfacet
 facet normal  0.000000e+00  0.000000e+00  1.000000e+00
   outer loop
     vertex  1.338212e+02 -1.146206e+02  1.510000e+00
     vertex  1.313037e+02 -1.122503e+02  1.510000e+00
     vertex  1.312698e+02 -1.122884e+02  1.510000e+00
   endloop
 endfacet
 facet normal  0.000000e+00  0.000000e+00  1.000000e+00
   outer loop
     vertex  1.338212e+02 -1.146206e+02  1.510000e+00
     vertex  1.312698e+02 -1.122884e+02  1.510000e+00
     vertex  1.337576e+02 -1.147035e+02  1.510000e+00
   endloop
 endfacet
 facet normal  0.000000e+00  0.000000e+00  1.000000e+00
   outer loop
     vertex  1.339040e+02 -1.145571e+02  1.510000e+00
     vertex  1.313037e+02 -1.122503e+02  1.510000e+00
     vertex  1.338212e+02 -1.146206e+02  1.510000e+00
   endloop
 endfacet
 facet normal  0.000000e+00  0.000000e+00  1.000000e+00
   outer loop
     vertex  1.340005e+02 -1.145171e+02  1.510000e+00
     vertex  1.313037e+02 -1.122503e+02  1.510000e+00
     vertex  1.339040e+02 -1.145571e+02  1.510000e+00
   endloop
 endfacet
 facet normal  0.000000e+00  0.000000e+00  1.000000e+00
   outer loop
     vertex  1.341040e+02 -1.145035e+02  1.510000e+00
     vertex  1.313037e+02 -1.122503e+02  1.510000e+00
     vertex  1.340005e+02 -1.145171e+02  1.510000e+00
   endloop
 endfacet
 facet normal  0.000000e+00  0.000000e+00  1.000000e+00
   outer loop
     vertex  1.357576e+02 -1.151035e+02  1.510000e+00
     vertex  1.344504e+02 -1.151035e+02  1.510000e+00
     vertex  1.343868e+02 -1.151863e+02  1.510000e+00
   endloop
 endfacet
 facet normal  0.000000e+00  0.000000e+00  1.000000e+00
   outer loop
     vertex  1.357576e+02 -1.151035e+02  1.510000e+00
     vertex  1.343868e+02 -1.151863e+02  1.510000e+00
     vertex  1.358212e+02 -1.151863e+02  1.510000e+00
   endloop
 endfacet
 facet normal  0.000000e+00  0.000000e+00  1.000000e+00
   outer loop
     vertex  1.359040e+02 -1.152499e+02  1.510000e+00
     vertex  1.343868e+02 -1.151863e+02  1.510000e+00
     vertex  1.343040e+02 -1.152499e+02  1.510000e+00
   endloop
 endfacet
 facet normal  0.000000e+00  0.000000e+00  1.000000e+00
   outer loop
     vertex  1.359040e+02 -1.152499e+02  1.510000e+00
     vertex  1.358212e+02 -1.151863e+02  1.510000e+00
     vertex  1.343868e+02 -1.151863e+02  1.510000e+00
   endloop
 endfacet
 facet normal  0.000000e+00  0.000000e+00  1.000000e+00
   outer loop
     vertex  1.359040e+02 -1.152499e+02  1.510000e+00
     vertex  1.343040e+02 -1.152499e+02  1.510000e+00
     vertex  1.359040e+02 -1.179571e+02  1.510000e+00
   endloop
 endfacet
 facet normal  0.000000e+00  0.000000e+00  1.000000e+00
   outer loop
     vertex  1.357176e+02 -1.150070e+02  1.510000e+00
     vertex  1.344904e+02 -1.150070e+02  1.510000e+00
     vertex  1.344504e+02 -1.151035e+02  1.510000e+00
   endloop
 endfacet
 facet normal  0.000000e+00  0.000000e+00  1.000000e+00
   outer loop
     vertex  1.357176e+02 -1.150070e+02  1.510000e+00
     vertex  1.344504e+02 -1.151035e+02  1.510000e+00
     vertex  1.357576e+02 -1.151035e+02  1.510000e+00
   endloop
 endfacet
 facet normal  0.000000e+00  0.000000e+00  1.000000e+00
   outer loop
     vertex  1.360005e+02 -1.152898e+02  1.510000e+00
     vertex  1.359040e+02 -1.152499e+02  1.510000e+00
     vertex  1.359040e+02 -1.179571e+02  1.510000e+00
   endloop
 endfacet
 facet normal  0.000000e+00  0.000000e+00  1.000000e+00
   outer loop
     vertex  1.360005e+02 -1.152898e+02  1.510000e+00
     vertex  1.359040e+02 -1.179571e+02  1.510000e+00
     vertex  1.360005e+02 -1.179171e+02  1.510000e+00
   endloop
 endfacet
 facet normal  0.000000e+00  0.000000e+00  1.000000e+00
   outer loop
     vertex  1.357040e+02 -1.149035e+02  1.510000e+00
     vertex  1.345040e+02 -1.149035e+02  1.510000e+00
     vertex  1.344904e+02 -1.150070e+02  1.510000e+00
   endloop
 endfacet
 facet normal  0.000000e+00  0.000000e+00  1.000000e+00
   outer loop
     vertex  1.357040e+02 -1.149035e+02  1.510000e+00
     vertex  1.344904e+02 -1.150070e+02  1.510000e+00
     vertex  1.357176e+02 -1.150070e+02  1.510000e+00
   endloop
 endfacet
 facet normal  0.000000e+00  0.000000e+00  1.000000e+00
   outer loop
     vertex  1.361040e+02 -1.153035e+02  1.510000e+00
     vertex  1.360005e+02 -1.179171e+02  1.510000e+00
     vertex  1.361040e+02 -1.179035e+02  1.510000e+00
   endloop
 endfacet
 facet normal  0.000000e+00  0.000000e+00  1.000000e+00
   outer loop
     vertex  1.361040e+02 -1.153035e+02  1.510000e+00
     vertex  1.361040e+02 -1.179035e+02  1.510000e+00
     vertex  1.362075e+02 -1.179171e+02  1.510000e+00
   endloop
 endfacet
 facet normal  0.000000e+00  0.000000e+00  1.000000e+00
   outer loop
     vertex  1.361040e+02 -1.153035e+02  1.510000e+00
     vertex  1.360005e+02 -1.152898e+02  1.510000e+00
     vertex  1.360005e+02 -1.179171e+02  1.510000e+00
   endloop
 endfacet
 facet normal  0.000000e+00  0.000000e+00  1.000000e+00
   outer loop
     vertex  1.357176e+02 -1.147999e+02  1.510000e+00
     vertex  1.345040e+02 -1.149035e+02  1.510000e+00
     vertex  1.357040e+02 -1.149035e+02  1.510000e+00
   endloop
 endfacet
 facet normal  0.000000e+00  0.000000e+00  1.000000e+00
   outer loop
     vertex  1.357176e+02 -1.147999e+02  1.510000e+00
     vertex  1.344904e+02 -1.147999e+02  1.510000e+00
     vertex  1.345040e+02 -1.149035e+02  1.510000e+00
   endloop
 endfacet
 facet normal  0.000000e+00  0.000000e+00  1.000000e+00
   outer loop
     vertex  1.362075e+02 -1.152898e+02  1.510000e+00
     vertex  1.361040e+02 -1.153035e+02  1.510000e+00
     vertex  1.362075e+02 -1.179171e+02  1.510000e+00
   endloop
 endfacet
 facet normal  0.000000e+00  0.000000e+00  1.000000e+00
   outer loop
     vertex  1.357576e+02 -1.147035e+02  1.510000e+00
     vertex  1.344904e+02 -1.147999e+02  1.510000e+00
     vertex  1.357176e+02 -1.147999e+02  1.510000e+00
   endloop
 endfacet
 facet normal  0.000000e+00  0.000000e+00  1.000000e+00
   outer loop
     vertex  1.357576e+02 -1.147035e+02  1.510000e+00
     vertex  1.343868e+02 -1.146206e+02  1.510000e+00
     vertex  1.344504e+02 -1.147035e+02  1.510000e+00
   endloop
 endfacet
 facet normal  0.000000e+00  0.000000e+00  1.000000e+00
   outer loop
     vertex  1.357576e+02 -1.147035e+02  1.510000e+00
     vertex  1.344504e+02 -1.147035e+02  1.510000e+00
     vertex  1.344904e+02 -1.147999e+02  1.510000e+00
   endloop
 endfacet
 facet normal  0.000000e+00  0.000000e+00  1.000000e+00
   outer loop
     vertex  1.363040e+02 -1.152499e+02  1.510000e+00
     vertex  1.362075e+02 -1.152898e+02  1.510000e+00
     vertex  1.362075e+02 -1.179171e+02  1.510000e+00
   endloop
 endfacet
 facet normal  0.000000e+00  0.000000e+00  1.000000e+00
   outer loop
     vertex  1.363040e+02 -1.152499e+02  1.510000e+00
     vertex  1.362075e+02 -1.179171e+02  1.510000e+00
     vertex  1.363040e+02 -1.179571e+02  1.510000e+00
   endloop
 endfacet
 facet normal  0.000000e+00  0.000000e+00  1.000000e+00
   outer loop
     vertex  1.358212e+02 -1.146206e+02  1.510000e+00
     vertex  1.343868e+02 -1.146206e+02  1.510000e+00
     vertex  1.357576e+02 -1.147035e+02  1.510000e+00
   endloop
 endfacet
 facet normal  0.000000e+00  0.000000e+00  1.000000e+00
   outer loop
     vertex  1.363868e+02 -1.151863e+02  1.510000e+00
     vertex  1.363040e+02 -1.179571e+02  1.510000e+00
     vertex  1.363868e+02 -1.180206e+02  1.510000e+00
   endloop
 endfacet
 facet normal  0.000000e+00  0.000000e+00  1.000000e+00
   outer loop
     vertex  1.363868e+02 -1.151863e+02  1.510000e+00
     vertex  1.363040e+02 -1.152499e+02  1.510000e+00
     vertex  1.363040e+02 -1.179571e+02  1.510000e+00
   endloop
 endfacet
 facet normal  0.000000e+00  0.000000e+00  1.000000e+00
   outer loop
     vertex  1.359040e+02 -1.145571e+02  1.510000e+00
     vertex  1.343868e+02 -1.146206e+02  1.510000e+00
     vertex  1.358212e+02 -1.146206e+02  1.510000e+00
   endloop
 endfacet
 facet normal  0.000000e+00  0.000000e+00  1.000000e+00
   outer loop
     vertex  1.359040e+02 -1.145571e+02  1.510000e+00
     vertex  1.343040e+02 -1.145571e+02  1.510000e+00
     vertex  1.343868e+02 -1.146206e+02  1.510000e+00
   endloop
 endfacet
 facet normal  0.000000e+00  0.000000e+00  1.000000e+00
   outer loop
     vertex  1.364504e+02 -1.151035e+02  1.510000e+00
     vertex  1.363868e+02 -1.151863e+02  1.510000e+00
     vertex  1.363868e+02 -1.180206e+02  1.510000e+00
   endloop
 endfacet
 facet normal  0.000000e+00  0.000000e+00  1.000000e+00
   outer loop
     vertex  1.364504e+02 -1.151035e+02  1.510000e+00
     vertex  1.363868e+02 -1.180206e+02  1.510000e+00
     vertex  1.364504e+02 -1.181035e+02  1.510000e+00
   endloop
 endfacet
 facet normal  0.000000e+00  0.000000e+00  1.000000e+00
   outer loop
     vertex  1.360005e+02 -1.145171e+02  1.510000e+00
     vertex  1.343040e+02 -1.145571e+02  1.510000e+00
     vertex  1.359040e+02 -1.145571e+02  1.510000e+00
   endloop
 endfacet
 facet normal  0.000000e+00  0.000000e+00  1.000000e+00
   outer loop
     vertex  1.360005e+02 -1.145171e+02  1.510000e+00
     vertex  1.342075e+02 -1.145171e+02  1.510000e+00
     vertex  1.343040e+02 -1.145571e+02  1.510000e+00
   endloop
 endfacet
 facet normal  0.000000e+00  0.000000e+00  1.000000e+00
   outer loop
     vertex  1.364904e+02 -1.150070e+02  1.510000e+00
     vertex  1.364504e+02 -1.151035e+02  1.510000e+00
     vertex  1.364504e+02 -1.181035e+02  1.510000e+00
   endloop
 endfacet
 facet normal  0.000000e+00  0.000000e+00  1.000000e+00
   outer loop
     vertex  1.364904e+02 -1.150070e+02  1.510000e+00
     vertex  1.364504e+02 -1.181035e+02  1.510000e+00
     vertex  1.364904e+02 -1.181999e+02  1.510000e+00
   endloop
 endfacet
 facet normal  0.000000e+00  0.000000e+00  1.000000e+00
   outer loop
     vertex  1.364904e+02 -1.150070e+02  1.510000e+00
     vertex  1.364904e+02 -1.181999e+02  1.510000e+00
     vertex  1.365040e+02 -1.183035e+02  1.510000e+00
   endloop
 endfacet
 facet normal  0.000000e+00  0.000000e+00  1.000000e+00
   outer loop
     vertex  1.365040e+02 -1.149035e+02  1.510000e+00
     vertex  1.364904e+02 -1.150070e+02  1.510000e+00
     vertex  1.365040e+02 -1.183035e+02  1.510000e+00
   endloop
 endfacet
 facet normal  0.000000e+00  0.000000e+00  1.000000e+00
   outer loop
     vertex  1.336511e+02 -1.096421e+02  1.510000e+00
     vertex  1.313037e+02 -1.122503e+02  1.510000e+00
     vertex  1.341040e+02 -1.145035e+02  1.510000e+00
   endloop
 endfacet
 facet normal  0.000000e+00  0.000000e+00  1.000000e+00
   outer loop
     vertex  1.336511e+02 -1.096421e+02  1.510000e+00
     vertex  1.360005e+02 -1.145171e+02  1.510000e+00
     vertex  1.361040e+02 -1.145035e+02  1.510000e+00
   endloop
 endfacet
 facet normal  0.000000e+00  0.000000e+00  1.000000e+00
   outer loop
     vertex  1.336511e+02 -1.096421e+02  1.510000e+00
     vertex  1.361040e+02 -1.145035e+02  1.510000e+00
     vertex  1.362075e+02 -1.145171e+02  1.510000e+00
   endloop
 endfacet
 facet normal  0.000000e+00  0.000000e+00  1.000000e+00
   outer loop
     vertex  1.336511e+02 -1.096421e+02  1.510000e+00
     vertex  1.362075e+02 -1.145171e+02  1.510000e+00
     vertex  1.363040e+02 -1.145571e+02  1.510000e+00
   endloop
 endfacet
 facet normal  0.000000e+00  0.000000e+00  1.000000e+00
   outer loop
     vertex  1.336511e+02 -1.096421e+02  1.510000e+00
     vertex  1.363040e+02 -1.145571e+02  1.510000e+00
     vertex  1.363868e+02 -1.146206e+02  1.510000e+00
   endloop
 endfacet
 facet normal  0.000000e+00  0.000000e+00  1.000000e+00
   outer loop
     vertex  1.336511e+02 -1.096421e+02  1.510000e+00
     vertex  1.342075e+02 -1.145171e+02  1.510000e+00
     vertex  1.360005e+02 -1.145171e+02  1.510000e+00
   endloop
 endfacet
 facet normal  0.000000e+00  0.000000e+00  1.000000e+00
   outer loop
     vertex  1.336511e+02 -1.096421e+02  1.510000e+00
     vertex  1.341040e+02 -1.145035e+02  1.510000e+00
     vertex  1.342075e+02 -1.145171e+02  1.510000e+00
   endloop
 endfacet
 facet normal  0.000000e+00  0.000000e+00  1.000000e+00
   outer loop
     vertex  1.343040e+02 -8.544988e+01  1.510000e+00
     vertex  1.312698e+02 -8.884157e+01  1.510000e+00
     vertex  1.313037e+02 -8.887967e+01  1.510000e+00
   endloop
 endfacet
 facet normal  0.000000e+00  0.000000e+00  1.000000e+00
   outer loop
     vertex  1.343040e+02 -8.544988e+01  1.510000e+00
     vertex  1.342212e+02 -8.538631e+01  1.510000e+00
     vertex  1.312698e+02 -8.884157e+01  1.510000e+00
   endloop
 endfacet
 facet normal  0.000000e+00  0.000000e+00  1.000000e+00
   outer loop
     vertex  1.341576e+02 -8.530347e+01  1.510000e+00
     vertex  1.312698e+02 -8.884157e+01  1.510000e+00
     vertex  1.342212e+02 -8.538631e+01  1.510000e+00
   endloop
 endfacet
 facet normal  0.000000e+00  0.000000e+00  1.000000e+00
   outer loop
     vertex  1.344005e+02 -8.548984e+01  1.510000e+00
     vertex  1.343040e+02 -8.544988e+01  1.510000e+00
     vertex  1.313037e+02 -8.887967e+01  1.510000e+00
   endloop
 endfacet
 facet normal  0.000000e+00  0.000000e+00  1.000000e+00
   outer loop
     vertex  1.341176e+02 -8.520700e+01  1.510000e+00
     vertex  1.312698e+02 -8.884157e+01  1.510000e+00
     vertex  1.341576e+02 -8.530347e+01  1.510000e+00
   endloop
 endfacet
 facet normal  0.000000e+00  0.000000e+00  1.000000e+00
   outer loop
     vertex  1.345040e+02 -8.550347e+01  1.510000e+00
     vertex  1.313037e+02 -8.887967e+01  1.510000e+00
     vertex  1.336511e+02 -9.148767e+01  1.510000e+00
   endloop
 endfacet
 facet normal  0.000000e+00  0.000000e+00  1.000000e+00
   outer loop
     vertex  1.345040e+02 -8.550347e+01  1.510000e+00
     vertex  1.344005e+02 -8.548984e+01  1.510000e+00
     vertex  1.313037e+02 -8.887967e+01  1.510000e+00
   endloop
 endfacet
 facet normal  0.000000e+00  0.000000e+00  1.000000e+00
   outer loop
     vertex  1.341040e+02 -8.510347e+01  1.510000e+00
     vertex  1.312698e+02 -8.884157e+01  1.510000e+00
     vertex  1.341176e+02 -8.520700e+01  1.510000e+00
   endloop
 endfacet
 facet normal  0.000000e+00  0.000000e+00  1.000000e+00
   outer loop
     vertex  1.346075e+02 -8.548984e+01  1.510000e+00
     vertex  1.345040e+02 -8.550347e+01  1.510000e+00
     vertex  1.336511e+02 -9.148767e+01  1.510000e+00
   endloop
 endfacet
 facet normal  0.000000e+00  0.000000e+00  1.000000e+00
   outer loop
     vertex  1.341176e+02 -8.499994e+01  1.510000e+00
     vertex  1.312698e+02 -8.884157e+01  1.510000e+00
     vertex  1.341040e+02 -8.510347e+01  1.510000e+00
   endloop
 endfacet
 facet normal  0.000000e+00  0.000000e+00  1.000000e+00
   outer loop
     vertex  1.347040e+02 -8.544988e+01  1.510000e+00
     vertex  1.346075e+02 -8.548984e+01  1.510000e+00
     vertex  1.336511e+02 -9.148767e+01  1.510000e+00
   endloop
 endfacet
 facet normal  0.000000e+00  0.000000e+00  1.000000e+00
   outer loop
     vertex  1.343040e+02 -8.344988e+01  1.510000e+00
     vertex  1.342212e+02 -8.482063e+01  1.510000e+00
     vertex  1.343040e+02 -8.475706e+01  1.510000e+00
   endloop
 endfacet
 facet normal  0.000000e+00  0.000000e+00  1.000000e+00
   outer loop
     vertex  1.343040e+02 -8.344988e+01  1.510000e+00
     vertex  1.342212e+02 -8.338631e+01  1.510000e+00
     vertex  1.342212e+02 -8.482063e+01  1.510000e+00
   endloop
 endfacet
 facet normal  0.000000e+00  0.000000e+00  1.000000e+00
   outer loop
     vertex  1.343040e+02 -8.344988e+01  1.510000e+00
     vertex  1.343040e+02 -8.475706e+01  1.510000e+00
     vertex  1.344005e+02 -8.471710e+01  1.510000e+00
   endloop
 endfacet
 facet normal  0.000000e+00  0.000000e+00  1.000000e+00
   outer loop
     vertex  1.341576e+02 -8.330347e+01  1.510000e+00
     vertex  1.341576e+02 -8.490347e+01  1.510000e+00
     vertex  1.342212e+02 -8.482063e+01  1.510000e+00
   endloop
 endfacet
 facet normal  0.000000e+00  0.000000e+00  1.000000e+00
   outer loop
     vertex  1.341576e+02 -8.330347e+01  1.510000e+00
     vertex  1.342212e+02 -8.482063e+01  1.510000e+00
     vertex  1.342212e+02 -8.338631e+01  1.510000e+00
   endloop
 endfacet
 facet normal  0.000000e+00  0.000000e+00  1.000000e+00
   outer loop
     vertex  1.344005e+02 -8.348984e+01  1.510000e+00
     vertex  1.343040e+02 -8.344988e+01  1.510000e+00
     vertex  1.344005e+02 -8.471710e+01  1.510000e+00
   endloop
 endfacet
 facet normal  0.000000e+00  0.000000e+00  1.000000e+00
   outer loop
     vertex  1.341176e+02 -8.320700e+01  1.510000e+00
     vertex  1.312698e+02 -8.884157e+01  1.510000e+00
     vertex  1.341176e+02 -8.499994e+01  1.510000e+00
   endloop
 endfacet
 facet normal  0.000000e+00  0.000000e+00  1.000000e+00
   outer loop
     vertex  1.341176e+02 -8.320700e+01  1.510000e+00
     vertex  1.341176e+02 -8.499994e+01  1.510000e+00
     vertex  1.341576e+02 -8.490347e+01  1.510000e+00
   endloop
 endfacet
 facet normal  0.000000e+00  0.000000e+00  1.000000e+00
   outer loop
     vertex  1.341176e+02 -8.320700e+01  1.510000e+00
     vertex  1.341576e+02 -8.490347e+01  1.510000e+00
     vertex  1.341576e+02 -8.330347e+01  1.510000e+00
   endloop
 endfacet
 facet normal  0.000000e+00  0.000000e+00  1.000000e+00
   outer loop
     vertex  1.345040e+02 -8.350347e+01  1.510000e+00
     vertex  1.344005e+02 -8.471710e+01  1.510000e+00
     vertex  1.345040e+02 -8.470347e+01  1.510000e+00
   endloop
 endfacet
 facet normal  0.000000e+00  0.000000e+00  1.000000e+00
   outer loop
     vertex  1.345040e+02 -8.350347e+01  1.510000e+00
     vertex  1.345040e+02 -8.470347e+01  1.510000e+00
     vertex  1.346075e+02 -8.471710e+01  1.510000e+00
   endloop
 endfacet
 facet normal  0.000000e+00  0.000000e+00  1.000000e+00
   outer loop
     vertex  1.345040e+02 -8.350347e+01  1.510000e+00
     vertex  1.344005e+02 -8.348984e+01  1.510000e+00
     vertex  1.344005e+02 -8.471710e+01  1.510000e+00
   endloop
 endfacet
 facet normal  0.000000e+00  0.000000e+00  1.000000e+00
   outer loop
     vertex  1.341040e+02 -8.310347e+01  1.510000e+00
     vertex  1.312698e+02 -8.884157e+01  1.510000e+00
     vertex  1.341176e+02 -8.320700e+01  1.510000e+00
   endloop
 endfacet
 facet normal  0.000000e+00  0.000000e+00  1.000000e+00
   outer loop
     vertex  1.346075e+02 -8.348984e+01  1.510000e+00
     vertex  1.345040e+02 -8.350347e+01  1.510000e+00
     vertex  1.346075e+02 -8.471710e+01  1.510000e+00
   endloop
 endfacet
 facet normal  0.000000e+00  0.000000e+00  1.000000e+00
   outer loop
     vertex  1.505895e+02 -9.935702e+01  1.510000e+00
     vertex  1.336511e+02 -1.096421e+02  1.510000e+00
     vertex  1.363868e+02 -1.146206e+02  1.510000e+00
   endloop
 endfacet
 facet normal  0.000000e+00  0.000000e+00  1.000000e+00
   outer loop
     vertex  1.347040e+02 -8.344988e+01  1.510000e+00
     vertex  1.346075e+02 -8.471710e+01  1.510000e+00
     vertex  1.347040e+02 -8.475706e+01  1.510000e+00
   endloop
 endfacet
 facet normal  0.000000e+00  0.000000e+00  1.000000e+00
   outer loop
     vertex  1.347040e+02 -8.344988e+01  1.510000e+00
     vertex  1.347040e+02 -8.475706e+01  1.510000e+00
     vertex  1.347868e+02 -8.482063e+01  1.510000e+00
   endloop
 endfacet
 facet normal  0.000000e+00  0.000000e+00  1.000000e+00
   outer loop
     vertex  1.347040e+02 -8.344988e+01  1.510000e+00
     vertex  1.346075e+02 -8.348984e+01  1.510000e+00
     vertex  1.346075e+02 -8.471710e+01  1.510000e+00
   endloop
 endfacet
 facet normal  0.000000e+00  0.000000e+00  1.000000e+00
   outer loop
     vertex  1.506930e+02 -9.943648e+01  1.510000e+00
     vertex  1.363868e+02 -1.146206e+02  1.510000e+00
     vertex  1.364504e+02 -1.147035e+02  1.510000e+00
   endloop
 endfacet
 facet normal  0.000000e+00  0.000000e+00  1.000000e+00
   outer loop
     vertex  1.506930e+02 -9.943648e+01  1.510000e+00
     vertex  1.505895e+02 -9.935702e+01  1.510000e+00
     vertex  1.363868e+02 -1.146206e+02  1.510000e+00
   endloop
 endfacet
 facet normal  0.000000e+00  0.000000e+00  1.000000e+00
   outer loop
     vertex  1.505100e+02 -9.925347e+01  1.510000e+00
     vertex  1.336511e+02 -1.096421e+02  1.510000e+00
     vertex  1.505895e+02 -9.935702e+01  1.510000e+00
   endloop
 endfacet
 facet normal  0.000000e+00  0.000000e+00  1.000000e+00
   outer loop
     vertex  1.508136e+02 -9.948643e+01  1.510000e+00
     vertex  1.364504e+02 -1.147035e+02  1.510000e+00
     vertex  1.364904e+02 -1.147999e+02  1.510000e+00
   endloop
 endfacet
 facet normal  0.000000e+00  0.000000e+00  1.000000e+00
   outer loop
     vertex  1.508136e+02 -9.948643e+01  1.510000e+00
     vertex  1.506930e+02 -9.943648e+01  1.510000e+00
     vertex  1.364504e+02 -1.147035e+02  1.510000e+00
   endloop
 endfacet
 facet normal  0.000000e+00  0.000000e+00  1.000000e+00
   outer loop
     vertex  1.504601e+02 -9.913288e+01  1.510000e+00
     vertex  1.336511e+02 -9.148767e+01  1.510000e+00
     vertex  1.336511e+02 -1.096421e+02  1.510000e+00
   endloop
 endfacet
 facet normal  0.000000e+00  0.000000e+00  1.000000e+00
   outer loop
     vertex  1.504601e+02 -9.913288e+01  1.510000e+00
     vertex  1.336511e+02 -1.096421e+02  1.510000e+00
     vertex  1.505100e+02 -9.925347e+01  1.510000e+00
   endloop
 endfacet
 facet normal  0.000000e+00  0.000000e+00  1.000000e+00
   outer loop
     vertex  1.347868e+02 -8.338631e+01  1.510000e+00
     vertex  1.347868e+02 -8.482063e+01  1.510000e+00
     vertex  1.348504e+02 -8.490347e+01  1.510000e+00
   endloop
 endfacet
 facet normal  0.000000e+00  0.000000e+00  1.000000e+00
   outer loop
     vertex  1.347868e+02 -8.338631e+01  1.510000e+00
     vertex  1.347040e+02 -8.344988e+01  1.510000e+00
     vertex  1.347868e+02 -8.482063e+01  1.510000e+00
   endloop
 endfacet
 facet normal  0.000000e+00  0.000000e+00  1.000000e+00
   outer loop
     vertex  1.509430e+02 -9.950347e+01  1.510000e+00
     vertex  1.364904e+02 -1.147999e+02  1.510000e+00
     vertex  1.365040e+02 -1.149035e+02  1.510000e+00
   endloop
 endfacet
 facet normal  0.000000e+00  0.000000e+00  1.000000e+00
   outer loop
     vertex  1.509430e+02 -9.950347e+01  1.510000e+00
     vertex  1.508136e+02 -9.948643e+01  1.510000e+00
     vertex  1.364904e+02 -1.147999e+02  1.510000e+00
   endloop
 endfacet
 facet normal  0.000000e+00  0.000000e+00  1.000000e+00
   outer loop
     vertex  1.504430e+02 -9.900347e+01  1.510000e+00
     vertex  1.336511e+02 -9.148767e+01  1.510000e+00
     vertex  1.504601e+02 -9.913288e+01  1.510000e+00
   endloop
 endfacet
 facet normal  0.000000e+00  0.000000e+00  1.000000e+00
   outer loop
     vertex  1.348504e+02 -8.330347e+01  1.510000e+00
     vertex  1.347868e+02 -8.338631e+01  1.510000e+00
     vertex  1.348504e+02 -8.490347e+01  1.510000e+00
   endloop
 endfacet
 facet normal  0.000000e+00  0.000000e+00  1.000000e+00
   outer loop
     vertex  1.504601e+02 -9.887406e+01  1.510000e+00
     vertex  1.336511e+02 -9.148767e+01  1.510000e+00
     vertex  1.504430e+02 -9.900347e+01  1.510000e+00
   endloop
 endfacet
 facet normal  0.000000e+00  0.000000e+00  1.000000e+00
   outer loop
     vertex  1.505100e+02 -9.875347e+01  1.510000e+00
     vertex  1.336511e+02 -9.148767e+01  1.510000e+00
     vertex  1.504601e+02 -9.887406e+01  1.510000e+00
   endloop
 endfacet
 facet normal  0.000000e+00  0.000000e+00  1.000000e+00
   outer loop
     vertex  1.380212e+02 -8.538631e+01  1.510000e+00
     vertex  1.348504e+02 -8.530347e+01  1.510000e+00
     vertex  1.347868e+02 -8.538631e+01  1.510000e+00
   endloop
 endfacet
 facet normal  0.000000e+00  0.000000e+00  1.000000e+00
   outer loop
     vertex  1.381040e+02 -8.544988e+01  1.510000e+00
     vertex  1.347040e+02 -8.544988e+01  1.510000e+00
     vertex  1.336511e+02 -9.148767e+01  1.510000e+00
   endloop
 endfacet
 facet normal  0.000000e+00  0.000000e+00  1.000000e+00
   outer loop
     vertex  1.381040e+02 -8.544988e+01  1.510000e+00
     vertex  1.347868e+02 -8.538631e+01  1.510000e+00
     vertex  1.347040e+02 -8.544988e+01  1.510000e+00
   endloop
 endfacet
 facet normal  0.000000e+00  0.000000e+00  1.000000e+00
   outer loop
     vertex  1.381040e+02 -8.544988e+01  1.510000e+00
     vertex  1.380212e+02 -8.538631e+01  1.510000e+00
     vertex  1.347868e+02 -8.538631e+01  1.510000e+00
   endloop
 endfacet
 facet normal  0.000000e+00  0.000000e+00  1.000000e+00
   outer loop
     vertex  1.379576e+02 -8.530347e+01  1.510000e+00
     vertex  1.348904e+02 -8.520700e+01  1.510000e+00
     vertex  1.348504e+02 -8.530347e+01  1.510000e+00
   endloop
 endfacet
 facet normal  0.000000e+00  0.000000e+00  1.000000e+00
   outer loop
     vertex  1.379576e+02 -8.530347e+01  1.510000e+00
     vertex  1.348504e+02 -8.530347e+01  1.510000e+00
     vertex  1.380212e+02 -8.538631e+01  1.510000e+00
   endloop
 endfacet
 facet normal  0.000000e+00  0.000000e+00  1.000000e+00
   outer loop
     vertex  1.379176e+02 -8.520700e+01  1.510000e+00
     vertex  1.348904e+02 -8.520700e+01  1.510000e+00
     vertex  1.379576e+02 -8.530347e+01  1.510000e+00
   endloop
 endfacet
 facet normal  0.000000e+00  0.000000e+00  1.000000e+00
   outer loop
     vertex  1.379176e+02 -8.520700e+01  1.510000e+00
     vertex  1.349040e+02 -8.510347e+01  1.510000e+00
     vertex  1.348904e+02 -8.520700e+01  1.510000e+00
   endloop
 endfacet
 facet normal  0.000000e+00  0.000000e+00  1.000000e+00
   outer loop
     vertex  1.382005e+02 -8.548984e+01  1.510000e+00
     vertex  1.381040e+02 -8.544988e+01  1.510000e+00
     vertex  1.336511e+02 -9.148767e+01  1.510000e+00
   endloop
 endfacet
 facet normal  0.000000e+00  0.000000e+00  1.000000e+00
   outer loop
     vertex  1.383040e+02 -8.550347e+01  1.510000e+00
     vertex  1.382005e+02 -8.548984e+01  1.510000e+00
     vertex  1.336511e+02 -9.148767e+01  1.510000e+00
   endloop
 endfacet
 facet normal  0.000000e+00  0.000000e+00  1.000000e+00
   outer loop
     vertex  1.379040e+02 -8.510347e+01  1.510000e+00
     vertex  1.349040e+02 -8.510347e+01  1.510000e+00
     vertex  1.379176e+02 -8.520700e+01  1.510000e+00
   endloop
 endfacet
 facet normal  0.000000e+00  0.000000e+00  1.000000e+00
   outer loop
     vertex  1.343040e+02 -8.144988e+01  1.510000e+00
     vertex  1.342212e+02 -8.138631e+01  1.510000e+00
     vertex  1.342212e+02 -8.282063e+01  1.510000e+00
   endloop
 endfacet
 facet normal  0.000000e+00  0.000000e+00  1.000000e+00
   outer loop
     vertex  1.343040e+02 -8.144988e+01  1.510000e+00
     vertex  1.342212e+02 -8.282063e+01  1.510000e+00
     vertex  1.343040e+02 -8.275706e+01  1.510000e+00
   endloop
 endfacet
 facet normal  0.000000e+00  0.000000e+00  1.000000e+00
   outer loop
     vertex  1.341576e+02 -8.130347e+01  1.510000e+00
     vertex  1.342212e+02 -8.282063e+01  1.510000e+00
     vertex  1.342212e+02 -8.138631e+01  1.510000e+00
   endloop
 endfacet
 facet normal  0.000000e+00  0.000000e+00  1.000000e+00
   outer loop
     vertex  1.341576e+02 -8.130347e+01  1.510000e+00
     vertex  1.341576e+02 -8.290347e+01  1.510000e+00
     vertex  1.342212e+02 -8.282063e+01  1.510000e+00
   endloop
 endfacet
 facet normal  0.000000e+00  0.000000e+00  1.000000e+00
   outer loop
     vertex  1.344005e+02 -8.148984e+01  1.510000e+00
     vertex  1.343040e+02 -8.144988e+01  1.510000e+00
     vertex  1.343040e+02 -8.275706e+01  1.510000e+00
   endloop
 endfacet
 facet normal  0.000000e+00  0.000000e+00  1.000000e+00
   outer loop
     vertex  1.344005e+02 -8.148984e+01  1.510000e+00
     vertex  1.343040e+02 -8.275706e+01  1.510000e+00
     vertex  1.344005e+02 -8.271710e+01  1.510000e+00
   endloop
 endfacet
 facet normal  0.000000e+00  0.000000e+00  1.000000e+00
   outer loop
     vertex  1.341176e+02 -8.120700e+01  1.510000e+00
     vertex  1.341176e+02 -8.299994e+01  1.510000e+00
     vertex  1.341576e+02 -8.290347e+01  1.510000e+00
   endloop
 endfacet
 facet normal  0.000000e+00  0.000000e+00  1.000000e+00
   outer loop
     vertex  1.341176e+02 -8.120700e+01  1.510000e+00
     vertex  1.341576e+02 -8.290347e+01  1.510000e+00
     vertex  1.341576e+02 -8.130347e+01  1.510000e+00
   endloop
 endfacet
 facet normal  0.000000e+00  0.000000e+00  1.000000e+00
   outer loop
     vertex  1.384075e+02 -8.548984e+01  1.510000e+00
     vertex  1.383040e+02 -8.550347e+01  1.510000e+00
     vertex  1.336511e+02 -9.148767e+01  1.510000e+00
   endloop
 endfacet
 facet normal  0.000000e+00  0.000000e+00  1.000000e+00
   outer loop
     vertex  1.379176e+02 -8.499994e+01  1.510000e+00
     vertex  1.349040e+02 -8.510347e+01  1.510000e+00
     vertex  1.379040e+02 -8.510347e+01  1.510000e+00
   endloop
 endfacet
 facet normal  0.000000e+00  0.000000e+00  1.000000e+00
   outer loop
     vertex  1.379176e+02 -8.499994e+01  1.510000e+00
     vertex  1.348504e+02 -8.490347e+01  1.510000e+00
     vertex  1.348904e+02 -8.499994e+01  1.510000e+00
   endloop
 endfacet
 facet normal  0.000000e+00  0.000000e+00  1.000000e+00
   outer loop
     vertex  1.379176e+02 -8.499994e+01  1.510000e+00
     vertex  1.348904e+02 -8.499994e+01  1.510000e+00
     vertex  1.349040e+02 -8.510347e+01  1.510000e+00
   endloop
 endfacet
 facet normal  0.000000e+00  0.000000e+00  1.000000e+00
   outer loop
     vertex  1.345040e+02 -8.150347e+01  1.510000e+00
     vertex  1.344005e+02 -8.271710e+01  1.510000e+00
     vertex  1.345040e+02 -8.270347e+01  1.510000e+00
   endloop
 endfacet
 facet normal  0.000000e+00  0.000000e+00  1.000000e+00
   outer loop
     vertex  1.345040e+02 -8.150347e+01  1.510000e+00
     vertex  1.345040e+02 -8.270347e+01  1.510000e+00
     vertex  1.346075e+02 -8.271710e+01  1.510000e+00
   endloop
 endfacet
 facet normal  0.000000e+00  0.000000e+00  1.000000e+00
   outer loop
     vertex  1.345040e+02 -8.150347e+01  1.510000e+00
     vertex  1.344005e+02 -8.148984e+01  1.510000e+00
     vertex  1.344005e+02 -8.271710e+01  1.510000e+00
   endloop
 endfacet
 facet normal  0.000000e+00  0.000000e+00  1.000000e+00
   outer loop
     vertex  1.341040e+02 -8.110347e+01  1.510000e+00
     vertex  1.341040e+02 -8.310347e+01  1.510000e+00
     vertex  1.341176e+02 -8.299994e+01  1.510000e+00
   endloop
 endfacet
 facet normal  0.000000e+00  0.000000e+00  1.000000e+00
   outer loop
     vertex  1.341040e+02 -8.110347e+01  1.510000e+00
     vertex  1.312698e+02 -8.884157e+01  1.510000e+00
     vertex  1.341040e+02 -8.310347e+01  1.510000e+00
   endloop
 endfacet
 facet normal  0.000000e+00  0.000000e+00  1.000000e+00
   outer loop
     vertex  1.341040e+02 -8.110347e+01  1.510000e+00
     vertex  1.341176e+02 -8.299994e+01  1.510000e+00
     vertex  1.341176e+02 -8.120700e+01  1.510000e+00
   endloop
 endfacet
 facet normal  0.000000e+00  0.000000e+00  1.000000e+00
   outer loop
     vertex  1.379576e+02 -8.490347e+01  1.510000e+00
     vertex  1.348504e+02 -8.490347e+01  1.510000e+00
     vertex  1.379176e+02 -8.499994e+01  1.510000e+00
   endloop
 endfacet
 facet normal  0.000000e+00  0.000000e+00  1.000000e+00
   outer loop
     vertex  1.385040e+02 -8.544988e+01  1.510000e+00
     vertex  1.384075e+02 -8.548984e+01  1.510000e+00
     vertex  1.336511e+02 -9.148767e+01  1.510000e+00
   endloop
 endfacet
 facet normal  0.000000e+00  0.000000e+00  1.000000e+00
   outer loop
     vertex  1.385040e+02 -8.544988e+01  1.510000e+00
     vertex  1.505100e+02 -9.875347e+01  1.510000e+00
     vertex  1.505895e+02 -9.864992e+01  1.510000e+00
   endloop
 endfacet
 facet normal  0.000000e+00  0.000000e+00  1.000000e+00
   outer loop
     vertex  1.385040e+02 -8.544988e+01  1.510000e+00
     vertex  1.336511e+02 -9.148767e+01  1.510000e+00
     vertex  1.505100e+02 -9.875347e+01  1.510000e+00
   endloop
 endfacet
 facet normal  0.000000e+00  0.000000e+00  1.000000e+00
   outer loop
     vertex  1.346075e+02 -8.148984e+01  1.510000e+00
     vertex  1.345040e+02 -8.150347e+01  1.510000e+00
     vertex  1.346075e+02 -8.271710e+01  1.510000e+00
   endloop
 endfacet
 facet normal  0.000000e+00  0.000000e+00  1.000000e+00
   outer loop
     vertex  1.385868e+02 -8.538631e+01  1.510000e+00
     vertex  1.505895e+02 -9.864992e+01  1.510000e+00
     vertex  1.506930e+02 -9.857046e+01  1.510000e+00
   endloop
 endfacet
 facet normal  0.000000e+00  0.000000e+00  1.000000e+00
   outer loop
     vertex  1.385868e+02 -8.538631e+01  1.510000e+00
     vertex  1.385040e+02 -8.544988e+01  1.510000e+00
     vertex  1.505895e+02 -9.864992e+01  1.510000e+00
   endloop
 endfacet
 facet normal  0.000000e+00  0.000000e+00  1.000000e+00
   outer loop
     vertex  1.347040e+02 -8.144988e+01  1.510000e+00
     vertex  1.346075e+02 -8.148984e+01  1.510000e+00
     vertex  1.346075e+02 -8.271710e+01  1.510000e+00
   endloop
 endfacet
 facet normal  0.000000e+00  0.000000e+00  1.000000e+00
   outer loop
     vertex  1.347040e+02 -8.144988e+01  1.510000e+00
     vertex  1.346075e+02 -8.271710e+01  1.510000e+00
     vertex  1.347040e+02 -8.275706e+01  1.510000e+00
   endloop
 endfacet
 facet normal  0.000000e+00  0.000000e+00  1.000000e+00
   outer loop
     vertex  1.347040e+02 -8.144988e+01  1.510000e+00
     vertex  1.347040e+02 -8.275706e+01  1.510000e+00
     vertex  1.347868e+02 -8.282063e+01  1.510000e+00
   endloop
 endfacet
 facet normal  0.000000e+00  0.000000e+00  1.000000e+00
   outer loop
     vertex  1.386504e+02 -8.530347e+01  1.510000e+00
     vertex  1.506930e+02 -9.857046e+01  1.510000e+00
     vertex  1.508136e+02 -9.852051e+01  1.510000e+00
   endloop
 endfacet
 facet normal  0.000000e+00  0.000000e+00  1.000000e+00
   outer loop
     vertex  1.386504e+02 -8.530347e+01  1.510000e+00
     vertex  1.385868e+02 -8.538631e+01  1.510000e+00
     vertex  1.506930e+02 -9.857046e+01  1.510000e+00
   endloop
 endfacet
 facet normal  0.000000e+00  0.000000e+00  1.000000e+00
   outer loop
     vertex  1.347868e+02 -8.138631e+01  1.510000e+00
     vertex  1.347868e+02 -8.282063e+01  1.510000e+00
     vertex  1.348504e+02 -8.290347e+01  1.510000e+00
   endloop
 endfacet
 facet normal  0.000000e+00  0.000000e+00  1.000000e+00
   outer loop
     vertex  1.347868e+02 -8.138631e+01  1.510000e+00
     vertex  1.347040e+02 -8.144988e+01  1.510000e+00
     vertex  1.347868e+02 -8.282063e+01  1.510000e+00
   endloop
 endfacet
 facet normal  0.000000e+00  0.000000e+00  1.000000e+00
   outer loop
     vertex  1.386904e+02 -8.520700e+01  1.510000e+00
     vertex  1.508136e+02 -9.852051e+01  1.510000e+00
     vertex  1.509430e+02 -9.850347e+01  1.510000e+00
   endloop
 endfacet
 facet normal  0.000000e+00  0.000000e+00  1.000000e+00
   outer loop
     vertex  1.386904e+02 -8.520700e+01  1.510000e+00
     vertex  1.386504e+02 -8.530347e+01  1.510000e+00
     vertex  1.508136e+02 -9.852051e+01  1.510000e+00
   endloop
 endfacet
 facet normal  0.000000e+00  0.000000e+00  1.000000e+00
   outer loop
     vertex  1.348504e+02 -8.130347e+01  1.510000e+00
     vertex  1.347868e+02 -8.138631e+01  1.510000e+00
     vertex  1.348504e+02 -8.290347e+01  1.510000e+00
   endloop
 endfacet
 facet normal  0.000000e+00  0.000000e+00  1.000000e+00
   outer loop
     vertex  1.387040e+02 -8.510347e+01  1.510000e+00
     vertex  1.386904e+02 -8.520700e+01  1.510000e+00
     vertex  1.509430e+02 -9.850347e+01  1.510000e+00
   endloop
 endfacet
 facet normal  0.000000e+00  0.000000e+00  1.000000e+00
   outer loop
     vertex  1.532330e+02 -9.943648e+01  1.510000e+00
     vertex  1.512966e+02 -9.935702e+01  1.510000e+00
     vertex  1.511930e+02 -9.943648e+01  1.510000e+00
   endloop
 endfacet
 facet normal  0.000000e+00  0.000000e+00  1.000000e+00
   outer loop
     vertex  1.532330e+02 -9.943648e+01  1.510000e+00
     vertex  1.531295e+02 -9.935702e+01  1.510000e+00
     vertex  1.512966e+02 -9.935702e+01  1.510000e+00
   endloop
 endfacet
 facet normal  0.000000e+00  0.000000e+00  1.000000e+00
   outer loop
     vertex  1.530500e+02 -9.925347e+01  1.510000e+00
     vertex  1.513761e+02 -9.925347e+01  1.510000e+00
     vertex  1.512966e+02 -9.935702e+01  1.510000e+00
   endloop
 endfacet
 facet normal  0.000000e+00  0.000000e+00  1.000000e+00
   outer loop
     vertex  1.530500e+02 -9.925347e+01  1.510000e+00
     vertex  1.512966e+02 -9.935702e+01  1.510000e+00
     vertex  1.531295e+02 -9.935702e+01  1.510000e+00
   endloop
 endfacet
 facet normal  0.000000e+00  0.000000e+00  1.000000e+00
   outer loop
     vertex  1.533536e+02 -9.948643e+01  1.510000e+00
     vertex  1.532330e+02 -9.943648e+01  1.510000e+00
     vertex  1.511930e+02 -9.943648e+01  1.510000e+00
   endloop
 endfacet
 facet normal  0.000000e+00  0.000000e+00  1.000000e+00
   outer loop
     vertex  1.533536e+02 -9.948643e+01  1.510000e+00
     vertex  1.511930e+02 -9.943648e+01  1.510000e+00
     vertex  1.510725e+02 -9.948643e+01  1.510000e+00
   endloop
 endfacet
 facet normal  0.000000e+00  0.000000e+00  1.000000e+00
   outer loop
     vertex  1.530001e+02 -9.913288e+01  1.510000e+00
     vertex  1.513761e+02 -9.925347e+01  1.510000e+00
     vertex  1.530500e+02 -9.925347e+01  1.510000e+00
   endloop
 endfacet
 facet normal  0.000000e+00  0.000000e+00  1.000000e+00
   outer loop
     vertex  1.530001e+02 -9.913288e+01  1.510000e+00
     vertex  1.514260e+02 -9.913288e+01  1.510000e+00
     vertex  1.513761e+02 -9.925347e+01  1.510000e+00
   endloop
 endfacet
 facet normal  0.000000e+00  0.000000e+00  1.000000e+00
   outer loop
     vertex  1.534830e+02 -9.950347e+01  1.510000e+00
     vertex  1.509430e+02 -9.950347e+01  1.510000e+00
     vertex  1.365040e+02 -1.149035e+02  1.510000e+00
   endloop
 endfacet
 facet normal  0.000000e+00  0.000000e+00  1.000000e+00
   outer loop
     vertex  1.534830e+02 -9.950347e+01  1.510000e+00
     vertex  1.533536e+02 -9.948643e+01  1.510000e+00
     vertex  1.510725e+02 -9.948643e+01  1.510000e+00
   endloop
 endfacet
 facet normal  0.000000e+00  0.000000e+00  1.000000e+00
   outer loop
     vertex  1.534830e+02 -9.950347e+01  1.510000e+00
     vertex  1.510725e+02 -9.948643e+01  1.510000e+00
     vertex  1.509430e+02 -9.950347e+01  1.510000e+00
   endloop
 endfacet
 facet normal  0.000000e+00  0.000000e+00  1.000000e+00
   outer loop
     vertex  1.534830e+02 -9.950347e+01  1.510000e+00
     vertex  1.365040e+02 -1.149035e+02  1.510000e+00
     vertex  1.365040e+02 -1.183035e+02  1.510000e+00
   endloop
 endfacet
 facet normal  0.000000e+00  0.000000e+00  1.000000e+00
   outer loop
     vertex  1.529830e+02 -9.900347e+01  1.510000e+00
     vertex  1.514430e+02 -9.900347e+01  1.510000e+00
     vertex  1.514260e+02 -9.913288e+01  1.510000e+00
   endloop
 endfacet
 facet normal  0.000000e+00  0.000000e+00  1.000000e+00
   outer loop
     vertex  1.529830e+02 -9.900347e+01  1.510000e+00
     vertex  1.514260e+02 -9.913288e+01  1.510000e+00
     vertex  1.530001e+02 -9.913288e+01  1.510000e+00
   endloop
 endfacet
 facet normal  0.000000e+00  0.000000e+00  1.000000e+00
   outer loop
     vertex  1.530001e+02 -9.887406e+01  1.510000e+00
     vertex  1.514260e+02 -9.887406e+01  1.510000e+00
     vertex  1.514430e+02 -9.900347e+01  1.510000e+00
   endloop
 endfacet
 facet normal  0.000000e+00  0.000000e+00  1.000000e+00
   outer loop
     vertex  1.530001e+02 -9.887406e+01  1.510000e+00
     vertex  1.514430e+02 -9.900347e+01  1.510000e+00
     vertex  1.529830e+02 -9.900347e+01  1.510000e+00
   endloop
 endfacet
 facet normal  0.000000e+00  0.000000e+00  1.000000e+00
   outer loop
     vertex  1.530500e+02 -9.875347e+01  1.510000e+00
     vertex  1.514260e+02 -9.887406e+01  1.510000e+00
     vertex  1.530001e+02 -9.887406e+01  1.510000e+00
   endloop
 endfacet
 facet normal  0.000000e+00  0.000000e+00  1.000000e+00
   outer loop
     vertex  1.530500e+02 -9.875347e+01  1.510000e+00
     vertex  1.513761e+02 -9.875347e+01  1.510000e+00
     vertex  1.514260e+02 -9.887406e+01  1.510000e+00
   endloop
 endfacet
 facet normal  0.000000e+00  0.000000e+00  1.000000e+00
   outer loop
     vertex  1.531295e+02 -9.864992e+01  1.510000e+00
     vertex  1.513761e+02 -9.875347e+01  1.510000e+00
     vertex  1.530500e+02 -9.875347e+01  1.510000e+00
   endloop
 endfacet
 facet normal  0.000000e+00  0.000000e+00  1.000000e+00
   outer loop
     vertex  1.531295e+02 -9.864992e+01  1.510000e+00
     vertex  1.512966e+02 -9.864992e+01  1.510000e+00
     vertex  1.513761e+02 -9.875347e+01  1.510000e+00
   endloop
 endfacet
 facet normal  0.000000e+00  0.000000e+00  1.000000e+00
   outer loop
     vertex  1.381040e+02 -8.344988e+01  1.510000e+00
     vertex  1.380212e+02 -8.338631e+01  1.510000e+00
     vertex  1.380212e+02 -8.482063e+01  1.510000e+00
   endloop
 endfacet
 facet normal  0.000000e+00  0.000000e+00  1.000000e+00
   outer loop
     vertex  1.381040e+02 -8.344988e+01  1.510000e+00
     vertex  1.380212e+02 -8.482063e+01  1.510000e+00
     vertex  1.381040e+02 -8.475706e+01  1.510000e+00
   endloop
 endfacet
 facet normal  0.000000e+00  0.000000e+00  1.000000e+00
   outer loop
     vertex  1.379576e+02 -8.330347e+01  1.510000e+00
     vertex  1.380212e+02 -8.482063e+01  1.510000e+00
     vertex  1.380212e+02 -8.338631e+01  1.510000e+00
   endloop
 endfacet
 facet normal  0.000000e+00  0.000000e+00  1.000000e+00
   outer loop
     vertex  1.379576e+02 -8.330347e+01  1.510000e+00
     vertex  1.348904e+02 -8.320700e+01  1.510000e+00
     vertex  1.348504e+02 -8.330347e+01  1.510000e+00
   endloop
 endfacet
 facet normal  0.000000e+00  0.000000e+00  1.000000e+00
   outer loop
     vertex  1.379576e+02 -8.330347e+01  1.510000e+00
     vertex  1.348504e+02 -8.490347e+01  1.510000e+00
     vertex  1.379576e+02 -8.490347e+01  1.510000e+00
   endloop
 endfacet
 facet normal  0.000000e+00  0.000000e+00  1.000000e+00
   outer loop
     vertex  1.379576e+02 -8.330347e+01  1.510000e+00
     vertex  1.379576e+02 -8.490347e+01  1.510000e+00
     vertex  1.380212e+02 -8.482063e+01  1.510000e+00
   endloop
 endfacet
 facet normal  0.000000e+00  0.000000e+00  1.000000e+00
   outer loop
     vertex  1.379576e+02 -8.330347e+01  1.510000e+00
     vertex  1.348504e+02 -8.330347e+01  1.510000e+00
     vertex  1.348504e+02 -8.490347e+01  1.510000e+00
   endloop
 endfacet
 facet normal  0.000000e+00  0.000000e+00  1.000000e+00
   outer loop
     vertex  1.532330e+02 -9.857046e+01  1.510000e+00
     vertex  1.512966e+02 -9.864992e+01  1.510000e+00
     vertex  1.531295e+02 -9.864992e+01  1.510000e+00
   endloop
 endfacet
 facet normal  0.000000e+00  0.000000e+00  1.000000e+00
   outer loop
     vertex  1.532330e+02 -9.857046e+01  1.510000e+00
     vertex  1.510725e+02 -9.852051e+01  1.510000e+00
     vertex  1.511930e+02 -9.857046e+01  1.510000e+00
   endloop
 endfacet
 facet normal  0.000000e+00  0.000000e+00  1.000000e+00
   outer loop
     vertex  1.532330e+02 -9.857046e+01  1.510000e+00
     vertex  1.511930e+02 -9.857046e+01  1.510000e+00
     vertex  1.512966e+02 -9.864992e+01  1.510000e+00
   endloop
 endfacet
 facet normal  0.000000e+00  0.000000e+00  1.000000e+00
   outer loop
     vertex  1.782363e+02 -1.235712e+02  1.510000e+00
     vertex  1.365040e+02 -1.217035e+02  1.510000e+00
     vertex  1.603180e+02 -1.414894e+02  1.510000e+00
   endloop
 endfacet
 facet normal  0.000000e+00  0.000000e+00  1.000000e+00
   outer loop
     vertex  1.379176e+02 -8.320700e+01  1.510000e+00
     vertex  1.348904e+02 -8.320700e+01  1.510000e+00
     vertex  1.379576e+02 -8.330347e+01  1.510000e+00
   endloop
 endfacet
 facet normal  0.000000e+00  0.000000e+00  1.000000e+00
   outer loop
     vertex  1.382005e+02 -8.348984e+01  1.510000e+00
     vertex  1.381040e+02 -8.344988e+01  1.510000e+00
     vertex  1.381040e+02 -8.475706e+01  1.510000e+00
   endloop
 endfacet
 facet normal  0.000000e+00  0.000000e+00  1.000000e+00
   outer loop
     vertex  1.382005e+02 -8.348984e+01  1.510000e+00
     vertex  1.381040e+02 -8.475706e+01  1.510000e+00
     vertex  1.382005e+02 -8.471710e+01  1.510000e+00
   endloop
 endfacet
 facet normal  0.000000e+00  0.000000e+00  1.000000e+00
   outer loop
     vertex  1.383040e+02 -8.350347e+01  1.510000e+00
     vertex  1.382005e+02 -8.348984e+01  1.510000e+00
     vertex  1.382005e+02 -8.471710e+01  1.510000e+00
   endloop
 endfacet
 facet normal  0.000000e+00  0.000000e+00  1.000000e+00
   outer loop
     vertex  1.383040e+02 -8.350347e+01  1.510000e+00
     vertex  1.382005e+02 -8.471710e+01  1.510000e+00
     vertex  1.383040e+02 -8.470347e+01  1.510000e+00
   endloop
 endfacet
 facet normal  0.000000e+00  0.000000e+00  1.000000e+00
   outer loop
     vertex  1.379040e+02 -8.310347e+01  1.510000e+00
     vertex  1.348904e+02 -8.320700e+01  1.510000e+00
     vertex  1.379176e+02 -8.320700e+01  1.510000e+00
   endloop
 endfacet
 facet normal  0.000000e+00  0.000000e+00  1.000000e+00
   outer loop
     vertex  1.379040e+02 -8.310347e+01  1.510000e+00
     vertex  1.349040e+02 -8.310347e+01  1.510000e+00
     vertex  1.348904e+02 -8.320700e+01  1.510000e+00
   endloop
 endfacet
 facet normal  0.000000e+00  0.000000e+00  1.000000e+00
   outer loop
     vertex  1.533536e+02 -9.852051e+01  1.510000e+00
     vertex  1.510725e+02 -9.852051e+01  1.510000e+00
     vertex  1.532330e+02 -9.857046e+01  1.510000e+00
   endloop
 endfacet
 facet normal  0.000000e+00  0.000000e+00  1.000000e+00
   outer loop
     vertex  1.384075e+02 -8.348984e+01  1.510000e+00
     vertex  1.383040e+02 -8.350347e+01  1.510000e+00
     vertex  1.383040e+02 -8.470347e+01  1.510000e+00
   endloop
 endfacet
 facet normal  0.000000e+00  0.000000e+00  1.000000e+00
   outer loop
     vertex  1.384075e+02 -8.348984e+01  1.510000e+00
     vertex  1.383040e+02 -8.470347e+01  1.510000e+00
     vertex  1.384075e+02 -8.471710e+01  1.510000e+00
   endloop
 endfacet
 facet normal  0.000000e+00  0.000000e+00  1.000000e+00
   outer loop
     vertex  1.379176e+02 -8.299994e+01  1.510000e+00
     vertex  1.349040e+02 -8.310347e+01  1.510000e+00
     vertex  1.379040e+02 -8.310347e+01  1.510000e+00
   endloop
 endfacet
 facet normal  0.000000e+00  0.000000e+00  1.000000e+00
   outer loop
     vertex  1.379176e+02 -8.299994e+01  1.510000e+00
     vertex  1.348904e+02 -8.299994e+01  1.510000e+00
     vertex  1.349040e+02 -8.310347e+01  1.510000e+00
   endloop
 endfacet
 facet normal  0.000000e+00  0.000000e+00  1.000000e+00
   outer loop
     vertex  1.534830e+02 -9.850347e+01  1.510000e+00
     vertex  1.509430e+02 -9.850347e+01  1.510000e+00
     vertex  1.510725e+02 -9.852051e+01  1.510000e+00
   endloop
 endfacet
 facet normal  0.000000e+00  0.000000e+00  1.000000e+00
   outer loop
     vertex  1.534830e+02 -9.850347e+01  1.510000e+00
     vertex  1.510725e+02 -9.852051e+01  1.510000e+00
     vertex  1.533536e+02 -9.852051e+01  1.510000e+00
   endloop
 endfacet
 facet normal  0.000000e+00  0.000000e+00  1.000000e+00
   outer loop
     vertex  1.534830e+02 -9.850347e+01  1.510000e+00
     vertex  1.387040e+02 -8.510347e+01  1.510000e+00
     vertex  1.509430e+02 -9.850347e+01  1.510000e+00
   endloop
 endfacet
 facet normal  0.000000e+00  0.000000e+00  1.000000e+00
   outer loop
     vertex  1.379576e+02 -8.290347e+01  1.510000e+00
     vertex  1.348504e+02 -8.130347e+01  1.510000e+00
     vertex  1.348504e+02 -8.290347e+01  1.510000e+00
   endloop
 endfacet
 facet normal  0.000000e+00  0.000000e+00  1.000000e+00
   outer loop
     vertex  1.379576e+02 -8.290347e+01  1.510000e+00
     vertex  1.348904e+02 -8.299994e+01  1.510000e+00
     vertex  1.379176e+02 -8.299994e+01  1.510000e+00
   endloop
 endfacet
 facet normal  0.000000e+00  0.000000e+00  1.000000e+00
   outer loop
     vertex  1.379576e+02 -8.290347e+01  1.510000e+00
     vertex  1.348504e+02 -8.290347e+01  1.510000e+00
     vertex  1.348904e+02 -8.299994e+01  1.510000e+00
   endloop
 endfacet
 facet normal  0.000000e+00  0.000000e+00  1.000000e+00
   outer loop
     vertex  1.385040e+02 -8.344988e+01  1.510000e+00
     vertex  1.384075e+02 -8.348984e+01  1.510000e+00
     vertex  1.384075e+02 -8.471710e+01  1.510000e+00
   endloop
 endfacet
 facet normal  0.000000e+00  0.000000e+00  1.000000e+00
   outer loop
     vertex  1.385040e+02 -8.344988e+01  1.510000e+00
     vertex  1.384075e+02 -8.471710e+01  1.510000e+00
     vertex  1.385040e+02 -8.475706e+01  1.510000e+00
   endloop
 endfacet
 facet normal  0.000000e+00  0.000000e+00  1.000000e+00
   outer loop
     vertex  1.385868e+02 -8.338631e+01  1.510000e+00
     vertex  1.385040e+02 -8.475706e+01  1.510000e+00
     vertex  1.385868e+02 -8.482063e+01  1.510000e+00
   endloop
 endfacet
 facet normal  0.000000e+00  0.000000e+00  1.000000e+00
   outer loop
     vertex  1.385868e+02 -8.338631e+01  1.510000e+00
     vertex  1.385040e+02 -8.344988e+01  1.510000e+00
     vertex  1.385040e+02 -8.475706e+01  1.510000e+00
   endloop
 endfacet
 facet normal  0.000000e+00  0.000000e+00  1.000000e+00
   outer loop
     vertex  1.386504e+02 -8.330347e+01  1.510000e+00
     vertex  1.385868e+02 -8.338631e+01  1.510000e+00
     vertex  1.385868e+02 -8.482063e+01  1.510000e+00
   endloop
 endfacet
 facet normal  0.000000e+00  0.000000e+00  1.000000e+00
   outer loop
     vertex  1.386504e+02 -8.330347e+01  1.510000e+00
     vertex  1.385868e+02 -8.482063e+01  1.510000e+00
     vertex  1.386504e+02 -8.490347e+01  1.510000e+00
   endloop
 endfacet
 facet normal  0.000000e+00  0.000000e+00  1.000000e+00
   outer loop
     vertex  1.386904e+02 -8.320700e+01  1.510000e+00
     vertex  1.386504e+02 -8.330347e+01  1.510000e+00
     vertex  1.386504e+02 -8.490347e+01  1.510000e+00
   endloop
 endfacet
 facet normal  0.000000e+00  0.000000e+00  1.000000e+00
   outer loop
     vertex  1.386904e+02 -8.320700e+01  1.510000e+00
     vertex  1.386504e+02 -8.490347e+01  1.510000e+00
     vertex  1.386904e+02 -8.499994e+01  1.510000e+00
   endloop
 endfacet
 facet normal  0.000000e+00  0.000000e+00  1.000000e+00
   outer loop
     vertex  1.387040e+02 -8.310347e+01  1.510000e+00
     vertex  1.386904e+02 -8.320700e+01  1.510000e+00
     vertex  1.386904e+02 -8.499994e+01  1.510000e+00
   endloop
 endfacet
 facet normal  0.000000e+00  0.000000e+00  1.000000e+00
   outer loop
     vertex  1.387040e+02 -8.310347e+01  1.510000e+00
     vertex  1.386904e+02 -8.499994e+01  1.510000e+00
     vertex  1.387040e+02 -8.510347e+01  1.510000e+00
   endloop
 endfacet
 facet normal  0.000000e+00  0.000000e+00  1.000000e+00
   outer loop
     vertex  1.387040e+02 -8.310347e+01  1.510000e+00
     vertex  1.387040e+02 -8.510347e+01  1.510000e+00
     vertex  1.534830e+02 -9.850347e+01  1.510000e+00
   endloop
 endfacet
 facet normal  0.000000e+00  0.000000e+00  1.000000e+00
   outer loop
     vertex  1.556695e+02 -9.935702e+01  1.510000e+00
     vertex  1.539161e+02 -9.925347e+01  1.510000e+00
     vertex  1.538366e+02 -9.935702e+01  1.510000e+00
   endloop
 endfacet
 facet normal  0.000000e+00  0.000000e+00  1.000000e+00
   outer loop
     vertex  1.557731e+02 -9.943648e+01  1.510000e+00
     vertex  1.556695e+02 -9.935702e+01  1.510000e+00
     vertex  1.538366e+02 -9.935702e+01  1.510000e+00
   endloop
 endfacet
 facet normal  0.000000e+00  0.000000e+00  1.000000e+00
   outer loop
     vertex  1.557731e+02 -9.943648e+01  1.510000e+00
     vertex  1.538366e+02 -9.935702e+01  1.510000e+00
     vertex  1.537330e+02 -9.943648e+01  1.510000e+00
   endloop
 endfacet
 facet normal  0.000000e+00  0.000000e+00  1.000000e+00
   outer loop
     vertex  1.555900e+02 -9.925347e+01  1.510000e+00
     vertex  1.539161e+02 -9.925347e+01  1.510000e+00
     vertex  1.556695e+02 -9.935702e+01  1.510000e+00
   endloop
 endfacet
 facet normal  0.000000e+00  0.000000e+00  1.000000e+00
   outer loop
     vertex  1.558936e+02 -9.948643e+01  1.510000e+00
     vertex  1.557731e+02 -9.943648e+01  1.510000e+00
     vertex  1.537330e+02 -9.943648e+01  1.510000e+00
   endloop
 endfacet
 facet normal  0.000000e+00  0.000000e+00  1.000000e+00
   outer loop
     vertex  1.558936e+02 -9.948643e+01  1.510000e+00
     vertex  1.537330e+02 -9.943648e+01  1.510000e+00
     vertex  1.536125e+02 -9.948643e+01  1.510000e+00
   endloop
 endfacet
 facet normal  0.000000e+00  0.000000e+00  1.000000e+00
   outer loop
     vertex  1.555401e+02 -9.913288e+01  1.510000e+00
     vertex  1.539161e+02 -9.925347e+01  1.510000e+00
     vertex  1.555900e+02 -9.925347e+01  1.510000e+00
   endloop
 endfacet
 facet normal  0.000000e+00  0.000000e+00  1.000000e+00
   outer loop
     vertex  1.555401e+02 -9.913288e+01  1.510000e+00
     vertex  1.539660e+02 -9.913288e+01  1.510000e+00
     vertex  1.539161e+02 -9.925347e+01  1.510000e+00
   endloop
 endfacet
 facet normal  0.000000e+00  0.000000e+00  1.000000e+00
   outer loop
     vertex  1.560231e+02 -9.950347e+01  1.510000e+00
     vertex  1.558936e+02 -9.948643e+01  1.510000e+00
     vertex  1.536125e+02 -9.948643e+01  1.510000e+00
   endloop
 endfacet
 facet normal  0.000000e+00  0.000000e+00  1.000000e+00
   outer loop
     vertex  1.560231e+02 -9.950347e+01  1.510000e+00
     vertex  1.534830e+02 -9.950347e+01  1.510000e+00
     vertex  1.365040e+02 -1.183035e+02  1.510000e+00
   endloop
 endfacet
 facet normal  0.000000e+00  0.000000e+00  1.000000e+00
   outer loop
     vertex  1.560231e+02 -9.950347e+01  1.510000e+00
     vertex  1.536125e+02 -9.948643e+01  1.510000e+00
     vertex  1.534830e+02 -9.950347e+01  1.510000e+00
   endloop
 endfacet
 facet normal  0.000000e+00  0.000000e+00  1.000000e+00
   outer loop
     vertex  1.560231e+02 -9.950347e+01  1.510000e+00
     vertex  1.365040e+02 -1.183035e+02  1.510000e+00
     vertex  1.365040e+02 -1.217035e+02  1.510000e+00
   endloop
 endfacet
 facet normal  0.000000e+00  0.000000e+00  1.000000e+00
   outer loop
     vertex  1.555231e+02 -9.900347e+01  1.510000e+00
     vertex  1.539660e+02 -9.913288e+01  1.510000e+00
     vertex  1.555401e+02 -9.913288e+01  1.510000e+00
   endloop
 endfacet
 facet normal  0.000000e+00  0.000000e+00  1.000000e+00
   outer loop
     vertex  1.555231e+02 -9.900347e+01  1.510000e+00
     vertex  1.539660e+02 -9.887406e+01  1.510000e+00
     vertex  1.539830e+02 -9.900347e+01  1.510000e+00
   endloop
 endfacet
 facet normal  0.000000e+00  0.000000e+00  1.000000e+00
   outer loop
     vertex  1.555231e+02 -9.900347e+01  1.510000e+00
     vertex  1.539830e+02 -9.900347e+01  1.510000e+00
     vertex  1.539660e+02 -9.913288e+01  1.510000e+00
   endloop
 endfacet
 facet normal  0.000000e+00  0.000000e+00  1.000000e+00
   outer loop
     vertex  1.381040e+02 -8.144988e+01  1.510000e+00
     vertex  1.380212e+02 -8.282063e+01  1.510000e+00
     vertex  1.381040e+02 -8.275706e+01  1.510000e+00
   endloop
 endfacet
 facet normal  0.000000e+00  0.000000e+00  1.000000e+00
   outer loop
     vertex  1.381040e+02 -8.144988e+01  1.510000e+00
     vertex  1.380212e+02 -8.138631e+01  1.510000e+00
     vertex  1.380212e+02 -8.282063e+01  1.510000e+00
   endloop
 endfacet
 facet normal  0.000000e+00  0.000000e+00  1.000000e+00
   outer loop
     vertex  1.379576e+02 -8.130347e+01  1.510000e+00
     vertex  1.379576e+02 -8.290347e+01  1.510000e+00
     vertex  1.380212e+02 -8.282063e+01  1.510000e+00
   endloop
 endfacet
 facet normal  0.000000e+00  0.000000e+00  1.000000e+00
   outer loop
     vertex  1.379576e+02 -8.130347e+01  1.510000e+00
     vertex  1.380212e+02 -8.282063e+01  1.510000e+00
     vertex  1.380212e+02 -8.138631e+01  1.510000e+00
   endloop
 endfacet
 facet normal  0.000000e+00  0.000000e+00  1.000000e+00
   outer loop
     vertex  1.379576e+02 -8.130347e+01  1.510000e+00
     vertex  1.348504e+02 -8.130347e+01  1.510000e+00
     vertex  1.379576e+02 -8.290347e+01  1.510000e+00
   endloop
 endfacet
 facet normal  0.000000e+00  0.000000e+00  1.000000e+00
   outer loop
     vertex  1.379576e+02 -8.130347e+01  1.510000e+00
     vertex  1.348904e+02 -8.120700e+01  1.510000e+00
     vertex  1.348504e+02 -8.130347e+01  1.510000e+00
   endloop
 endfacet
 facet normal  0.000000e+00  0.000000e+00  1.000000e+00
   outer loop
     vertex  1.555401e+02 -9.887406e+01  1.510000e+00
     vertex  1.539660e+02 -9.887406e+01  1.510000e+00
     vertex  1.555231e+02 -9.900347e+01  1.510000e+00
   endloop
 endfacet
 facet normal  0.000000e+00  0.000000e+00  1.000000e+00
   outer loop
     vertex  1.379176e+02 -8.120700e+01  1.510000e+00
     vertex  1.348904e+02 -8.120700e+01  1.510000e+00
     vertex  1.379576e+02 -8.130347e+01  1.510000e+00
   endloop
 endfacet
 facet normal  0.000000e+00  0.000000e+00  1.000000e+00
   outer loop
     vertex  1.382005e+02 -8.148984e+01  1.510000e+00
     vertex  1.381040e+02 -8.275706e+01  1.510000e+00
     vertex  1.382005e+02 -8.271710e+01  1.510000e+00
   endloop
 endfacet
 facet normal  0.000000e+00  0.000000e+00  1.000000e+00
   outer loop
     vertex  1.382005e+02 -8.148984e+01  1.510000e+00
     vertex  1.381040e+02 -8.144988e+01  1.510000e+00
     vertex  1.381040e+02 -8.275706e+01  1.510000e+00
   endloop
 endfacet
 facet normal  0.000000e+00  0.000000e+00  1.000000e+00
   outer loop
     vertex  1.383040e+02 -8.150347e+01  1.510000e+00
     vertex  1.382005e+02 -8.271710e+01  1.510000e+00
     vertex  1.383040e+02 -8.270347e+01  1.510000e+00
   endloop
 endfacet
 facet normal  0.000000e+00  0.000000e+00  1.000000e+00
   outer loop
     vertex  1.383040e+02 -8.150347e+01  1.510000e+00
     vertex  1.382005e+02 -8.148984e+01  1.510000e+00
     vertex  1.382005e+02 -8.271710e+01  1.510000e+00
   endloop
 endfacet
 facet normal  0.000000e+00  0.000000e+00  1.000000e+00
   outer loop
     vertex  1.379040e+02 -8.110347e+01  1.510000e+00
     vertex  1.348904e+02 -8.120700e+01  1.510000e+00
     vertex  1.379176e+02 -8.120700e+01  1.510000e+00
   endloop
 endfacet
 facet normal  0.000000e+00  0.000000e+00  1.000000e+00
   outer loop
     vertex  1.379040e+02 -8.110347e+01  1.510000e+00
     vertex  1.349040e+02 -8.110347e+01  1.510000e+00
     vertex  1.348904e+02 -8.120700e+01  1.510000e+00
   endloop
 endfacet
 facet normal  0.000000e+00  0.000000e+00  1.000000e+00
   outer loop
     vertex  1.555900e+02 -9.875347e+01  1.510000e+00
     vertex  1.539660e+02 -9.887406e+01  1.510000e+00
     vertex  1.555401e+02 -9.887406e+01  1.510000e+00
   endloop
 endfacet
 facet normal  0.000000e+00  0.000000e+00  1.000000e+00
   outer loop
     vertex  1.555900e+02 -9.875347e+01  1.510000e+00
     vertex  1.539161e+02 -9.875347e+01  1.510000e+00
     vertex  1.539660e+02 -9.887406e+01  1.510000e+00
   endloop
 endfacet
 facet normal  0.000000e+00  0.000000e+00  1.000000e+00
   outer loop
     vertex  1.384075e+02 -8.148984e+01  1.510000e+00
     vertex  1.383040e+02 -8.270347e+01  1.510000e+00
     vertex  1.384075e+02 -8.271710e+01  1.510000e+00
   endloop
 endfacet
 facet normal  0.000000e+00  0.000000e+00  1.000000e+00
   outer loop
     vertex  1.384075e+02 -8.148984e+01  1.510000e+00
     vertex  1.383040e+02 -8.150347e+01  1.510000e+00
     vertex  1.383040e+02 -8.270347e+01  1.510000e+00
   endloop
 endfacet
 facet normal  0.000000e+00  0.000000e+00  1.000000e+00
   outer loop
     vertex  1.379176e+02 -8.099994e+01  1.510000e+00
     vertex  1.349040e+02 -8.110347e+01  1.510000e+00
     vertex  1.379040e+02 -8.110347e+01  1.510000e+00
   endloop
 endfacet
 facet normal  0.000000e+00  0.000000e+00  1.000000e+00
   outer loop
     vertex  1.379176e+02 -8.099994e+01  1.510000e+00
     vertex  1.348504e+02 -8.090347e+01  1.510000e+00
     vertex  1.348904e+02 -8.099994e+01  1.510000e+00
   endloop
 endfacet
 facet normal  0.000000e+00  0.000000e+00  1.000000e+00
   outer loop
     vertex  1.379176e+02 -8.099994e+01  1.510000e+00
     vertex  1.348904e+02 -8.099994e+01  1.510000e+00
     vertex  1.349040e+02 -8.110347e+01  1.510000e+00
   endloop
 endfacet
 facet normal  0.000000e+00  0.000000e+00  1.000000e+00
   outer loop
     vertex  1.556695e+02 -9.864992e+01  1.510000e+00
     vertex  1.538366e+02 -9.864992e+01  1.510000e+00
     vertex  1.539161e+02 -9.875347e+01  1.510000e+00
   endloop
 endfacet
 facet normal  0.000000e+00  0.000000e+00  1.000000e+00
   outer loop
     vertex  1.556695e+02 -9.864992e+01  1.510000e+00
     vertex  1.539161e+02 -9.875347e+01  1.510000e+00
     vertex  1.555900e+02 -9.875347e+01  1.510000e+00
   endloop
 endfacet
 facet normal  0.000000e+00  0.000000e+00  1.000000e+00
   outer loop
     vertex  1.385040e+02 -8.144988e+01  1.510000e+00
     vertex  1.384075e+02 -8.271710e+01  1.510000e+00
     vertex  1.385040e+02 -8.275706e+01  1.510000e+00
   endloop
 endfacet
 facet normal  0.000000e+00  0.000000e+00  1.000000e+00
   outer loop
     vertex  1.385040e+02 -8.144988e+01  1.510000e+00
     vertex  1.384075e+02 -8.148984e+01  1.510000e+00
     vertex  1.384075e+02 -8.271710e+01  1.510000e+00
   endloop
 endfacet
 facet normal  0.000000e+00  0.000000e+00  1.000000e+00
   outer loop
     vertex  1.379576e+02 -8.090347e+01  1.510000e+00
     vertex  1.348504e+02 -8.090347e+01  1.510000e+00
     vertex  1.379176e+02 -8.099994e+01  1.510000e+00
   endloop
 endfacet
 facet normal  0.000000e+00  0.000000e+00  1.000000e+00
   outer loop
     vertex  1.379576e+02 -8.090347e+01  1.510000e+00
     vertex  1.347868e+02 -8.082063e+01  1.510000e+00
     vertex  1.348504e+02 -8.090347e+01  1.510000e+00
   endloop
 endfacet
 facet normal  0.000000e+00  0.000000e+00  1.000000e+00
   outer loop
     vertex  1.385868e+02 -8.138631e+01  1.510000e+00
     vertex  1.385040e+02 -8.275706e+01  1.510000e+00
     vertex  1.385868e+02 -8.282063e+01  1.510000e+00
   endloop
 endfacet
 facet normal  0.000000e+00  0.000000e+00  1.000000e+00
   outer loop
     vertex  1.385868e+02 -8.138631e+01  1.510000e+00
     vertex  1.385040e+02 -8.144988e+01  1.510000e+00
     vertex  1.385040e+02 -8.275706e+01  1.510000e+00
   endloop
 endfacet
 facet normal  0.000000e+00  0.000000e+00  1.000000e+00
   outer loop
     vertex  1.380212e+02 -8.082063e+01  1.510000e+00
     vertex  1.347868e+02 -8.082063e+01  1.510000e+00
     vertex  1.379576e+02 -8.090347e+01  1.510000e+00
   endloop
 endfacet
 facet normal  0.000000e+00  0.000000e+00  1.000000e+00
   outer loop
     vertex  1.557731e+02 -9.857046e+01  1.510000e+00
     vertex  1.538366e+02 -9.864992e+01  1.510000e+00
     vertex  1.556695e+02 -9.864992e+01  1.510000e+00
   endloop
 endfacet
 facet normal  0.000000e+00  0.000000e+00  1.000000e+00
   outer loop
     vertex  1.557731e+02 -9.857046e+01  1.510000e+00
     vertex  1.537330e+02 -9.857046e+01  1.510000e+00
     vertex  1.538366e+02 -9.864992e+01  1.510000e+00
   endloop
 endfacet
 facet normal  0.000000e+00  0.000000e+00  1.000000e+00
   outer loop
     vertex  1.386504e+02 -8.130347e+01  1.510000e+00
     vertex  1.385868e+02 -8.282063e+01  1.510000e+00
     vertex  1.386504e+02 -8.290347e+01  1.510000e+00
   endloop
 endfacet
 facet normal  0.000000e+00  0.000000e+00  1.000000e+00
   outer loop
     vertex  1.386504e+02 -8.130347e+01  1.510000e+00
     vertex  1.385868e+02 -8.138631e+01  1.510000e+00
     vertex  1.385868e+02 -8.282063e+01  1.510000e+00
   endloop
 endfacet
 facet normal  0.000000e+00  0.000000e+00  1.000000e+00
   outer loop
     vertex  1.381040e+02 -8.075706e+01  1.510000e+00
     vertex  1.347040e+02 -8.075706e+01  1.510000e+00
     vertex  1.347868e+02 -8.082063e+01  1.510000e+00
   endloop
 endfacet
 facet normal  0.000000e+00  0.000000e+00  1.000000e+00
   outer loop
     vertex  1.381040e+02 -8.075706e+01  1.510000e+00
     vertex  1.347868e+02 -8.082063e+01  1.510000e+00
     vertex  1.380212e+02 -8.082063e+01  1.510000e+00
   endloop
 endfacet
 facet normal  0.000000e+00  0.000000e+00  1.000000e+00
   outer loop
     vertex  1.558936e+02 -9.852051e+01  1.510000e+00
     vertex  1.534830e+02 -9.850347e+01  1.510000e+00
     vertex  1.536125e+02 -9.852051e+01  1.510000e+00
   endloop
 endfacet
 facet normal  0.000000e+00  0.000000e+00  1.000000e+00
   outer loop
     vertex  1.558936e+02 -9.852051e+01  1.510000e+00
     vertex  1.536125e+02 -9.852051e+01  1.510000e+00
     vertex  1.537330e+02 -9.857046e+01  1.510000e+00
   endloop
 endfacet
 facet normal  0.000000e+00  0.000000e+00  1.000000e+00
   outer loop
     vertex  1.558936e+02 -9.852051e+01  1.510000e+00
     vertex  1.537330e+02 -9.857046e+01  1.510000e+00
     vertex  1.557731e+02 -9.857046e+01  1.510000e+00
   endloop
 endfacet
 facet normal  0.000000e+00  0.000000e+00  1.000000e+00
   outer loop
     vertex  1.386904e+02 -8.120700e+01  1.510000e+00
     vertex  1.386504e+02 -8.290347e+01  1.510000e+00
     vertex  1.386904e+02 -8.299994e+01  1.510000e+00
   endloop
 endfacet
 facet normal  0.000000e+00  0.000000e+00  1.000000e+00
   outer loop
     vertex  1.386904e+02 -8.120700e+01  1.510000e+00
     vertex  1.386504e+02 -8.130347e+01  1.510000e+00
     vertex  1.386504e+02 -8.290347e+01  1.510000e+00
   endloop
 endfacet
 facet normal  0.000000e+00  0.000000e+00  1.000000e+00
   outer loop
     vertex  1.560231e+02 -9.850347e+01  1.510000e+00
     vertex  1.387040e+02 -8.310347e+01  1.510000e+00
     vertex  1.534830e+02 -9.850347e+01  1.510000e+00
   endloop
 endfacet
 facet normal  0.000000e+00  0.000000e+00  1.000000e+00
   outer loop
     vertex  1.560231e+02 -9.850347e+01  1.510000e+00
     vertex  1.534830e+02 -9.850347e+01  1.510000e+00
     vertex  1.558936e+02 -9.852051e+01  1.510000e+00
   endloop
 endfacet
 facet normal  0.000000e+00  0.000000e+00  1.000000e+00
   outer loop
     vertex  1.387040e+02 -8.110347e+01  1.510000e+00
     vertex  1.386904e+02 -8.299994e+01  1.510000e+00
     vertex  1.387040e+02 -8.310347e+01  1.510000e+00
   endloop
 endfacet
 facet normal  0.000000e+00  0.000000e+00  1.000000e+00
   outer loop
     vertex  1.387040e+02 -8.110347e+01  1.510000e+00
     vertex  1.386904e+02 -8.120700e+01  1.510000e+00
     vertex  1.386904e+02 -8.299994e+01  1.510000e+00
   endloop
 endfacet
 facet normal  0.000000e+00  0.000000e+00  1.000000e+00
   outer loop
     vertex  1.582095e+02 -9.935702e+01  1.510000e+00
     vertex  1.564561e+02 -9.925347e+01  1.510000e+00
     vertex  1.563766e+02 -9.935702e+01  1.510000e+00
   endloop
 endfacet
 facet normal  0.000000e+00  0.000000e+00  1.000000e+00
   outer loop
     vertex  1.582095e+02 -9.935702e+01  1.510000e+00
     vertex  1.563766e+02 -9.935702e+01  1.510000e+00
     vertex  1.562731e+02 -9.943648e+01  1.510000e+00
   endloop
 endfacet
 facet normal  0.000000e+00  0.000000e+00  1.000000e+00
   outer loop
     vertex  1.583131e+02 -9.943648e+01  1.510000e+00
     vertex  1.582095e+02 -9.935702e+01  1.510000e+00
     vertex  1.562731e+02 -9.943648e+01  1.510000e+00
   endloop
 endfacet
 facet normal  0.000000e+00  0.000000e+00  1.000000e+00
   outer loop
     vertex  1.583131e+02 -9.943648e+01  1.510000e+00
     vertex  1.562731e+02 -9.943648e+01  1.510000e+00
     vertex  1.561525e+02 -9.948643e+01  1.510000e+00
   endloop
 endfacet
 facet normal  0.000000e+00  0.000000e+00  1.000000e+00
   outer loop
     vertex  1.581300e+02 -9.925347e+01  1.510000e+00
     vertex  1.564561e+02 -9.925347e+01  1.510000e+00
     vertex  1.582095e+02 -9.935702e+01  1.510000e+00
   endloop
 endfacet
 facet normal  0.000000e+00  0.000000e+00  1.000000e+00
   outer loop
     vertex  1.584336e+02 -9.948643e+01  1.510000e+00
     vertex  1.583131e+02 -9.943648e+01  1.510000e+00
     vertex  1.561525e+02 -9.948643e+01  1.510000e+00
   endloop
 endfacet
 facet normal  0.000000e+00  0.000000e+00  1.000000e+00
   outer loop
     vertex  1.580801e+02 -9.913288e+01  1.510000e+00
     vertex  1.564561e+02 -9.925347e+01  1.510000e+00
     vertex  1.581300e+02 -9.925347e+01  1.510000e+00
   endloop
 endfacet
 facet normal  0.000000e+00  0.000000e+00  1.000000e+00
   outer loop
     vertex  1.580801e+02 -9.913288e+01  1.510000e+00
     vertex  1.565231e+02 -9.900347e+01  1.510000e+00
     vertex  1.565060e+02 -9.913288e+01  1.510000e+00
   endloop
 endfacet
 facet normal  0.000000e+00  0.000000e+00  1.000000e+00
   outer loop
     vertex  1.580801e+02 -9.913288e+01  1.510000e+00
     vertex  1.565060e+02 -9.913288e+01  1.510000e+00
     vertex  1.564561e+02 -9.925347e+01  1.510000e+00
   endloop
 endfacet
 facet normal  0.000000e+00  0.000000e+00  1.000000e+00
   outer loop
     vertex  1.585631e+02 -9.950347e+01  1.510000e+00
     vertex  1.584336e+02 -9.948643e+01  1.510000e+00
     vertex  1.561525e+02 -9.948643e+01  1.510000e+00
   endloop
 endfacet
 facet normal  0.000000e+00  0.000000e+00  1.000000e+00
   outer loop
     vertex  1.585631e+02 -9.950347e+01  1.510000e+00
     vertex  1.561525e+02 -9.948643e+01  1.510000e+00
     vertex  1.560231e+02 -9.950347e+01  1.510000e+00
   endloop
 endfacet
 facet normal  0.000000e+00  0.000000e+00  1.000000e+00
   outer loop
     vertex  1.585631e+02 -9.950347e+01  1.510000e+00
     vertex  1.560231e+02 -9.950347e+01  1.510000e+00
     vertex  1.365040e+02 -1.217035e+02  1.510000e+00
   endloop
 endfacet
 facet normal  0.000000e+00  0.000000e+00  1.000000e+00
   outer loop
     vertex  1.585631e+02 -9.950347e+01  1.510000e+00
     vertex  1.365040e+02 -1.217035e+02  1.510000e+00
     vertex  1.782363e+02 -1.235712e+02  1.510000e+00
   endloop
 endfacet
 facet normal  0.000000e+00  0.000000e+00  1.000000e+00
   outer loop
     vertex  1.580631e+02 -9.900347e+01  1.510000e+00
     vertex  1.565231e+02 -9.900347e+01  1.510000e+00
     vertex  1.580801e+02 -9.913288e+01  1.510000e+00
   endloop
 endfacet
 facet normal  0.000000e+00  0.000000e+00  1.000000e+00
   outer loop
     vertex  1.580631e+02 -9.900347e+01  1.510000e+00
     vertex  1.565060e+02 -9.887406e+01  1.510000e+00
     vertex  1.565231e+02 -9.900347e+01  1.510000e+00
   endloop
 endfacet
 facet normal  0.000000e+00  0.000000e+00  1.000000e+00
   outer loop
     vertex  1.580801e+02 -9.887406e+01  1.510000e+00
     vertex  1.565060e+02 -9.887406e+01  1.510000e+00
     vertex  1.580631e+02 -9.900347e+01  1.510000e+00
   endloop
 endfacet
 facet normal  0.000000e+00  0.000000e+00  1.000000e+00
   outer loop
     vertex  1.581300e+02 -9.875347e+01  1.510000e+00
     vertex  1.563766e+02 -9.864992e+01  1.510000e+00
     vertex  1.564561e+02 -9.875347e+01  1.510000e+00
   endloop
 endfacet
 facet normal  0.000000e+00  0.000000e+00  1.000000e+00
   outer loop
     vertex  1.581300e+02 -9.875347e+01  1.510000e+00
     vertex  1.564561e+02 -9.875347e+01  1.510000e+00
     vertex  1.565060e+02 -9.887406e+01  1.510000e+00
   endloop
 endfacet
 facet normal  0.000000e+00  0.000000e+00  1.000000e+00
   outer loop
     vertex  1.581300e+02 -9.875347e+01  1.510000e+00
     vertex  1.565060e+02 -9.887406e+01  1.510000e+00
     vertex  1.580801e+02 -9.887406e+01  1.510000e+00
   endloop
 endfacet
 facet normal  0.000000e+00  0.000000e+00  1.000000e+00
   outer loop
     vertex  1.582095e+02 -9.864992e+01  1.510000e+00
     vertex  1.562731e+02 -9.857046e+01  1.510000e+00
     vertex  1.563766e+02 -9.864992e+01  1.510000e+00
   endloop
 endfacet
 facet normal  0.000000e+00  0.000000e+00  1.000000e+00
   outer loop
     vertex  1.582095e+02 -9.864992e+01  1.510000e+00
     vertex  1.563766e+02 -9.864992e+01  1.510000e+00
     vertex  1.581300e+02 -9.875347e+01  1.510000e+00
   endloop
 endfacet
 facet normal  0.000000e+00  0.000000e+00  1.000000e+00
   outer loop
     vertex  1.583131e+02 -9.857046e+01  1.510000e+00
     vertex  1.562731e+02 -9.857046e+01  1.510000e+00
     vertex  1.582095e+02 -9.864992e+01  1.510000e+00
   endloop
 endfacet
 facet normal  0.000000e+00  0.000000e+00  1.000000e+00
   outer loop
     vertex  1.584336e+02 -9.852051e+01  1.510000e+00
     vertex  1.560231e+02 -9.850347e+01  1.510000e+00
     vertex  1.561525e+02 -9.852051e+01  1.510000e+00
   endloop
 endfacet
 facet normal  0.000000e+00  0.000000e+00  1.000000e+00
   outer loop
     vertex  1.584336e+02 -9.852051e+01  1.510000e+00
     vertex  1.561525e+02 -9.852051e+01  1.510000e+00
     vertex  1.562731e+02 -9.857046e+01  1.510000e+00
   endloop
 endfacet
 facet normal  0.000000e+00  0.000000e+00  1.000000e+00
   outer loop
     vertex  1.584336e+02 -9.852051e+01  1.510000e+00
     vertex  1.562731e+02 -9.857046e+01  1.510000e+00
     vertex  1.583131e+02 -9.857046e+01  1.510000e+00
   endloop
 endfacet
 facet normal  0.000000e+00  0.000000e+00  1.000000e+00
   outer loop
     vertex  1.585631e+02 -9.850347e+01  1.510000e+00
     vertex  1.560231e+02 -9.850347e+01  1.510000e+00
     vertex  1.584336e+02 -9.852051e+01  1.510000e+00
   endloop
 endfacet
 facet normal  0.000000e+00  0.000000e+00  1.000000e+00
   outer loop
     vertex  1.327404e+02 -7.222825e+01  1.510000e+00
     vertex  1.312698e+02 -8.884157e+01  1.510000e+00
     vertex  1.341040e+02 -8.110347e+01  1.510000e+00
   endloop
 endfacet
 facet normal  0.000000e+00  0.000000e+00  1.000000e+00
   outer loop
     vertex  1.327404e+02 -7.222825e+01  1.510000e+00
     vertex  1.341040e+02 -8.110347e+01  1.510000e+00
     vertex  1.341176e+02 -8.099994e+01  1.510000e+00
   endloop
 endfacet
 facet normal  0.000000e+00  0.000000e+00  1.000000e+00
   outer loop
     vertex  1.327404e+02 -7.222825e+01  1.510000e+00
     vertex  1.341176e+02 -8.099994e+01  1.510000e+00
     vertex  1.341576e+02 -8.090347e+01  1.510000e+00
   endloop
 endfacet
 facet normal  0.000000e+00  0.000000e+00  1.000000e+00
   outer loop
     vertex  1.339352e+02 -7.342308e+01  1.510000e+00
     vertex  1.341576e+02 -8.090347e+01  1.510000e+00
     vertex  1.342212e+02 -8.082063e+01  1.510000e+00
   endloop
 endfacet
 facet normal  0.000000e+00  0.000000e+00  1.000000e+00
   outer loop
     vertex  1.339352e+02 -7.342308e+01  1.510000e+00
     vertex  1.342212e+02 -8.082063e+01  1.510000e+00
     vertex  1.343040e+02 -8.075706e+01  1.510000e+00
   endloop
 endfacet
 facet normal  0.000000e+00  0.000000e+00  1.000000e+00
   outer loop
     vertex  1.339352e+02 -7.342308e+01  1.510000e+00
     vertex  1.343040e+02 -8.075706e+01  1.510000e+00
     vertex  1.344005e+02 -8.071710e+01  1.510000e+00
   endloop
 endfacet
 facet normal  0.000000e+00  0.000000e+00  1.000000e+00
   outer loop
     vertex  1.339352e+02 -7.342308e+01  1.510000e+00
     vertex  1.344005e+02 -8.071710e+01  1.510000e+00
     vertex  1.345040e+02 -8.070347e+01  1.510000e+00
   endloop
 endfacet
 facet normal  0.000000e+00  0.000000e+00  1.000000e+00
   outer loop
     vertex  1.339352e+02 -7.342308e+01  1.510000e+00
     vertex  1.327404e+02 -7.222825e+01  1.510000e+00
     vertex  1.341576e+02 -8.090347e+01  1.510000e+00
   endloop
 endfacet
 facet normal  0.000000e+00  0.000000e+00  1.000000e+00
   outer loop
     vertex  1.350298e+02 -7.342308e+01  1.510000e+00
     vertex  1.381040e+02 -8.075706e+01  1.510000e+00
     vertex  1.382005e+02 -8.071710e+01  1.510000e+00
   endloop
 endfacet
 facet normal  0.000000e+00  0.000000e+00  1.000000e+00
   outer loop
     vertex  1.350298e+02 -7.342308e+01  1.510000e+00
     vertex  1.382005e+02 -8.071710e+01  1.510000e+00
     vertex  1.383040e+02 -8.070347e+01  1.510000e+00
   endloop
 endfacet
 facet normal  0.000000e+00  0.000000e+00  1.000000e+00
   outer loop
     vertex  1.350298e+02 -7.342308e+01  1.510000e+00
     vertex  1.383040e+02 -8.070347e+01  1.510000e+00
     vertex  1.384075e+02 -8.071710e+01  1.510000e+00
   endloop
 endfacet
 facet normal  0.000000e+00  0.000000e+00  1.000000e+00
   outer loop
     vertex  1.350298e+02 -7.342308e+01  1.510000e+00
     vertex  1.384075e+02 -8.071710e+01  1.510000e+00
     vertex  1.385040e+02 -8.075706e+01  1.510000e+00
   endloop
 endfacet
 facet normal  0.000000e+00  0.000000e+00  1.000000e+00
   outer loop
     vertex  1.350298e+02 -7.342308e+01  1.510000e+00
     vertex  1.339352e+02 -7.342308e+01  1.510000e+00
     vertex  1.345040e+02 -8.070347e+01  1.510000e+00
   endloop
 endfacet
 facet normal  0.000000e+00  0.000000e+00  1.000000e+00
   outer loop
     vertex  1.350298e+02 -7.342308e+01  1.510000e+00
     vertex  1.345040e+02 -8.070347e+01  1.510000e+00
     vertex  1.346075e+02 -8.071710e+01  1.510000e+00
   endloop
 endfacet
 facet normal  0.000000e+00  0.000000e+00  1.000000e+00
   outer loop
     vertex  1.350298e+02 -7.342308e+01  1.510000e+00
     vertex  1.346075e+02 -8.071710e+01  1.510000e+00
     vertex  1.347040e+02 -8.075706e+01  1.510000e+00
   endloop
 endfacet
 facet normal  0.000000e+00  0.000000e+00  1.000000e+00
   outer loop
     vertex  1.350298e+02 -7.342308e+01  1.510000e+00
     vertex  1.347040e+02 -8.075706e+01  1.510000e+00
     vertex  1.381040e+02 -8.075706e+01  1.510000e+00
   endloop
 endfacet
 facet normal  0.000000e+00  0.000000e+00  1.000000e+00
   outer loop
     vertex  1.782024e+02 -1.124003e+02  1.510000e+00
     vertex  1.782363e+02 -1.235712e+02  1.510000e+00
     vertex  1.782363e+02 -1.124384e+02  1.510000e+00
   endloop
 endfacet
 facet normal  0.000000e+00  0.000000e+00  1.000000e+00
   outer loop
     vertex  1.312698e+02 -6.532218e+01  1.510000e+00
     vertex  1.312698e+02 -8.884157e+01  1.510000e+00
     vertex  1.327404e+02 -7.222825e+01  1.510000e+00
   endloop
 endfacet
 facet normal  0.000000e+00  0.000000e+00  1.000000e+00
   outer loop
     vertex  1.757198e+02 -1.096421e+02  1.510000e+00
     vertex  1.590460e+02 -9.913288e+01  1.510000e+00
     vertex  1.589961e+02 -9.925347e+01  1.510000e+00
   endloop
 endfacet
 facet normal  0.000000e+00  0.000000e+00  1.000000e+00
   outer loop
     vertex  1.757198e+02 -1.096421e+02  1.510000e+00
     vertex  1.589961e+02 -9.925347e+01  1.510000e+00
     vertex  1.589166e+02 -9.935702e+01  1.510000e+00
   endloop
 endfacet
 facet normal  0.000000e+00  0.000000e+00  1.000000e+00
   outer loop
     vertex  1.757198e+02 -1.096421e+02  1.510000e+00
     vertex  1.589166e+02 -9.935702e+01  1.510000e+00
     vertex  1.588131e+02 -9.943648e+01  1.510000e+00
   endloop
 endfacet
 facet normal  0.000000e+00  0.000000e+00  1.000000e+00
   outer loop
     vertex  1.757198e+02 -1.096421e+02  1.510000e+00
     vertex  1.588131e+02 -9.943648e+01  1.510000e+00
     vertex  1.586925e+02 -9.948643e+01  1.510000e+00
   endloop
 endfacet
 facet normal  0.000000e+00  0.000000e+00  1.000000e+00
   outer loop
     vertex  1.757198e+02 -1.096421e+02  1.510000e+00
     vertex  1.586925e+02 -9.948643e+01  1.510000e+00
     vertex  1.585631e+02 -9.950347e+01  1.510000e+00
   endloop
 endfacet
 facet normal  0.000000e+00  0.000000e+00  1.000000e+00
   outer loop
     vertex  1.757198e+02 -1.096421e+02  1.510000e+00
     vertex  1.782363e+02 -1.235712e+02  1.510000e+00
     vertex  1.782024e+02 -1.124003e+02  1.510000e+00
   endloop
 endfacet
 facet normal  0.000000e+00  0.000000e+00  1.000000e+00
   outer loop
     vertex  1.757198e+02 -1.096421e+02  1.510000e+00
     vertex  1.585631e+02 -9.950347e+01  1.510000e+00
     vertex  1.782363e+02 -1.235712e+02  1.510000e+00
   endloop
 endfacet
 facet normal  0.000000e+00  0.000000e+00  1.000000e+00
   outer loop
     vertex  1.327404e+02 -6.603289e+01  1.510000e+00
     vertex  1.312698e+02 -6.532218e+01  1.510000e+00
     vertex  1.327404e+02 -7.222825e+01  1.510000e+00
   endloop
 endfacet
 facet normal  0.000000e+00  0.000000e+00  1.000000e+00
   outer loop
     vertex  1.343916e+02 -6.220041e+01  1.510000e+00
     vertex  1.327404e+02 -6.603289e+01  1.510000e+00
     vertex  1.353894e+02 -6.350000e+01  1.510000e+00
   endloop
 endfacet
 facet normal  0.000000e+00  0.000000e+00  1.000000e+00
   outer loop
     vertex  1.343916e+02 -6.220041e+01  1.510000e+00
     vertex  1.312698e+02 -6.532218e+01  1.510000e+00
     vertex  1.327404e+02 -6.603289e+01  1.510000e+00
   endloop
 endfacet
 facet normal  0.000000e+00  0.000000e+00  1.000000e+00
   outer loop
     vertex  1.426816e+02 -6.577126e+01  1.510000e+00
     vertex  1.385040e+02 -8.075706e+01  1.510000e+00
     vertex  1.385868e+02 -8.082063e+01  1.510000e+00
   endloop
 endfacet
 facet normal  0.000000e+00  0.000000e+00  1.000000e+00
   outer loop
     vertex  1.426816e+02 -6.577126e+01  1.510000e+00
     vertex  1.385868e+02 -8.082063e+01  1.510000e+00
     vertex  1.386504e+02 -8.090347e+01  1.510000e+00
   endloop
 endfacet
 facet normal  0.000000e+00  0.000000e+00  1.000000e+00
   outer loop
     vertex  1.426816e+02 -6.577126e+01  1.510000e+00
     vertex  1.386504e+02 -8.090347e+01  1.510000e+00
     vertex  1.386904e+02 -8.099994e+01  1.510000e+00
   endloop
 endfacet
 facet normal  0.000000e+00  0.000000e+00  1.000000e+00
   outer loop
     vertex  1.426816e+02 -6.577126e+01  1.510000e+00
     vertex  1.350298e+02 -7.342308e+01  1.510000e+00
     vertex  1.385040e+02 -8.075706e+01  1.510000e+00
   endloop
 endfacet
 facet normal  0.000000e+00  0.000000e+00  1.000000e+00
   outer loop
     vertex  1.414070e+02 -6.350000e+01  1.510000e+00
     vertex  1.343916e+02 -6.220041e+01  1.510000e+00
     vertex  1.353894e+02 -6.350000e+01  1.510000e+00
   endloop
 endfacet
 facet normal  0.000000e+00  0.000000e+00  1.000000e+00
   outer loop
     vertex  1.757198e+02 -9.148740e+01  1.510000e+00
     vertex  1.590460e+02 -9.913288e+01  1.510000e+00
     vertex  1.757198e+02 -1.096421e+02  1.510000e+00
   endloop
 endfacet
 facet normal  0.000000e+00  0.000000e+00  1.000000e+00
   outer loop
     vertex  1.757198e+02 -9.148740e+01  1.510000e+00
     vertex  1.588131e+02 -9.857046e+01  1.510000e+00
     vertex  1.589166e+02 -9.864992e+01  1.510000e+00
   endloop
 endfacet
 facet normal  0.000000e+00  0.000000e+00  1.000000e+00
   outer loop
     vertex  1.757198e+02 -9.148740e+01  1.510000e+00
     vertex  1.589166e+02 -9.864992e+01  1.510000e+00
     vertex  1.589961e+02 -9.875347e+01  1.510000e+00
   endloop
 endfacet
 facet normal  0.000000e+00  0.000000e+00  1.000000e+00
   outer loop
     vertex  1.757198e+02 -9.148740e+01  1.510000e+00
     vertex  1.589961e+02 -9.875347e+01  1.510000e+00
     vertex  1.590460e+02 -9.887406e+01  1.510000e+00
   endloop
 endfacet
 facet normal  0.000000e+00  0.000000e+00  1.000000e+00
   outer loop
     vertex  1.757198e+02 -9.148740e+01  1.510000e+00
     vertex  1.590460e+02 -9.887406e+01  1.510000e+00
     vertex  1.590631e+02 -9.900347e+01  1.510000e+00
   endloop
 endfacet
 facet normal  0.000000e+00  0.000000e+00  1.000000e+00
   outer loop
     vertex  1.757198e+02 -9.148740e+01  1.510000e+00
     vertex  1.590631e+02 -9.900347e+01  1.510000e+00
     vertex  1.590460e+02 -9.913288e+01  1.510000e+00
   endloop
 endfacet
 facet normal  0.000000e+00  0.000000e+00  1.000000e+00
   outer loop
     vertex  1.704212e+02 -7.678631e+01  1.510000e+00
     vertex  1.585631e+02 -9.850347e+01  1.510000e+00
     vertex  1.586925e+02 -9.852051e+01  1.510000e+00
   endloop
 endfacet
 facet normal  0.000000e+00  0.000000e+00  1.000000e+00
   outer loop
     vertex  1.703576e+02 -7.670347e+01  1.510000e+00
     vertex  1.585631e+02 -9.850347e+01  1.510000e+00
     vertex  1.704212e+02 -7.678631e+01  1.510000e+00
   endloop
 endfacet
 facet normal  0.000000e+00  0.000000e+00  1.000000e+00
   outer loop
     vertex  1.703576e+02 -7.670347e+01  1.510000e+00
     vertex  1.560231e+02 -9.850347e+01  1.510000e+00
     vertex  1.585631e+02 -9.850347e+01  1.510000e+00
   endloop
 endfacet
 facet normal  0.000000e+00  0.000000e+00  1.000000e+00
   outer loop
     vertex  1.705040e+02 -7.684988e+01  1.510000e+00
     vertex  1.704212e+02 -7.678631e+01  1.510000e+00
     vertex  1.586925e+02 -9.852051e+01  1.510000e+00
   endloop
 endfacet
 facet normal  0.000000e+00  0.000000e+00  1.000000e+00
   outer loop
     vertex  1.705040e+02 -7.684988e+01  1.510000e+00
     vertex  1.586925e+02 -9.852051e+01  1.510000e+00
     vertex  1.588131e+02 -9.857046e+01  1.510000e+00
   endloop
 endfacet
 facet normal  0.000000e+00  0.000000e+00  1.000000e+00
   outer loop
     vertex  1.705040e+02 -7.684988e+01  1.510000e+00
     vertex  1.588131e+02 -9.857046e+01  1.510000e+00
     vertex  1.757198e+02 -9.148740e+01  1.510000e+00
   endloop
 endfacet
 facet normal  0.000000e+00  0.000000e+00  1.000000e+00
   outer loop
     vertex  1.703176e+02 -7.660700e+01  1.510000e+00
     vertex  1.387040e+02 -8.310347e+01  1.510000e+00
     vertex  1.560231e+02 -9.850347e+01  1.510000e+00
   endloop
 endfacet
 facet normal  0.000000e+00  0.000000e+00  1.000000e+00
   outer loop
     vertex  1.703176e+02 -7.660700e+01  1.510000e+00
     vertex  1.386904e+02 -8.099994e+01  1.510000e+00
     vertex  1.387040e+02 -8.110347e+01  1.510000e+00
   endloop
 endfacet
 facet normal  0.000000e+00  0.000000e+00  1.000000e+00
   outer loop
     vertex  1.703176e+02 -7.660700e+01  1.510000e+00
     vertex  1.387040e+02 -8.110347e+01  1.510000e+00
     vertex  1.387040e+02 -8.310347e+01  1.510000e+00
   endloop
 endfacet
 facet normal  0.000000e+00  0.000000e+00  1.000000e+00
   outer loop
     vertex  1.703176e+02 -7.660700e+01  1.510000e+00
     vertex  1.560231e+02 -9.850347e+01  1.510000e+00
     vertex  1.703576e+02 -7.670347e+01  1.510000e+00
   endloop
 endfacet
 facet normal  0.000000e+00  0.000000e+00  1.000000e+00
   outer loop
     vertex  1.703040e+02 -7.650347e+01  1.510000e+00
     vertex  1.386904e+02 -8.099994e+01  1.510000e+00
     vertex  1.703176e+02 -7.660700e+01  1.510000e+00
   endloop
 endfacet
 facet normal  0.000000e+00  0.000000e+00  1.000000e+00
   outer loop
     vertex  1.703040e+02 -7.650347e+01  1.510000e+00
     vertex  1.426816e+02 -6.577126e+01  1.510000e+00
     vertex  1.386904e+02 -8.099994e+01  1.510000e+00
   endloop
 endfacet
 facet normal  0.000000e+00  0.000000e+00  1.000000e+00
   outer loop
     vertex  1.747290e+02 -8.045299e+01  1.510000e+00
     vertex  1.745737e+02 -8.033380e+01  1.510000e+00
     vertex  1.757198e+02 -9.148740e+01  1.510000e+00
   endloop
 endfacet
 facet normal  0.000000e+00  0.000000e+00  1.000000e+00
   outer loop
     vertex  1.744545e+02 -8.017847e+01  1.510000e+00
     vertex  1.706005e+02 -7.688984e+01  1.510000e+00
     vertex  1.705040e+02 -7.684988e+01  1.510000e+00
   endloop
 endfacet
 facet normal  0.000000e+00  0.000000e+00  1.000000e+00
   outer loop
     vertex  1.744545e+02 -8.017847e+01  1.510000e+00
     vertex  1.757198e+02 -9.148740e+01  1.510000e+00
     vertex  1.745737e+02 -8.033380e+01  1.510000e+00
   endloop
 endfacet
 facet normal  0.000000e+00  0.000000e+00  1.000000e+00
   outer loop
     vertex  1.744545e+02 -8.017847e+01  1.510000e+00
     vertex  1.705040e+02 -7.684988e+01  1.510000e+00
     vertex  1.757198e+02 -9.148740e+01  1.510000e+00
   endloop
 endfacet
 facet normal  0.000000e+00  0.000000e+00  1.000000e+00
   outer loop
     vertex  1.749099e+02 -8.052792e+01  1.510000e+00
     vertex  1.757198e+02 -9.148740e+01  1.510000e+00
     vertex  1.782024e+02 -8.872912e+01  1.510000e+00
   endloop
 endfacet
 facet normal  0.000000e+00  0.000000e+00  1.000000e+00
   outer loop
     vertex  1.749099e+02 -8.052792e+01  1.510000e+00
     vertex  1.747290e+02 -8.045299e+01  1.510000e+00
     vertex  1.757198e+02 -9.148740e+01  1.510000e+00
   endloop
 endfacet
 facet normal  0.000000e+00  0.000000e+00  1.000000e+00
   outer loop
     vertex  1.743796e+02 -7.999759e+01  1.510000e+00
     vertex  1.707040e+02 -7.690347e+01  1.510000e+00
     vertex  1.706005e+02 -7.688984e+01  1.510000e+00
   endloop
 endfacet
 facet normal  0.000000e+00  0.000000e+00  1.000000e+00
   outer loop
     vertex  1.743796e+02 -7.999759e+01  1.510000e+00
     vertex  1.706005e+02 -7.688984e+01  1.510000e+00
     vertex  1.744545e+02 -8.017847e+01  1.510000e+00
   endloop
 endfacet
 facet normal  0.000000e+00  0.000000e+00  1.000000e+00
   outer loop
     vertex  1.751040e+02 -8.055347e+01  1.510000e+00
     vertex  1.782024e+02 -8.872912e+01  1.510000e+00
     vertex  1.782363e+02 -8.869129e+01  1.510000e+00
   endloop
 endfacet
 facet normal  0.000000e+00  0.000000e+00  1.000000e+00
   outer loop
     vertex  1.751040e+02 -8.055347e+01  1.510000e+00
     vertex  1.749099e+02 -8.052792e+01  1.510000e+00
     vertex  1.782024e+02 -8.872912e+01  1.510000e+00
   endloop
 endfacet
 facet normal  0.000000e+00  0.000000e+00  1.000000e+00
   outer loop
     vertex  1.743540e+02 -7.980347e+01  1.510000e+00
     vertex  1.707040e+02 -7.690347e+01  1.510000e+00
     vertex  1.743796e+02 -7.999759e+01  1.510000e+00
   endloop
 endfacet
 facet normal  0.000000e+00  0.000000e+00  1.000000e+00
   outer loop
     vertex  1.743540e+02 -7.980347e+01  1.510000e+00
     vertex  1.708075e+02 -7.688984e+01  1.510000e+00
     vertex  1.707040e+02 -7.690347e+01  1.510000e+00
   endloop
 endfacet
 facet normal  0.000000e+00  0.000000e+00  1.000000e+00
   outer loop
     vertex  1.743796e+02 -7.960936e+01  1.510000e+00
     vertex  1.708075e+02 -7.688984e+01  1.510000e+00
     vertex  1.743540e+02 -7.980347e+01  1.510000e+00
   endloop
 endfacet
 facet normal  0.000000e+00  0.000000e+00  1.000000e+00
   outer loop
     vertex  1.743796e+02 -7.960936e+01  1.510000e+00
     vertex  1.709040e+02 -7.684988e+01  1.510000e+00
     vertex  1.708075e+02 -7.688984e+01  1.510000e+00
   endloop
 endfacet
 facet normal  0.000000e+00  0.000000e+00  1.000000e+00
   outer loop
     vertex  1.752981e+02 -8.052792e+01  1.510000e+00
     vertex  1.751040e+02 -8.055347e+01  1.510000e+00
     vertex  1.782363e+02 -8.869129e+01  1.510000e+00
   endloop
 endfacet
 facet normal  0.000000e+00  0.000000e+00  1.000000e+00
   outer loop
     vertex  1.754790e+02 -8.045299e+01  1.510000e+00
     vertex  1.752981e+02 -8.052792e+01  1.510000e+00
     vertex  1.782363e+02 -8.869129e+01  1.510000e+00
   endloop
 endfacet
 facet normal  0.000000e+00  0.000000e+00  1.000000e+00
   outer loop
     vertex  1.744545e+02 -7.942847e+01  1.510000e+00
     vertex  1.709868e+02 -7.678631e+01  1.510000e+00
     vertex  1.709040e+02 -7.684988e+01  1.510000e+00
   endloop
 endfacet
 facet normal  0.000000e+00  0.000000e+00  1.000000e+00
   outer loop
     vertex  1.744545e+02 -7.942847e+01  1.510000e+00
     vertex  1.709040e+02 -7.684988e+01  1.510000e+00
     vertex  1.743796e+02 -7.960936e+01  1.510000e+00
   endloop
 endfacet
 facet normal  0.000000e+00  0.000000e+00  1.000000e+00
   outer loop
     vertex  1.756343e+02 -8.033380e+01  1.510000e+00
     vertex  1.754790e+02 -8.045299e+01  1.510000e+00
     vertex  1.782363e+02 -8.869129e+01  1.510000e+00
   endloop
 endfacet
 facet normal  0.000000e+00  0.000000e+00  1.000000e+00
   outer loop
     vertex  1.757535e+02 -8.017847e+01  1.510000e+00
     vertex  1.756343e+02 -8.033380e+01  1.510000e+00
     vertex  1.782363e+02 -8.869129e+01  1.510000e+00
   endloop
 endfacet
 facet normal  0.000000e+00  0.000000e+00  1.000000e+00
   outer loop
     vertex  1.704212e+02 -7.478631e+01  1.510000e+00
     vertex  1.704212e+02 -7.622063e+01  1.510000e+00
     vertex  1.705040e+02 -7.615706e+01  1.510000e+00
   endloop
 endfacet
 facet normal  0.000000e+00  0.000000e+00  1.000000e+00
   outer loop
     vertex  1.703576e+02 -7.470347e+01  1.510000e+00
     vertex  1.703576e+02 -7.630347e+01  1.510000e+00
     vertex  1.704212e+02 -7.622063e+01  1.510000e+00
   endloop
 endfacet
 facet normal  0.000000e+00  0.000000e+00  1.000000e+00
   outer loop
     vertex  1.703576e+02 -7.470347e+01  1.510000e+00
     vertex  1.704212e+02 -7.622063e+01  1.510000e+00
     vertex  1.704212e+02 -7.478631e+01  1.510000e+00
   endloop
 endfacet
 facet normal  0.000000e+00  0.000000e+00  1.000000e+00
   outer loop
     vertex  1.705040e+02 -7.484988e+01  1.510000e+00
     vertex  1.704212e+02 -7.478631e+01  1.510000e+00
     vertex  1.705040e+02 -7.615706e+01  1.510000e+00
   endloop
 endfacet
 facet normal  0.000000e+00  0.000000e+00  1.000000e+00
   outer loop
     vertex  1.703176e+02 -7.460700e+01  1.510000e+00
     vertex  1.703576e+02 -7.630347e+01  1.510000e+00
     vertex  1.703576e+02 -7.470347e+01  1.510000e+00
   endloop
 endfacet
 facet normal  0.000000e+00  0.000000e+00  1.000000e+00
   outer loop
     vertex  1.703176e+02 -7.460700e+01  1.510000e+00
     vertex  1.703040e+02 -7.650347e+01  1.510000e+00
     vertex  1.703176e+02 -7.639994e+01  1.510000e+00
   endloop
 endfacet
 facet normal  0.000000e+00  0.000000e+00  1.000000e+00
   outer loop
     vertex  1.703176e+02 -7.460700e+01  1.510000e+00
     vertex  1.703176e+02 -7.639994e+01  1.510000e+00
     vertex  1.703576e+02 -7.630347e+01  1.510000e+00
   endloop
 endfacet
 facet normal  0.000000e+00  0.000000e+00  1.000000e+00
   outer loop
     vertex  1.706005e+02 -7.488984e+01  1.510000e+00
     vertex  1.705040e+02 -7.615706e+01  1.510000e+00
     vertex  1.706005e+02 -7.611710e+01  1.510000e+00
   endloop
 endfacet
 facet normal  0.000000e+00  0.000000e+00  1.000000e+00
   outer loop
     vertex  1.706005e+02 -7.488984e+01  1.510000e+00
     vertex  1.706005e+02 -7.611710e+01  1.510000e+00
     vertex  1.707040e+02 -7.610347e+01  1.510000e+00
   endloop
 endfacet
 facet normal  0.000000e+00  0.000000e+00  1.000000e+00
   outer loop
     vertex  1.706005e+02 -7.488984e+01  1.510000e+00
     vertex  1.705040e+02 -7.484988e+01  1.510000e+00
     vertex  1.705040e+02 -7.615706e+01  1.510000e+00
   endloop
 endfacet
 facet normal  0.000000e+00  0.000000e+00  1.000000e+00
   outer loop
     vertex  1.707040e+02 -7.490347e+01  1.510000e+00
     vertex  1.706005e+02 -7.488984e+01  1.510000e+00
     vertex  1.707040e+02 -7.610347e+01  1.510000e+00
   endloop
 endfacet
 facet normal  0.000000e+00  0.000000e+00  1.000000e+00
   outer loop
     vertex  1.703040e+02 -7.450347e+01  1.510000e+00
     vertex  1.426816e+02 -6.577126e+01  1.510000e+00
     vertex  1.703040e+02 -7.650347e+01  1.510000e+00
   endloop
 endfacet
 facet normal  0.000000e+00  0.000000e+00  1.000000e+00
   outer loop
     vertex  1.703040e+02 -7.450347e+01  1.510000e+00
     vertex  1.703040e+02 -7.650347e+01  1.510000e+00
     vertex  1.703176e+02 -7.460700e+01  1.510000e+00
   endloop
 endfacet
 facet normal  0.000000e+00  0.000000e+00  1.000000e+00
   outer loop
     vertex  1.758284e+02 -7.999759e+01  1.510000e+00
     vertex  1.757535e+02 -8.017847e+01  1.510000e+00
     vertex  1.782363e+02 -8.869129e+01  1.510000e+00
   endloop
 endfacet
 facet normal  0.000000e+00  0.000000e+00  1.000000e+00
   outer loop
     vertex  1.703176e+02 -7.439994e+01  1.510000e+00
     vertex  1.426816e+02 -6.577126e+01  1.510000e+00
     vertex  1.703040e+02 -7.450347e+01  1.510000e+00
   endloop
 endfacet
 facet normal  0.000000e+00  0.000000e+00  1.000000e+00
   outer loop
     vertex  1.708075e+02 -7.488984e+01  1.510000e+00
     vertex  1.707040e+02 -7.490347e+01  1.510000e+00
     vertex  1.707040e+02 -7.610347e+01  1.510000e+00
   endloop
 endfacet
 facet normal  0.000000e+00  0.000000e+00  1.000000e+00
   outer loop
     vertex  1.708075e+02 -7.488984e+01  1.510000e+00
     vertex  1.707040e+02 -7.610347e+01  1.510000e+00
     vertex  1.708075e+02 -7.611710e+01  1.510000e+00
   endloop
 endfacet
 facet normal  0.000000e+00  0.000000e+00  1.000000e+00
   outer loop
     vertex  1.758540e+02 -7.980347e+01  1.510000e+00
     vertex  1.758284e+02 -7.999759e+01  1.510000e+00
     vertex  1.782363e+02 -8.869129e+01  1.510000e+00
   endloop
 endfacet
 facet normal  0.000000e+00  0.000000e+00  1.000000e+00
   outer loop
     vertex  1.703576e+02 -7.430347e+01  1.510000e+00
     vertex  1.426816e+02 -6.577126e+01  1.510000e+00
     vertex  1.703176e+02 -7.439994e+01  1.510000e+00
   endloop
 endfacet
 facet normal  0.000000e+00  0.000000e+00  1.000000e+00
   outer loop
     vertex  1.703576e+02 -7.430347e+01  1.510000e+00
     vertex  1.426816e+02 -6.467674e+01  1.510000e+00
     vertex  1.426816e+02 -6.577126e+01  1.510000e+00
   endloop
 endfacet
 facet normal  0.000000e+00  0.000000e+00  1.000000e+00
   outer loop
     vertex  1.709040e+02 -7.484988e+01  1.510000e+00
     vertex  1.708075e+02 -7.488984e+01  1.510000e+00
     vertex  1.708075e+02 -7.611710e+01  1.510000e+00
   endloop
 endfacet
 facet normal  0.000000e+00  0.000000e+00  1.000000e+00
   outer loop
     vertex  1.709040e+02 -7.484988e+01  1.510000e+00
     vertex  1.708075e+02 -7.611710e+01  1.510000e+00
     vertex  1.709040e+02 -7.615706e+01  1.510000e+00
   endloop
 endfacet
 facet normal  0.000000e+00  0.000000e+00  1.000000e+00
   outer loop
     vertex  1.704212e+02 -7.422063e+01  1.510000e+00
     vertex  1.426816e+02 -6.467674e+01  1.510000e+00
     vertex  1.703576e+02 -7.430347e+01  1.510000e+00
   endloop
 endfacet
 facet normal  0.000000e+00  0.000000e+00  1.000000e+00
   outer loop
     vertex  1.709868e+02 -7.478631e+01  1.510000e+00
     vertex  1.709040e+02 -7.484988e+01  1.510000e+00
     vertex  1.709040e+02 -7.615706e+01  1.510000e+00
   endloop
 endfacet
 facet normal  0.000000e+00  0.000000e+00  1.000000e+00
   outer loop
     vertex  1.709868e+02 -7.478631e+01  1.510000e+00
     vertex  1.709040e+02 -7.615706e+01  1.510000e+00
     vertex  1.709868e+02 -7.622063e+01  1.510000e+00
   endloop
 endfacet
 facet normal  0.000000e+00  0.000000e+00  1.000000e+00
   outer loop
     vertex  1.710504e+02 -7.470347e+01  1.510000e+00
     vertex  1.709868e+02 -7.478631e+01  1.510000e+00
     vertex  1.709868e+02 -7.622063e+01  1.510000e+00
   endloop
 endfacet
 facet normal  0.000000e+00  0.000000e+00  1.000000e+00
   outer loop
     vertex  1.710504e+02 -7.470347e+01  1.510000e+00
     vertex  1.709868e+02 -7.622063e+01  1.510000e+00
     vertex  1.710504e+02 -7.630347e+01  1.510000e+00
   endloop
 endfacet
 facet normal  0.000000e+00  0.000000e+00  1.000000e+00
   outer loop
     vertex  1.747858e+02 -7.802167e+01  1.510000e+00
     vertex  1.745737e+02 -7.927314e+01  1.510000e+00
     vertex  1.747290e+02 -7.915395e+01  1.510000e+00
   endloop
 endfacet
 facet normal  0.000000e+00  0.000000e+00  1.000000e+00
   outer loop
     vertex  1.748790e+02 -7.809318e+01  1.510000e+00
     vertex  1.747858e+02 -7.802167e+01  1.510000e+00
     vertex  1.747290e+02 -7.915395e+01  1.510000e+00
   endloop
 endfacet
 facet normal  0.000000e+00  0.000000e+00  1.000000e+00
   outer loop
     vertex  1.748790e+02 -7.809318e+01  1.510000e+00
     vertex  1.747290e+02 -7.915395e+01  1.510000e+00
     vertex  1.749099e+02 -7.907903e+01  1.510000e+00
   endloop
 endfacet
 facet normal  0.000000e+00  0.000000e+00  1.000000e+00
   outer loop
     vertex  1.747143e+02 -7.792847e+01  1.510000e+00
     vertex  1.745737e+02 -7.927314e+01  1.510000e+00
     vertex  1.747858e+02 -7.802167e+01  1.510000e+00
   endloop
 endfacet
 facet normal  0.000000e+00  0.000000e+00  1.000000e+00
   outer loop
     vertex  1.747143e+02 -7.792847e+01  1.510000e+00
     vertex  1.744545e+02 -7.942847e+01  1.510000e+00
     vertex  1.745737e+02 -7.927314e+01  1.510000e+00
   endloop
 endfacet
 facet normal  0.000000e+00  0.000000e+00  1.000000e+00
   outer loop
     vertex  1.746693e+02 -7.781994e+01  1.510000e+00
     vertex  1.744545e+02 -7.942847e+01  1.510000e+00
     vertex  1.747143e+02 -7.792847e+01  1.510000e+00
   endloop
 endfacet
 facet normal  0.000000e+00  0.000000e+00  1.000000e+00
   outer loop
     vertex  1.746693e+02 -7.781994e+01  1.510000e+00
     vertex  1.709868e+02 -7.678631e+01  1.510000e+00
     vertex  1.744545e+02 -7.942847e+01  1.510000e+00
   endloop
 endfacet
 facet normal  0.000000e+00  0.000000e+00  1.000000e+00
   outer loop
     vertex  1.749875e+02 -7.813814e+01  1.510000e+00
     vertex  1.748790e+02 -7.809318e+01  1.510000e+00
     vertex  1.749099e+02 -7.907903e+01  1.510000e+00
   endloop
 endfacet
 facet normal  0.000000e+00  0.000000e+00  1.000000e+00
   outer loop
     vertex  1.749875e+02 -7.813814e+01  1.510000e+00
     vertex  1.749099e+02 -7.907903e+01  1.510000e+00
     vertex  1.751040e+02 -7.905347e+01  1.510000e+00
   endloop
 endfacet
 facet normal  0.000000e+00  0.000000e+00  1.000000e+00
   outer loop
     vertex  1.746540e+02 -7.770347e+01  1.510000e+00
     vertex  1.710504e+02 -7.670347e+01  1.510000e+00
     vertex  1.709868e+02 -7.678631e+01  1.510000e+00
   endloop
 endfacet
 facet normal  0.000000e+00  0.000000e+00  1.000000e+00
   outer loop
     vertex  1.746540e+02 -7.770347e+01  1.510000e+00
     vertex  1.709868e+02 -7.678631e+01  1.510000e+00
     vertex  1.746693e+02 -7.781994e+01  1.510000e+00
   endloop
 endfacet
 facet normal  0.000000e+00  0.000000e+00  1.000000e+00
   outer loop
     vertex  1.751040e+02 -7.815347e+01  1.510000e+00
     vertex  1.749875e+02 -7.813814e+01  1.510000e+00
     vertex  1.751040e+02 -7.905347e+01  1.510000e+00
   endloop
 endfacet
 facet normal  0.000000e+00  0.000000e+00  1.000000e+00
   outer loop
     vertex  1.746693e+02 -7.758700e+01  1.510000e+00
     vertex  1.710904e+02 -7.660700e+01  1.510000e+00
     vertex  1.710504e+02 -7.670347e+01  1.510000e+00
   endloop
 endfacet
 facet normal  0.000000e+00  0.000000e+00  1.000000e+00
   outer loop
     vertex  1.746693e+02 -7.758700e+01  1.510000e+00
     vertex  1.710504e+02 -7.670347e+01  1.510000e+00
     vertex  1.746540e+02 -7.770347e+01  1.510000e+00
   endloop
 endfacet
 facet normal  0.000000e+00  0.000000e+00  1.000000e+00
   outer loop
     vertex  1.752205e+02 -7.813814e+01  1.510000e+00
     vertex  1.751040e+02 -7.815347e+01  1.510000e+00
     vertex  1.751040e+02 -7.905347e+01  1.510000e+00
   endloop
 endfacet
 facet normal  0.000000e+00  0.000000e+00  1.000000e+00
   outer loop
     vertex  1.752205e+02 -7.813814e+01  1.510000e+00
     vertex  1.751040e+02 -7.905347e+01  1.510000e+00
     vertex  1.752981e+02 -7.907903e+01  1.510000e+00
   endloop
 endfacet
 facet normal  0.000000e+00  0.000000e+00  1.000000e+00
   outer loop
     vertex  1.747143e+02 -7.747847e+01  1.510000e+00
     vertex  1.710904e+02 -7.660700e+01  1.510000e+00
     vertex  1.746693e+02 -7.758700e+01  1.510000e+00
   endloop
 endfacet
 facet normal  0.000000e+00  0.000000e+00  1.000000e+00
   outer loop
     vertex  1.747143e+02 -7.747847e+01  1.510000e+00
     vertex  1.711040e+02 -7.650347e+01  1.510000e+00
     vertex  1.710904e+02 -7.660700e+01  1.510000e+00
   endloop
 endfacet
 facet normal  0.000000e+00  0.000000e+00  1.000000e+00
   outer loop
     vertex  1.753290e+02 -7.809318e+01  1.510000e+00
     vertex  1.752205e+02 -7.813814e+01  1.510000e+00
     vertex  1.752981e+02 -7.907903e+01  1.510000e+00
   endloop
 endfacet
 facet normal  0.000000e+00  0.000000e+00  1.000000e+00
   outer loop
     vertex  1.753290e+02 -7.809318e+01  1.510000e+00
     vertex  1.752981e+02 -7.907903e+01  1.510000e+00
     vertex  1.754790e+02 -7.915395e+01  1.510000e+00
   endloop
 endfacet
 facet normal  0.000000e+00  0.000000e+00  1.000000e+00
   outer loop
     vertex  1.754222e+02 -7.802167e+01  1.510000e+00
     vertex  1.753290e+02 -7.809318e+01  1.510000e+00
     vertex  1.754790e+02 -7.915395e+01  1.510000e+00
   endloop
 endfacet
 facet normal  0.000000e+00  0.000000e+00  1.000000e+00
   outer loop
     vertex  1.754222e+02 -7.802167e+01  1.510000e+00
     vertex  1.754790e+02 -7.915395e+01  1.510000e+00
     vertex  1.756343e+02 -7.927314e+01  1.510000e+00
   endloop
 endfacet
 facet normal  0.000000e+00  0.000000e+00  1.000000e+00
   outer loop
     vertex  1.754937e+02 -7.792847e+01  1.510000e+00
     vertex  1.754222e+02 -7.802167e+01  1.510000e+00
     vertex  1.756343e+02 -7.927314e+01  1.510000e+00
   endloop
 endfacet
 facet normal  0.000000e+00  0.000000e+00  1.000000e+00
   outer loop
     vertex  1.754937e+02 -7.792847e+01  1.510000e+00
     vertex  1.756343e+02 -7.927314e+01  1.510000e+00
     vertex  1.757535e+02 -7.942847e+01  1.510000e+00
   endloop
 endfacet
 facet normal  0.000000e+00  0.000000e+00  1.000000e+00
   outer loop
     vertex  1.755387e+02 -7.781994e+01  1.510000e+00
     vertex  1.754937e+02 -7.792847e+01  1.510000e+00
     vertex  1.757535e+02 -7.942847e+01  1.510000e+00
   endloop
 endfacet
 facet normal  0.000000e+00  0.000000e+00  1.000000e+00
   outer loop
     vertex  1.755540e+02 -7.770347e+01  1.510000e+00
     vertex  1.755387e+02 -7.781994e+01  1.510000e+00
     vertex  1.757535e+02 -7.942847e+01  1.510000e+00
   endloop
 endfacet
 facet normal  0.000000e+00  0.000000e+00  1.000000e+00
   outer loop
     vertex  1.755540e+02 -7.770347e+01  1.510000e+00
     vertex  1.757535e+02 -7.942847e+01  1.510000e+00
     vertex  1.758284e+02 -7.960936e+01  1.510000e+00
   endloop
 endfacet
 facet normal  0.000000e+00  0.000000e+00  1.000000e+00
   outer loop
     vertex  1.748790e+02 -7.609318e+01  1.510000e+00
     vertex  1.747858e+02 -7.738527e+01  1.510000e+00
     vertex  1.748790e+02 -7.731376e+01  1.510000e+00
   endloop
 endfacet
 facet normal  0.000000e+00  0.000000e+00  1.000000e+00
   outer loop
     vertex  1.748790e+02 -7.609318e+01  1.510000e+00
     vertex  1.747858e+02 -7.602167e+01  1.510000e+00
     vertex  1.747858e+02 -7.738527e+01  1.510000e+00
   endloop
 endfacet
 facet normal  0.000000e+00  0.000000e+00  1.000000e+00
   outer loop
     vertex  1.747143e+02 -7.592847e+01  1.510000e+00
     vertex  1.747143e+02 -7.747847e+01  1.510000e+00
     vertex  1.747858e+02 -7.738527e+01  1.510000e+00
   endloop
 endfacet
 facet normal  0.000000e+00  0.000000e+00  1.000000e+00
   outer loop
     vertex  1.747143e+02 -7.592847e+01  1.510000e+00
     vertex  1.711040e+02 -7.650347e+01  1.510000e+00
     vertex  1.747143e+02 -7.747847e+01  1.510000e+00
   endloop
 endfacet
 facet normal  0.000000e+00  0.000000e+00  1.000000e+00
   outer loop
     vertex  1.747143e+02 -7.592847e+01  1.510000e+00
     vertex  1.747858e+02 -7.738527e+01  1.510000e+00
     vertex  1.747858e+02 -7.602167e+01  1.510000e+00
   endloop
 endfacet
 facet normal  0.000000e+00  0.000000e+00  1.000000e+00
   outer loop
     vertex  1.746693e+02 -7.581994e+01  1.510000e+00
     vertex  1.711040e+02 -7.650347e+01  1.510000e+00
     vertex  1.747143e+02 -7.592847e+01  1.510000e+00
   endloop
 endfacet
 facet normal  0.000000e+00  0.000000e+00  1.000000e+00
   outer loop
     vertex  1.746693e+02 -7.581994e+01  1.510000e+00
     vertex  1.710904e+02 -7.639994e+01  1.510000e+00
     vertex  1.711040e+02 -7.650347e+01  1.510000e+00
   endloop
 endfacet
 facet normal  0.000000e+00  0.000000e+00  1.000000e+00
   outer loop
     vertex  1.749875e+02 -7.613814e+01  1.510000e+00
     vertex  1.748790e+02 -7.731376e+01  1.510000e+00
     vertex  1.749875e+02 -7.726880e+01  1.510000e+00
   endloop
 endfacet
 facet normal  0.000000e+00  0.000000e+00  1.000000e+00
   outer loop
     vertex  1.749875e+02 -7.613814e+01  1.510000e+00
     vertex  1.749875e+02 -7.726880e+01  1.510000e+00
     vertex  1.751040e+02 -7.725347e+01  1.510000e+00
   endloop
 endfacet
 facet normal  0.000000e+00  0.000000e+00  1.000000e+00
   outer loop
     vertex  1.749875e+02 -7.613814e+01  1.510000e+00
     vertex  1.748790e+02 -7.609318e+01  1.510000e+00
     vertex  1.748790e+02 -7.731376e+01  1.510000e+00
   endloop
 endfacet
 facet normal  0.000000e+00  0.000000e+00  1.000000e+00
   outer loop
     vertex  1.746540e+02 -7.570347e+01  1.510000e+00
     vertex  1.710504e+02 -7.470347e+01  1.510000e+00
     vertex  1.710504e+02 -7.630347e+01  1.510000e+00
   endloop
 endfacet
 facet normal  0.000000e+00  0.000000e+00  1.000000e+00
   outer loop
     vertex  1.746540e+02 -7.570347e+01  1.510000e+00
     vertex  1.710904e+02 -7.639994e+01  1.510000e+00
     vertex  1.746693e+02 -7.581994e+01  1.510000e+00
   endloop
 endfacet
 facet normal  0.000000e+00  0.000000e+00  1.000000e+00
   outer loop
     vertex  1.746540e+02 -7.570347e+01  1.510000e+00
     vertex  1.710504e+02 -7.630347e+01  1.510000e+00
     vertex  1.710904e+02 -7.639994e+01  1.510000e+00
   endloop
 endfacet
 facet normal  0.000000e+00  0.000000e+00  1.000000e+00
   outer loop
     vertex  1.751040e+02 -7.615347e+01  1.510000e+00
     vertex  1.749875e+02 -7.613814e+01  1.510000e+00
     vertex  1.751040e+02 -7.725347e+01  1.510000e+00
   endloop
 endfacet
 facet normal  0.000000e+00  0.000000e+00  1.000000e+00
   outer loop
     vertex  1.746693e+02 -7.558700e+01  1.510000e+00
     vertex  1.710504e+02 -7.470347e+01  1.510000e+00
     vertex  1.746540e+02 -7.570347e+01  1.510000e+00
   endloop
 endfacet
 facet normal  0.000000e+00  0.000000e+00  1.000000e+00
   outer loop
     vertex  1.746693e+02 -7.558700e+01  1.510000e+00
     vertex  1.710904e+02 -7.460700e+01  1.510000e+00
     vertex  1.710504e+02 -7.470347e+01  1.510000e+00
   endloop
 endfacet
 facet normal  0.000000e+00  0.000000e+00  1.000000e+00
   outer loop
     vertex  1.752205e+02 -7.613814e+01  1.510000e+00
     vertex  1.751040e+02 -7.725347e+01  1.510000e+00
     vertex  1.752205e+02 -7.726880e+01  1.510000e+00
   endloop
 endfacet
 facet normal  0.000000e+00  0.000000e+00  1.000000e+00
   outer loop
     vertex  1.752205e+02 -7.613814e+01  1.510000e+00
     vertex  1.751040e+02 -7.615347e+01  1.510000e+00
     vertex  1.751040e+02 -7.725347e+01  1.510000e+00
   endloop
 endfacet
 facet normal  0.000000e+00  0.000000e+00  1.000000e+00
   outer loop
     vertex  1.747143e+02 -7.547847e+01  1.510000e+00
     vertex  1.710904e+02 -7.460700e+01  1.510000e+00
     vertex  1.746693e+02 -7.558700e+01  1.510000e+00
   endloop
 endfacet
 facet normal  0.000000e+00  0.000000e+00  1.000000e+00
   outer loop
     vertex  1.747143e+02 -7.547847e+01  1.510000e+00
     vertex  1.711040e+02 -7.450347e+01  1.510000e+00
     vertex  1.710904e+02 -7.460700e+01  1.510000e+00
   endloop
 endfacet
 facet normal  0.000000e+00  0.000000e+00  1.000000e+00
   outer loop
     vertex  1.753290e+02 -7.609318e+01  1.510000e+00
     vertex  1.752205e+02 -7.613814e+01  1.510000e+00
     vertex  1.752205e+02 -7.726880e+01  1.510000e+00
   endloop
 endfacet
 facet normal  0.000000e+00  0.000000e+00  1.000000e+00
   outer loop
     vertex  1.753290e+02 -7.609318e+01  1.510000e+00
     vertex  1.752205e+02 -7.726880e+01  1.510000e+00
     vertex  1.753290e+02 -7.731376e+01  1.510000e+00
   endloop
 endfacet
 facet normal  0.000000e+00  0.000000e+00  1.000000e+00
   outer loop
     vertex  1.753290e+02 -7.609318e+01  1.510000e+00
     vertex  1.753290e+02 -7.731376e+01  1.510000e+00
     vertex  1.754222e+02 -7.738527e+01  1.510000e+00
   endloop
 endfacet
 facet normal  0.000000e+00  0.000000e+00  1.000000e+00
   outer loop
     vertex  1.754222e+02 -7.602167e+01  1.510000e+00
     vertex  1.754222e+02 -7.738527e+01  1.510000e+00
     vertex  1.754937e+02 -7.747847e+01  1.510000e+00
   endloop
 endfacet
 facet normal  0.000000e+00  0.000000e+00  1.000000e+00
   outer loop
     vertex  1.754222e+02 -7.602167e+01  1.510000e+00
     vertex  1.753290e+02 -7.609318e+01  1.510000e+00
     vertex  1.754222e+02 -7.738527e+01  1.510000e+00
   endloop
 endfacet
 facet normal  0.000000e+00  0.000000e+00  1.000000e+00
   outer loop
     vertex  1.754937e+02 -7.592847e+01  1.510000e+00
     vertex  1.754937e+02 -7.747847e+01  1.510000e+00
     vertex  1.755387e+02 -7.758700e+01  1.510000e+00
   endloop
 endfacet
 facet normal  0.000000e+00  0.000000e+00  1.000000e+00
   outer loop
     vertex  1.754937e+02 -7.592847e+01  1.510000e+00
     vertex  1.754222e+02 -7.602167e+01  1.510000e+00
     vertex  1.754937e+02 -7.747847e+01  1.510000e+00
   endloop
 endfacet
 facet normal  0.000000e+00  0.000000e+00  1.000000e+00
   outer loop
     vertex  1.755387e+02 -7.581994e+01  1.510000e+00
     vertex  1.754937e+02 -7.592847e+01  1.510000e+00
     vertex  1.755387e+02 -7.758700e+01  1.510000e+00
   endloop
 endfacet
 facet normal  0.000000e+00  0.000000e+00  1.000000e+00
   outer loop
     vertex  1.755540e+02 -7.570347e+01  1.510000e+00
     vertex  1.755387e+02 -7.758700e+01  1.510000e+00
     vertex  1.755540e+02 -7.770347e+01  1.510000e+00
   endloop
 endfacet
 facet normal  0.000000e+00  0.000000e+00  1.000000e+00
   outer loop
     vertex  1.755540e+02 -7.570347e+01  1.510000e+00
     vertex  1.755387e+02 -7.581994e+01  1.510000e+00
     vertex  1.755387e+02 -7.758700e+01  1.510000e+00
   endloop
 endfacet
 facet normal  0.000000e+00  0.000000e+00  1.000000e+00
   outer loop
     vertex  1.755540e+02 -7.570347e+01  1.510000e+00
     vertex  1.755540e+02 -7.770347e+01  1.510000e+00
     vertex  1.758284e+02 -7.960936e+01  1.510000e+00
   endloop
 endfacet
 facet normal  0.000000e+00  0.000000e+00  1.000000e+00
   outer loop
     vertex  1.748790e+02 -7.409318e+01  1.510000e+00
     vertex  1.747858e+02 -7.402167e+01  1.510000e+00
     vertex  1.747858e+02 -7.538527e+01  1.510000e+00
   endloop
 endfacet
 facet normal  0.000000e+00  0.000000e+00  1.000000e+00
   outer loop
     vertex  1.748790e+02 -7.409318e+01  1.510000e+00
     vertex  1.747858e+02 -7.538527e+01  1.510000e+00
     vertex  1.748790e+02 -7.531376e+01  1.510000e+00
   endloop
 endfacet
 facet normal  0.000000e+00  0.000000e+00  1.000000e+00
   outer loop
     vertex  1.747143e+02 -7.392847e+01  1.510000e+00
     vertex  1.711040e+02 -7.450347e+01  1.510000e+00
     vertex  1.747143e+02 -7.547847e+01  1.510000e+00
   endloop
 endfacet
 facet normal  0.000000e+00  0.000000e+00  1.000000e+00
   outer loop
     vertex  1.747143e+02 -7.392847e+01  1.510000e+00
     vertex  1.747858e+02 -7.538527e+01  1.510000e+00
     vertex  1.747858e+02 -7.402167e+01  1.510000e+00
   endloop
 endfacet
 facet normal  0.000000e+00  0.000000e+00  1.000000e+00
   outer loop
     vertex  1.747143e+02 -7.392847e+01  1.510000e+00
     vertex  1.747143e+02 -7.547847e+01  1.510000e+00
     vertex  1.747858e+02 -7.538527e+01  1.510000e+00
   endloop
 endfacet
 facet normal  0.000000e+00  0.000000e+00  1.000000e+00
   outer loop
     vertex  1.746693e+02 -7.381994e+01  1.510000e+00
     vertex  1.711040e+02 -7.450347e+01  1.510000e+00
     vertex  1.747143e+02 -7.392847e+01  1.510000e+00
   endloop
 endfacet
 facet normal  0.000000e+00  0.000000e+00  1.000000e+00
   outer loop
     vertex  1.746693e+02 -7.381994e+01  1.510000e+00
     vertex  1.710904e+02 -7.439994e+01  1.510000e+00
     vertex  1.711040e+02 -7.450347e+01  1.510000e+00
   endloop
 endfacet
 facet normal  0.000000e+00  0.000000e+00  1.000000e+00
   outer loop
     vertex  1.749875e+02 -7.413814e+01  1.510000e+00
     vertex  1.748790e+02 -7.409318e+01  1.510000e+00
     vertex  1.748790e+02 -7.531376e+01  1.510000e+00
   endloop
 endfacet
 facet normal  0.000000e+00  0.000000e+00  1.000000e+00
   outer loop
     vertex  1.749875e+02 -7.413814e+01  1.510000e+00
     vertex  1.748790e+02 -7.531376e+01  1.510000e+00
     vertex  1.749875e+02 -7.526880e+01  1.510000e+00
   endloop
 endfacet
 facet normal  0.000000e+00  0.000000e+00  1.000000e+00
   outer loop
     vertex  1.749875e+02 -7.413814e+01  1.510000e+00
     vertex  1.749875e+02 -7.526880e+01  1.510000e+00
     vertex  1.751040e+02 -7.525347e+01  1.510000e+00
   endloop
 endfacet
 facet normal  0.000000e+00  0.000000e+00  1.000000e+00
   outer loop
     vertex  1.746540e+02 -7.370347e+01  1.510000e+00
     vertex  1.710904e+02 -7.439994e+01  1.510000e+00
     vertex  1.746693e+02 -7.381994e+01  1.510000e+00
   endloop
 endfacet
 facet normal  0.000000e+00  0.000000e+00  1.000000e+00
   outer loop
     vertex  1.746540e+02 -7.370347e+01  1.510000e+00
     vertex  1.710504e+02 -7.430347e+01  1.510000e+00
     vertex  1.710904e+02 -7.439994e+01  1.510000e+00
   endloop
 endfacet
 facet normal  0.000000e+00  0.000000e+00  1.000000e+00
   outer loop
     vertex  1.751040e+02 -7.415347e+01  1.510000e+00
     vertex  1.749875e+02 -7.413814e+01  1.510000e+00
     vertex  1.751040e+02 -7.525347e+01  1.510000e+00
   endloop
 endfacet
 facet normal  0.000000e+00  0.000000e+00  1.000000e+00
   outer loop
     vertex  1.746693e+02 -7.358700e+01  1.510000e+00
     vertex  1.710504e+02 -7.430347e+01  1.510000e+00
     vertex  1.746540e+02 -7.370347e+01  1.510000e+00
   endloop
 endfacet
 facet normal  0.000000e+00  0.000000e+00  1.000000e+00
   outer loop
     vertex  1.752205e+02 -7.413814e+01  1.510000e+00
     vertex  1.751040e+02 -7.415347e+01  1.510000e+00
     vertex  1.751040e+02 -7.525347e+01  1.510000e+00
   endloop
 endfacet
 facet normal  0.000000e+00  0.000000e+00  1.000000e+00
   outer loop
     vertex  1.752205e+02 -7.413814e+01  1.510000e+00
     vertex  1.751040e+02 -7.525347e+01  1.510000e+00
     vertex  1.752205e+02 -7.526880e+01  1.510000e+00
   endloop
 endfacet
 facet normal  0.000000e+00  0.000000e+00  1.000000e+00
   outer loop
     vertex  1.753290e+02 -7.409318e+01  1.510000e+00
     vertex  1.752205e+02 -7.413814e+01  1.510000e+00
     vertex  1.752205e+02 -7.526880e+01  1.510000e+00
   endloop
 endfacet
 facet normal  0.000000e+00  0.000000e+00  1.000000e+00
   outer loop
     vertex  1.753290e+02 -7.409318e+01  1.510000e+00
     vertex  1.752205e+02 -7.526880e+01  1.510000e+00
     vertex  1.753290e+02 -7.531376e+01  1.510000e+00
   endloop
 endfacet
 facet normal  0.000000e+00  0.000000e+00  1.000000e+00
   outer loop
     vertex  1.753290e+02 -7.409318e+01  1.510000e+00
     vertex  1.753290e+02 -7.531376e+01  1.510000e+00
     vertex  1.754222e+02 -7.538527e+01  1.510000e+00
   endloop
 endfacet
 facet normal  0.000000e+00  0.000000e+00  1.000000e+00
   outer loop
     vertex  1.754222e+02 -7.402167e+01  1.510000e+00
     vertex  1.753290e+02 -7.409318e+01  1.510000e+00
     vertex  1.754222e+02 -7.538527e+01  1.510000e+00
   endloop
 endfacet
 facet normal  0.000000e+00  0.000000e+00  1.000000e+00
   outer loop
     vertex  1.754222e+02 -7.402167e+01  1.510000e+00
     vertex  1.754222e+02 -7.538527e+01  1.510000e+00
     vertex  1.754937e+02 -7.547847e+01  1.510000e+00
   endloop
 endfacet
 facet normal  0.000000e+00  0.000000e+00  1.000000e+00
   outer loop
     vertex  1.754937e+02 -7.392847e+01  1.510000e+00
     vertex  1.754222e+02 -7.402167e+01  1.510000e+00
     vertex  1.754937e+02 -7.547847e+01  1.510000e+00
   endloop
 endfacet
 facet normal  0.000000e+00  0.000000e+00  1.000000e+00
   outer loop
     vertex  1.754937e+02 -7.392847e+01  1.510000e+00
     vertex  1.754937e+02 -7.547847e+01  1.510000e+00
     vertex  1.755387e+02 -7.558700e+01  1.510000e+00
   endloop
 endfacet
 facet normal  0.000000e+00  0.000000e+00  1.000000e+00
   outer loop
     vertex  1.755387e+02 -7.381994e+01  1.510000e+00
     vertex  1.754937e+02 -7.392847e+01  1.510000e+00
     vertex  1.755387e+02 -7.558700e+01  1.510000e+00
   endloop
 endfacet
 facet normal  0.000000e+00  0.000000e+00  1.000000e+00
   outer loop
     vertex  1.755540e+02 -7.370347e+01  1.510000e+00
     vertex  1.755387e+02 -7.381994e+01  1.510000e+00
     vertex  1.755387e+02 -7.558700e+01  1.510000e+00
   endloop
 endfacet
 facet normal  0.000000e+00  0.000000e+00  1.000000e+00
   outer loop
     vertex  1.755540e+02 -7.370347e+01  1.510000e+00
     vertex  1.755387e+02 -7.558700e+01  1.510000e+00
     vertex  1.755540e+02 -7.570347e+01  1.510000e+00
   endloop
 endfacet
 facet normal  0.000000e+00  0.000000e+00  1.000000e+00
   outer loop
     vertex  1.745737e+02 -7.213380e+01  1.510000e+00
     vertex  1.747143e+02 -7.347847e+01  1.510000e+00
     vertex  1.747858e+02 -7.338527e+01  1.510000e+00
   endloop
 endfacet
 facet normal  0.000000e+00  0.000000e+00  1.000000e+00
   outer loop
     vertex  1.747290e+02 -7.225299e+01  1.510000e+00
     vertex  1.747858e+02 -7.338527e+01  1.510000e+00
     vertex  1.748790e+02 -7.331376e+01  1.510000e+00
   endloop
 endfacet
 facet normal  0.000000e+00  0.000000e+00  1.000000e+00
   outer loop
     vertex  1.747290e+02 -7.225299e+01  1.510000e+00
     vertex  1.745737e+02 -7.213380e+01  1.510000e+00
     vertex  1.747858e+02 -7.338527e+01  1.510000e+00
   endloop
 endfacet
 facet normal  0.000000e+00  0.000000e+00  1.000000e+00
   outer loop
     vertex  1.744545e+02 -7.197847e+01  1.510000e+00
     vertex  1.746693e+02 -7.358700e+01  1.510000e+00
     vertex  1.747143e+02 -7.347847e+01  1.510000e+00
   endloop
 endfacet
 facet normal  0.000000e+00  0.000000e+00  1.000000e+00
   outer loop
     vertex  1.744545e+02 -7.197847e+01  1.510000e+00
     vertex  1.709868e+02 -7.422063e+01  1.510000e+00
     vertex  1.710504e+02 -7.430347e+01  1.510000e+00
   endloop
 endfacet
 facet normal  0.000000e+00  0.000000e+00  1.000000e+00
   outer loop
     vertex  1.744545e+02 -7.197847e+01  1.510000e+00
     vertex  1.710504e+02 -7.430347e+01  1.510000e+00
     vertex  1.746693e+02 -7.358700e+01  1.510000e+00
   endloop
 endfacet
 facet normal  0.000000e+00  0.000000e+00  1.000000e+00
   outer loop
     vertex  1.744545e+02 -7.197847e+01  1.510000e+00
     vertex  1.747143e+02 -7.347847e+01  1.510000e+00
     vertex  1.745737e+02 -7.213380e+01  1.510000e+00
   endloop
 endfacet
 facet normal  0.000000e+00  0.000000e+00  1.000000e+00
   outer loop
     vertex  1.749099e+02 -7.232792e+01  1.510000e+00
     vertex  1.748790e+02 -7.331376e+01  1.510000e+00
     vertex  1.749875e+02 -7.326880e+01  1.510000e+00
   endloop
 endfacet
 facet normal  0.000000e+00  0.000000e+00  1.000000e+00
   outer loop
     vertex  1.749099e+02 -7.232792e+01  1.510000e+00
     vertex  1.747290e+02 -7.225299e+01  1.510000e+00
     vertex  1.748790e+02 -7.331376e+01  1.510000e+00
   endloop
 endfacet
 facet normal  0.000000e+00  0.000000e+00  1.000000e+00
   outer loop
     vertex  1.743796e+02 -7.179759e+01  1.510000e+00
     vertex  1.709868e+02 -7.422063e+01  1.510000e+00
     vertex  1.744545e+02 -7.197847e+01  1.510000e+00
   endloop
 endfacet
 facet normal  0.000000e+00  0.000000e+00  1.000000e+00
   outer loop
     vertex  1.743796e+02 -7.179759e+01  1.510000e+00
     vertex  1.709040e+02 -7.415706e+01  1.510000e+00
     vertex  1.709868e+02 -7.422063e+01  1.510000e+00
   endloop
 endfacet
 facet normal  0.000000e+00  0.000000e+00  1.000000e+00
   outer loop
     vertex  1.751040e+02 -7.235347e+01  1.510000e+00
     vertex  1.749099e+02 -7.232792e+01  1.510000e+00
     vertex  1.749875e+02 -7.326880e+01  1.510000e+00
   endloop
 endfacet
 facet normal  0.000000e+00  0.000000e+00  1.000000e+00
   outer loop
     vertex  1.751040e+02 -7.235347e+01  1.510000e+00
     vertex  1.749875e+02 -7.326880e+01  1.510000e+00
     vertex  1.751040e+02 -7.325347e+01  1.510000e+00
   endloop
 endfacet
 facet normal  0.000000e+00  0.000000e+00  1.000000e+00
   outer loop
     vertex  1.751040e+02 -7.235347e+01  1.510000e+00
     vertex  1.751040e+02 -7.325347e+01  1.510000e+00
     vertex  1.752205e+02 -7.326880e+01  1.510000e+00
   endloop
 endfacet
 facet normal  0.000000e+00  0.000000e+00  1.000000e+00
   outer loop
     vertex  1.743540e+02 -7.160347e+01  1.510000e+00
     vertex  1.709040e+02 -7.415706e+01  1.510000e+00
     vertex  1.743796e+02 -7.179759e+01  1.510000e+00
   endloop
 endfacet
 facet normal  0.000000e+00  0.000000e+00  1.000000e+00
   outer loop
     vertex  1.743540e+02 -7.160347e+01  1.510000e+00
     vertex  1.708075e+02 -7.411710e+01  1.510000e+00
     vertex  1.709040e+02 -7.415706e+01  1.510000e+00
   endloop
 endfacet
 facet normal  0.000000e+00  0.000000e+00  1.000000e+00
   outer loop
     vertex  1.743796e+02 -7.140936e+01  1.510000e+00
     vertex  1.708075e+02 -7.411710e+01  1.510000e+00
     vertex  1.743540e+02 -7.160347e+01  1.510000e+00
   endloop
 endfacet
 facet normal  0.000000e+00  0.000000e+00  1.000000e+00
   outer loop
     vertex  1.743796e+02 -7.140936e+01  1.510000e+00
     vertex  1.707040e+02 -7.410347e+01  1.510000e+00
     vertex  1.708075e+02 -7.411710e+01  1.510000e+00
   endloop
 endfacet
 facet normal  0.000000e+00  0.000000e+00  1.000000e+00
   outer loop
     vertex  1.752981e+02 -7.232792e+01  1.510000e+00
     vertex  1.752205e+02 -7.326880e+01  1.510000e+00
     vertex  1.753290e+02 -7.331376e+01  1.510000e+00
   endloop
 endfacet
 facet normal  0.000000e+00  0.000000e+00  1.000000e+00
   outer loop
     vertex  1.752981e+02 -7.232792e+01  1.510000e+00
     vertex  1.751040e+02 -7.235347e+01  1.510000e+00
     vertex  1.752205e+02 -7.326880e+01  1.510000e+00
   endloop
 endfacet
 facet normal  0.000000e+00  0.000000e+00  1.000000e+00
   outer loop
     vertex  1.744545e+02 -7.122847e+01  1.510000e+00
     vertex  1.707040e+02 -7.410347e+01  1.510000e+00
     vertex  1.743796e+02 -7.140936e+01  1.510000e+00
   endloop
 endfacet
 facet normal  0.000000e+00  0.000000e+00  1.000000e+00
   outer loop
     vertex  1.744545e+02 -7.122847e+01  1.510000e+00
     vertex  1.706005e+02 -7.411710e+01  1.510000e+00
     vertex  1.707040e+02 -7.410347e+01  1.510000e+00
   endloop
 endfacet
 facet normal  0.000000e+00  0.000000e+00  1.000000e+00
   outer loop
     vertex  1.754790e+02 -7.225299e+01  1.510000e+00
     vertex  1.753290e+02 -7.331376e+01  1.510000e+00
     vertex  1.754222e+02 -7.338527e+01  1.510000e+00
   endloop
 endfacet
 facet normal  0.000000e+00  0.000000e+00  1.000000e+00
   outer loop
     vertex  1.754790e+02 -7.225299e+01  1.510000e+00
     vertex  1.752981e+02 -7.232792e+01  1.510000e+00
     vertex  1.753290e+02 -7.331376e+01  1.510000e+00
   endloop
 endfacet
 facet normal  0.000000e+00  0.000000e+00  1.000000e+00
   outer loop
     vertex  1.756343e+02 -7.213380e+01  1.510000e+00
     vertex  1.754222e+02 -7.338527e+01  1.510000e+00
     vertex  1.754937e+02 -7.347847e+01  1.510000e+00
   endloop
 endfacet
 facet normal  0.000000e+00  0.000000e+00  1.000000e+00
   outer loop
     vertex  1.756343e+02 -7.213380e+01  1.510000e+00
     vertex  1.754790e+02 -7.225299e+01  1.510000e+00
     vertex  1.754222e+02 -7.338527e+01  1.510000e+00
   endloop
 endfacet
 facet normal  0.000000e+00  0.000000e+00  1.000000e+00
   outer loop
     vertex  1.757535e+02 -7.197847e+01  1.510000e+00
     vertex  1.754937e+02 -7.347847e+01  1.510000e+00
     vertex  1.755387e+02 -7.358700e+01  1.510000e+00
   endloop
 endfacet
 facet normal  0.000000e+00  0.000000e+00  1.000000e+00
   outer loop
     vertex  1.757535e+02 -7.197847e+01  1.510000e+00
     vertex  1.755387e+02 -7.358700e+01  1.510000e+00
     vertex  1.755540e+02 -7.370347e+01  1.510000e+00
   endloop
 endfacet
 facet normal  0.000000e+00  0.000000e+00  1.000000e+00
   outer loop
     vertex  1.757535e+02 -7.197847e+01  1.510000e+00
     vertex  1.756343e+02 -7.213380e+01  1.510000e+00
     vertex  1.754937e+02 -7.347847e+01  1.510000e+00
   endloop
 endfacet
 facet normal  0.000000e+00  0.000000e+00  1.000000e+00
   outer loop
     vertex  1.758284e+02 -7.179759e+01  1.510000e+00
     vertex  1.755540e+02 -7.370347e+01  1.510000e+00
     vertex  1.755540e+02 -7.570347e+01  1.510000e+00
   endloop
 endfacet
 facet normal  0.000000e+00  0.000000e+00  1.000000e+00
   outer loop
     vertex  1.758284e+02 -7.179759e+01  1.510000e+00
     vertex  1.757535e+02 -7.197847e+01  1.510000e+00
     vertex  1.755540e+02 -7.370347e+01  1.510000e+00
   endloop
 endfacet
 facet normal  0.000000e+00  0.000000e+00  1.000000e+00
   outer loop
     vertex  1.739615e+02 -6.644593e+01  1.510000e+00
     vertex  1.744545e+02 -7.122847e+01  1.510000e+00
     vertex  1.745737e+02 -7.107314e+01  1.510000e+00
   endloop
 endfacet
 facet normal  0.000000e+00  0.000000e+00  1.000000e+00
   outer loop
     vertex  1.741790e+02 -6.661280e+01  1.510000e+00
     vertex  1.745737e+02 -7.107314e+01  1.510000e+00
     vertex  1.747290e+02 -7.095395e+01  1.510000e+00
   endloop
 endfacet
 facet normal  0.000000e+00  0.000000e+00  1.000000e+00
   outer loop
     vertex  1.741790e+02 -6.661280e+01  1.510000e+00
     vertex  1.739615e+02 -6.644593e+01  1.510000e+00
     vertex  1.745737e+02 -7.107314e+01  1.510000e+00
   endloop
 endfacet
 facet normal  0.000000e+00  0.000000e+00  1.000000e+00
   outer loop
     vertex  1.737947e+02 -6.622847e+01  1.510000e+00
     vertex  1.706005e+02 -7.411710e+01  1.510000e+00
     vertex  1.744545e+02 -7.122847e+01  1.510000e+00
   endloop
 endfacet
 facet normal  0.000000e+00  0.000000e+00  1.000000e+00
   outer loop
     vertex  1.737947e+02 -6.622847e+01  1.510000e+00
     vertex  1.744545e+02 -7.122847e+01  1.510000e+00
     vertex  1.739615e+02 -6.644593e+01  1.510000e+00
   endloop
 endfacet
 facet normal  0.000000e+00  0.000000e+00  1.000000e+00
   outer loop
     vertex  1.737947e+02 -6.622847e+01  1.510000e+00
     vertex  1.705040e+02 -7.415706e+01  1.510000e+00
     vertex  1.706005e+02 -7.411710e+01  1.510000e+00
   endloop
 endfacet
 facet normal  0.000000e+00  0.000000e+00  1.000000e+00
   outer loop
     vertex  1.744322e+02 -6.671769e+01  1.510000e+00
     vertex  1.747290e+02 -7.095395e+01  1.510000e+00
     vertex  1.749099e+02 -7.087903e+01  1.510000e+00
   endloop
 endfacet
 facet normal  0.000000e+00  0.000000e+00  1.000000e+00
   outer loop
     vertex  1.744322e+02 -6.671769e+01  1.510000e+00
     vertex  1.741790e+02 -6.661280e+01  1.510000e+00
     vertex  1.747290e+02 -7.095395e+01  1.510000e+00
   endloop
 endfacet
 facet normal  0.000000e+00  0.000000e+00  1.000000e+00
   outer loop
     vertex  1.736898e+02 -6.597523e+01  1.510000e+00
     vertex  1.705040e+02 -7.415706e+01  1.510000e+00
     vertex  1.737947e+02 -6.622847e+01  1.510000e+00
   endloop
 endfacet
 facet normal  0.000000e+00  0.000000e+00  1.000000e+00
   outer loop
     vertex  1.736898e+02 -6.597523e+01  1.510000e+00
     vertex  1.704212e+02 -7.422063e+01  1.510000e+00
     vertex  1.705040e+02 -7.415706e+01  1.510000e+00
   endloop
 endfacet
 facet normal  0.000000e+00  0.000000e+00  1.000000e+00
   outer loop
     vertex  1.747040e+02 -6.675347e+01  1.510000e+00
     vertex  1.749099e+02 -7.087903e+01  1.510000e+00
     vertex  1.751040e+02 -7.085347e+01  1.510000e+00
   endloop
 endfacet
 facet normal  0.000000e+00  0.000000e+00  1.000000e+00
   outer loop
     vertex  1.747040e+02 -6.675347e+01  1.510000e+00
     vertex  1.744322e+02 -6.671769e+01  1.510000e+00
     vertex  1.749099e+02 -7.087903e+01  1.510000e+00
   endloop
 endfacet
 facet normal  0.000000e+00  0.000000e+00  1.000000e+00
   outer loop
     vertex  1.736540e+02 -6.570347e+01  1.510000e+00
     vertex  1.704212e+02 -7.422063e+01  1.510000e+00
     vertex  1.736898e+02 -6.597523e+01  1.510000e+00
   endloop
 endfacet
 facet normal  0.000000e+00  0.000000e+00  1.000000e+00
   outer loop
     vertex  1.736540e+02 -6.570347e+01  1.510000e+00
     vertex  1.426816e+02 -6.467674e+01  1.510000e+00
     vertex  1.704212e+02 -7.422063e+01  1.510000e+00
   endloop
 endfacet
 facet normal  0.000000e+00  0.000000e+00  1.000000e+00
   outer loop
     vertex  1.749758e+02 -6.671769e+01  1.510000e+00
     vertex  1.751040e+02 -7.085347e+01  1.510000e+00
     vertex  1.752981e+02 -7.087903e+01  1.510000e+00
   endloop
 endfacet
 facet normal  0.000000e+00  0.000000e+00  1.000000e+00
   outer loop
     vertex  1.749758e+02 -6.671769e+01  1.510000e+00
     vertex  1.747040e+02 -6.675347e+01  1.510000e+00
     vertex  1.751040e+02 -7.085347e+01  1.510000e+00
   endloop
 endfacet
 facet normal  0.000000e+00  0.000000e+00  1.000000e+00
   outer loop
     vertex  1.736898e+02 -6.543171e+01  1.510000e+00
     vertex  1.426816e+02 -6.467674e+01  1.510000e+00
     vertex  1.736540e+02 -6.570347e+01  1.510000e+00
   endloop
 endfacet
 facet normal  0.000000e+00  0.000000e+00  1.000000e+00
   outer loop
     vertex  1.737947e+02 -6.517847e+01  1.510000e+00
     vertex  1.426816e+02 -6.467674e+01  1.510000e+00
     vertex  1.736898e+02 -6.543171e+01  1.510000e+00
   endloop
 endfacet
 facet normal  0.000000e+00  0.000000e+00  1.000000e+00
   outer loop
     vertex  1.752290e+02 -6.661280e+01  1.510000e+00
     vertex  1.752981e+02 -7.087903e+01  1.510000e+00
     vertex  1.754790e+02 -7.095395e+01  1.510000e+00
   endloop
 endfacet
 facet normal  0.000000e+00  0.000000e+00  1.000000e+00
   outer loop
     vertex  1.752290e+02 -6.661280e+01  1.510000e+00
     vertex  1.749758e+02 -6.671769e+01  1.510000e+00
     vertex  1.752981e+02 -7.087903e+01  1.510000e+00
   endloop
 endfacet
 facet normal  0.000000e+00  0.000000e+00  1.000000e+00
   outer loop
     vertex  1.754465e+02 -6.644593e+01  1.510000e+00
     vertex  1.752290e+02 -6.661280e+01  1.510000e+00
     vertex  1.754790e+02 -7.095395e+01  1.510000e+00
   endloop
 endfacet
 facet normal  0.000000e+00  0.000000e+00  1.000000e+00
   outer loop
     vertex  1.754465e+02 -6.644593e+01  1.510000e+00
     vertex  1.754790e+02 -7.095395e+01  1.510000e+00
     vertex  1.756343e+02 -7.107314e+01  1.510000e+00
   endloop
 endfacet
 facet normal  0.000000e+00  0.000000e+00  1.000000e+00
   outer loop
     vertex  1.751145e+02 -6.220041e+01  1.510000e+00
     vertex  1.414070e+02 -6.350000e+01  1.510000e+00
     vertex  1.426816e+02 -6.467674e+01  1.510000e+00
   endloop
 endfacet
 facet normal  0.000000e+00  0.000000e+00  1.000000e+00
   outer loop
     vertex  1.751145e+02 -6.220041e+01  1.510000e+00
     vertex  1.737947e+02 -6.517847e+01  1.510000e+00
     vertex  1.739615e+02 -6.496101e+01  1.510000e+00
   endloop
 endfacet
 facet normal  0.000000e+00  0.000000e+00  1.000000e+00
   outer loop
     vertex  1.751145e+02 -6.220041e+01  1.510000e+00
     vertex  1.739615e+02 -6.496101e+01  1.510000e+00
     vertex  1.741790e+02 -6.479414e+01  1.510000e+00
   endloop
 endfacet
 facet normal  0.000000e+00  0.000000e+00  1.000000e+00
   outer loop
     vertex  1.751145e+02 -6.220041e+01  1.510000e+00
     vertex  1.741790e+02 -6.479414e+01  1.510000e+00
     vertex  1.744322e+02 -6.468925e+01  1.510000e+00
   endloop
 endfacet
 facet normal  0.000000e+00  0.000000e+00  1.000000e+00
   outer loop
     vertex  1.751145e+02 -6.220041e+01  1.510000e+00
     vertex  1.744322e+02 -6.468925e+01  1.510000e+00
     vertex  1.747040e+02 -6.465347e+01  1.510000e+00
   endloop
 endfacet
 facet normal  0.000000e+00  0.000000e+00  1.000000e+00
   outer loop
     vertex  1.751145e+02 -6.220041e+01  1.510000e+00
     vertex  1.747040e+02 -6.465347e+01  1.510000e+00
     vertex  1.749758e+02 -6.468925e+01  1.510000e+00
   endloop
 endfacet
 facet normal  0.000000e+00  0.000000e+00  1.000000e+00
   outer loop
     vertex  1.751145e+02 -6.220041e+01  1.510000e+00
     vertex  1.749758e+02 -6.468925e+01  1.510000e+00
     vertex  1.752290e+02 -6.479414e+01  1.510000e+00
   endloop
 endfacet
 facet normal  0.000000e+00  0.000000e+00  1.000000e+00
   outer loop
     vertex  1.751145e+02 -6.220041e+01  1.510000e+00
     vertex  1.752290e+02 -6.479414e+01  1.510000e+00
     vertex  1.754465e+02 -6.496101e+01  1.510000e+00
   endloop
 endfacet
 facet normal  0.000000e+00  0.000000e+00  1.000000e+00
   outer loop
     vertex  1.751145e+02 -6.220041e+01  1.510000e+00
     vertex  1.426816e+02 -6.467674e+01  1.510000e+00
     vertex  1.737947e+02 -6.517847e+01  1.510000e+00
   endloop
 endfacet
 facet normal  0.000000e+00  0.000000e+00  1.000000e+00
   outer loop
     vertex  1.782363e+02 -6.532218e+01  1.510000e+00
     vertex  1.758540e+02 -7.980347e+01  1.510000e+00
     vertex  1.782363e+02 -8.869129e+01  1.510000e+00
   endloop
 endfacet
 facet normal  0.000000e+00  0.000000e+00  1.000000e+00
   outer loop
     vertex  1.782363e+02 -6.532218e+01  1.510000e+00
     vertex  1.758284e+02 -7.179759e+01  1.510000e+00
     vertex  1.755540e+02 -7.570347e+01  1.510000e+00
   endloop
 endfacet
 facet normal  0.000000e+00  0.000000e+00  1.000000e+00
   outer loop
     vertex  1.782363e+02 -6.532218e+01  1.510000e+00
     vertex  1.756343e+02 -7.107314e+01  1.510000e+00
     vertex  1.757535e+02 -7.122847e+01  1.510000e+00
   endloop
 endfacet
 facet normal  0.000000e+00  0.000000e+00  1.000000e+00
   outer loop
     vertex  1.782363e+02 -6.532218e+01  1.510000e+00
     vertex  1.757535e+02 -7.122847e+01  1.510000e+00
     vertex  1.758284e+02 -7.140936e+01  1.510000e+00
   endloop
 endfacet
 facet normal  0.000000e+00  0.000000e+00  1.000000e+00
   outer loop
     vertex  1.782363e+02 -6.532218e+01  1.510000e+00
     vertex  1.758284e+02 -7.140936e+01  1.510000e+00
     vertex  1.758540e+02 -7.160347e+01  1.510000e+00
   endloop
 endfacet
 facet normal  0.000000e+00  0.000000e+00  1.000000e+00
   outer loop
     vertex  1.782363e+02 -6.532218e+01  1.510000e+00
     vertex  1.758540e+02 -7.160347e+01  1.510000e+00
     vertex  1.758284e+02 -7.179759e+01  1.510000e+00
   endloop
 endfacet
 facet normal  0.000000e+00  0.000000e+00  1.000000e+00
   outer loop
     vertex  1.782363e+02 -6.532218e+01  1.510000e+00
     vertex  1.755540e+02 -7.570347e+01  1.510000e+00
     vertex  1.758284e+02 -7.960936e+01  1.510000e+00
   endloop
 endfacet
 facet normal  0.000000e+00  0.000000e+00  1.000000e+00
   outer loop
     vertex  1.782363e+02 -6.532218e+01  1.510000e+00
     vertex  1.754465e+02 -6.496101e+01  1.510000e+00
     vertex  1.756133e+02 -6.517847e+01  1.510000e+00
   endloop
 endfacet
 facet normal  0.000000e+00  0.000000e+00  1.000000e+00
   outer loop
     vertex  1.782363e+02 -6.532218e+01  1.510000e+00
     vertex  1.756133e+02 -6.517847e+01  1.510000e+00
     vertex  1.757182e+02 -6.543171e+01  1.510000e+00
   endloop
 endfacet
 facet normal  0.000000e+00  0.000000e+00  1.000000e+00
   outer loop
     vertex  1.782363e+02 -6.532218e+01  1.510000e+00
     vertex  1.757182e+02 -6.543171e+01  1.510000e+00
     vertex  1.757540e+02 -6.570347e+01  1.510000e+00
   endloop
 endfacet
 facet normal  0.000000e+00  0.000000e+00  1.000000e+00
   outer loop
     vertex  1.782363e+02 -6.532218e+01  1.510000e+00
     vertex  1.757540e+02 -6.570347e+01  1.510000e+00
     vertex  1.757182e+02 -6.597523e+01  1.510000e+00
   endloop
 endfacet
 facet normal  0.000000e+00  0.000000e+00  1.000000e+00
   outer loop
     vertex  1.782363e+02 -6.532218e+01  1.510000e+00
     vertex  1.757182e+02 -6.597523e+01  1.510000e+00
     vertex  1.756133e+02 -6.622847e+01  1.510000e+00
   endloop
 endfacet
 facet normal  0.000000e+00  0.000000e+00  1.000000e+00
   outer loop
     vertex  1.782363e+02 -6.532218e+01  1.510000e+00
     vertex  1.756133e+02 -6.622847e+01  1.510000e+00
     vertex  1.754465e+02 -6.644593e+01  1.510000e+00
   endloop
 endfacet
 facet normal  0.000000e+00  0.000000e+00  1.000000e+00
   outer loop
     vertex  1.782363e+02 -6.532218e+01  1.510000e+00
     vertex  1.754465e+02 -6.644593e+01  1.510000e+00
     vertex  1.756343e+02 -7.107314e+01  1.510000e+00
   endloop
 endfacet
 facet normal  0.000000e+00  0.000000e+00  1.000000e+00
   outer loop
     vertex  1.782363e+02 -6.532218e+01  1.510000e+00
     vertex  1.758284e+02 -7.960936e+01  1.510000e+00
     vertex  1.758540e+02 -7.980347e+01  1.510000e+00
   endloop
 endfacet
 facet normal  0.000000e+00  0.000000e+00  1.000000e+00
   outer loop
     vertex  1.782363e+02 -6.532218e+01  1.510000e+00
     vertex  1.751145e+02 -6.220041e+01  1.510000e+00
     vertex  1.754465e+02 -6.496101e+01  1.510000e+00
   endloop
 endfacet
 facet normal  0.000000e+00  0.000000e+00  1.000000e+00
   outer loop
     vertex  1.751145e+02 -6.220041e+01  1.510000e+00
     vertex  1.343916e+02 -6.220041e+01  1.510000e+00
     vertex  1.414070e+02 -6.350000e+01  1.510000e+00
   endloop
 endfacet
 facet normal  0.000000e+00  1.000000e+00  0.000000e+00
   outer loop
     vertex  1.751145e+02 -6.220041e+01  0.000000e+00
     vertex  1.343916e+02 -6.220041e+01  0.000000e+00
     vertex  1.343916e+02 -6.220041e+01  1.510000e+00
   endloop
 endfacet
 facet normal  0.000000e+00  1.000000e+00 -0.000000e+00
   outer loop
     vertex  1.751145e+02 -6.220041e+01  0.000000e+00
     vertex  1.343916e+02 -6.220041e+01  1.510000e+00
     vertex  1.751145e+02 -6.220041e+01  1.510000e+00
   endloop
 endfacet
 facet normal  7.432770e-01 -6.689838e-01  0.000000e+00
   outer loop
     vertex  1.757198e+02 -9.148740e+01  0.000000e+00
     vertex  1.782024e+02 -8.872912e+01  0.000000e+00
     vertex  1.782024e+02 -8.872912e+01  1.510000e+00
   endloop
 endfacet
 facet normal  7.432770e-01 -6.689838e-01  0.000000e+00
   outer loop
     vertex  1.757198e+02 -9.148740e+01  0.000000e+00
     vertex  1.782024e+02 -8.872912e+01  1.510000e+00
     vertex  1.757198e+02 -9.148740e+01  1.510000e+00
   endloop
 endfacet
 facet normal -7.071068e-01  7.071068e-01  0.000000e+00
   outer loop
     vertex  1.343916e+02 -6.220041e+01  0.000000e+00
     vertex  1.312698e+02 -6.532218e+01  0.000000e+00
     vertex  1.312698e+02 -6.532218e+01  1.510000e+00
   endloop
 endfacet
 facet normal -7.071068e-01  7.071068e-01  0.000000e+00
   outer loop
     vertex  1.343916e+02 -6.220041e+01  0.000000e+00
     vertex  1.312698e+02 -6.532218e+01  1.510000e+00
     vertex  1.343916e+02 -6.220041e+01  1.510000e+00
   endloop
 endfacet
 facet normal  1.000000e+00 -0.000000e+00  0.000000e+00
   outer loop
     vertex  1.757198e+02 -1.096421e+02  1.510000e+00
     vertex  1.757198e+02 -9.148740e+01  0.000000e+00
     vertex  1.757198e+02 -9.148740e+01  1.510000e+00
   endloop
 endfacet
 facet normal  1.000000e+00  0.000000e+00  0.000000e+00
   outer loop
     vertex  1.757198e+02 -1.096421e+02  0.000000e+00
     vertex  1.757198e+02 -9.148740e+01  0.000000e+00
     vertex  1.757198e+02 -1.096421e+02  1.510000e+00
   endloop
 endfacet
 facet normal -1.000000e+00  0.000000e+00  0.000000e+00
   outer loop
     vertex  1.312698e+02 -6.532218e+01  0.000000e+00
     vertex  1.312698e+02 -8.884157e+01  0.000000e+00
     vertex  1.312698e+02 -8.884157e+01  1.510000e+00
   endloop
 endfacet
 facet normal -1.000000e+00  0.000000e+00  0.000000e+00
   outer loop
     vertex  1.312698e+02 -6.532218e+01  0.000000e+00
     vertex  1.312698e+02 -8.884157e+01  1.510000e+00
     vertex  1.312698e+02 -6.532218e+01  1.510000e+00
   endloop
 endfacet
 facet normal  7.432765e-01  6.689844e-01  0.000000e+00
   outer loop
     vertex  1.782024e+02 -1.124003e+02  0.000000e+00
     vertex  1.757198e+02 -1.096421e+02  0.000000e+00
     vertex  1.757198e+02 -1.096421e+02  1.510000e+00
   endloop
 endfacet
 facet normal  7.432765e-01  6.689844e-01 -0.000000e+00
   outer loop
     vertex  1.782024e+02 -1.124003e+02  0.000000e+00
     vertex  1.757198e+02 -1.096421e+02  1.510000e+00
     vertex  1.782024e+02 -1.124003e+02  1.510000e+00
   endloop
 endfacet
 facet normal -7.475825e-01 -6.641689e-01  0.000000e+00
   outer loop
     vertex  1.312698e+02 -8.884157e+01  0.000000e+00
     vertex  1.313037e+02 -8.887967e+01  0.000000e+00
     vertex  1.313037e+02 -8.887967e+01  1.510000e+00
   endloop
 endfacet
 facet normal -7.475825e-01 -6.641689e-01  0.000000e+00
   outer loop
     vertex  1.312698e+02 -8.884157e+01  0.000000e+00
     vertex  1.313037e+02 -8.887967e+01  1.510000e+00
     vertex  1.312698e+02 -8.884157e+01  1.510000e+00
   endloop
 endfacet
 facet normal  7.473942e-01  6.643809e-01  0.000000e+00
   outer loop
     vertex  1.782363e+02 -1.124384e+02  0.000000e+00
     vertex  1.782024e+02 -1.124003e+02  0.000000e+00
     vertex  1.782024e+02 -1.124003e+02  1.510000e+00
   endloop
 endfacet
 facet normal  7.473942e-01  6.643809e-01 -0.000000e+00
   outer loop
     vertex  1.782363e+02 -1.124384e+02  0.000000e+00
     vertex  1.782024e+02 -1.124003e+02  1.510000e+00
     vertex  1.782363e+02 -1.124384e+02  1.510000e+00
   endloop
 endfacet
 facet normal -7.432654e-01 -6.689967e-01  0.000000e+00
   outer loop
     vertex  1.313037e+02 -8.887967e+01  0.000000e+00
     vertex  1.336511e+02 -9.148767e+01  0.000000e+00
     vertex  1.336511e+02 -9.148767e+01  1.510000e+00
   endloop
 endfacet
 facet normal -7.432654e-01 -6.689967e-01  0.000000e+00
   outer loop
     vertex  1.313037e+02 -8.887967e+01  0.000000e+00
     vertex  1.336511e+02 -9.148767e+01  1.510000e+00
     vertex  1.313037e+02 -8.887967e+01  1.510000e+00
   endloop
 endfacet
 facet normal  1.000000e+00  0.000000e+00  0.000000e+00
   outer loop
     vertex  1.782363e+02 -1.235712e+02  0.000000e+00
     vertex  1.782363e+02 -1.124384e+02  0.000000e+00
     vertex  1.782363e+02 -1.124384e+02  1.510000e+00
   endloop
 endfacet
 facet normal  1.000000e+00  0.000000e+00  0.000000e+00
   outer loop
     vertex  1.782363e+02 -1.235712e+02  0.000000e+00
     vertex  1.782363e+02 -1.124384e+02  1.510000e+00
     vertex  1.782363e+02 -1.235712e+02  1.510000e+00
   endloop
 endfacet
 facet normal -1.000000e+00  0.000000e+00  0.000000e+00
   outer loop
     vertex  1.336511e+02 -9.148767e+01  0.000000e+00
     vertex  1.336511e+02 -1.096421e+02  0.000000e+00
     vertex  1.336511e+02 -1.096421e+02  1.510000e+00
   endloop
 endfacet
 facet normal -1.000000e+00  0.000000e+00  0.000000e+00
   outer loop
     vertex  1.336511e+02 -9.148767e+01  0.000000e+00
     vertex  1.336511e+02 -1.096421e+02  1.510000e+00
     vertex  1.336511e+02 -9.148767e+01  1.510000e+00
   endloop
 endfacet
 facet normal  7.071061e-01 -7.071075e-01  0.000000e+00
   outer loop
     vertex  1.603180e+02 -1.414894e+02  0.000000e+00
     vertex  1.782363e+02 -1.235712e+02  0.000000e+00
     vertex  1.782363e+02 -1.235712e+02  1.510000e+00
   endloop
 endfacet
 facet normal  7.071061e-01 -7.071075e-01  0.000000e+00
   outer loop
     vertex  1.603180e+02 -1.414894e+02  0.000000e+00
     vertex  1.782363e+02 -1.235712e+02  1.510000e+00
     vertex  1.603180e+02 -1.414894e+02  1.510000e+00
   endloop
 endfacet
 facet normal -7.432986e-01  6.689598e-01  0.000000e+00
   outer loop
     vertex  1.336511e+02 -1.096421e+02  0.000000e+00
     vertex  1.313037e+02 -1.122503e+02  0.000000e+00
     vertex  1.313037e+02 -1.122503e+02  1.510000e+00
   endloop
 endfacet
 facet normal -7.432986e-01  6.689598e-01  0.000000e+00
   outer loop
     vertex  1.336511e+02 -1.096421e+02  0.000000e+00
     vertex  1.313037e+02 -1.122503e+02  1.510000e+00
     vertex  1.336511e+02 -1.096421e+02  1.510000e+00
   endloop
 endfacet
 facet normal  0.000000e+00 -1.000000e+00  0.000000e+00
   outer loop
     vertex  1.343916e+02 -1.414894e+02  0.000000e+00
     vertex  1.603180e+02 -1.414894e+02  0.000000e+00
     vertex  1.603180e+02 -1.414894e+02  1.510000e+00
   endloop
 endfacet
 facet normal  0.000000e+00 -1.000000e+00  0.000000e+00
   outer loop
     vertex  1.343916e+02 -1.414894e+02  0.000000e+00
     vertex  1.603180e+02 -1.414894e+02  1.510000e+00
     vertex  1.343916e+02 -1.414894e+02  1.510000e+00
   endloop
 endfacet
 facet normal -7.475998e-01  6.641495e-01  0.000000e+00
   outer loop
     vertex  1.313037e+02 -1.122503e+02  0.000000e+00
     vertex  1.312698e+02 -1.122884e+02  0.000000e+00
     vertex  1.312698e+02 -1.122884e+02  1.510000e+00
   endloop
 endfacet
 facet normal -7.475998e-01  6.641495e-01  0.000000e+00
   outer loop
     vertex  1.313037e+02 -1.122503e+02  0.000000e+00
     vertex  1.312698e+02 -1.122884e+02  1.510000e+00
     vertex  1.313037e+02 -1.122503e+02  1.510000e+00
   endloop
 endfacet
 facet normal -7.071120e-01 -7.071016e-01  0.000000e+00
   outer loop
     vertex  1.312698e+02 -1.383676e+02  0.000000e+00
     vertex  1.343916e+02 -1.414894e+02  0.000000e+00
     vertex  1.343916e+02 -1.414894e+02  1.510000e+00
   endloop
 endfacet
 facet normal -7.071120e-01 -7.071016e-01  0.000000e+00
   outer loop
     vertex  1.312698e+02 -1.383676e+02  0.000000e+00
     vertex  1.343916e+02 -1.414894e+02  1.510000e+00
     vertex  1.312698e+02 -1.383676e+02  1.510000e+00
   endloop
 endfacet
 facet normal -1.000000e+00  0.000000e+00  0.000000e+00
   outer loop
     vertex  1.312698e+02 -1.122884e+02  0.000000e+00
     vertex  1.312698e+02 -1.383676e+02  0.000000e+00
     vertex  1.312698e+02 -1.383676e+02  1.510000e+00
   endloop
 endfacet
 facet normal -1.000000e+00  0.000000e+00  0.000000e+00
   outer loop
     vertex  1.312698e+02 -1.122884e+02  0.000000e+00
     vertex  1.312698e+02 -1.383676e+02  1.510000e+00
     vertex  1.312698e+02 -1.122884e+02  1.510000e+00
   endloop
 endfacet
 facet normal -1.305262e-01  9.914449e-01  0.000000e+00
   outer loop
     vertex  1.351758e+02 -1.387177e+02  0.000000e+00
     vertex  1.349040e+02 -1.387535e+02  0.000000e+00
     vertex  1.349040e+02 -1.387535e+02  1.510000e+00
   endloop
 endfacet
 facet normal -1.305262e-01  9.914449e-01  0.000000e+00
   outer loop
     vertex  1.351758e+02 -1.387177e+02  0.000000e+00
     vertex  1.349040e+02 -1.387535e+02  1.510000e+00
     vertex  1.351758e+02 -1.387177e+02  1.510000e+00
   endloop
 endfacet
 facet normal -3.826834e-01  9.238795e-01  0.000000e+00
   outer loop
     vertex  1.354290e+02 -1.386128e+02  0.000000e+00
     vertex  1.351758e+02 -1.387177e+02  1.510000e+00
     vertex  1.354290e+02 -1.386128e+02  1.510000e+00
   endloop
 endfacet
 facet normal -3.826834e-01  9.238795e-01  0.000000e+00
   outer loop
     vertex  1.354290e+02 -1.386128e+02  0.000000e+00
     vertex  1.351758e+02 -1.387177e+02  0.000000e+00
     vertex  1.351758e+02 -1.387177e+02  1.510000e+00
   endloop
 endfacet
 facet normal -6.087614e-01  7.933533e-01  0.000000e+00
   outer loop
     vertex  1.356465e+02 -1.384459e+02  0.000000e+00
     vertex  1.354290e+02 -1.386128e+02  1.510000e+00
     vertex  1.356465e+02 -1.384459e+02  1.510000e+00
   endloop
 endfacet
 facet normal -6.087614e-01  7.933533e-01  0.000000e+00
   outer loop
     vertex  1.356465e+02 -1.384459e+02  0.000000e+00
     vertex  1.354290e+02 -1.386128e+02  0.000000e+00
     vertex  1.354290e+02 -1.386128e+02  1.510000e+00
   endloop
 endfacet
 facet normal -7.933533e-01  6.087614e-01  0.000000e+00
   outer loop
     vertex  1.358133e+02 -1.382285e+02  0.000000e+00
     vertex  1.356465e+02 -1.384459e+02  1.510000e+00
     vertex  1.358133e+02 -1.382285e+02  1.510000e+00
   endloop
 endfacet
 facet normal -7.933533e-01  6.087614e-01  0.000000e+00
   outer loop
     vertex  1.358133e+02 -1.382285e+02  0.000000e+00
     vertex  1.356465e+02 -1.384459e+02  0.000000e+00
     vertex  1.356465e+02 -1.384459e+02  1.510000e+00
   endloop
 endfacet
 facet normal -9.238795e-01  3.826834e-01  0.000000e+00
   outer loop
     vertex  1.359182e+02 -1.379752e+02  0.000000e+00
     vertex  1.358133e+02 -1.382285e+02  1.510000e+00
     vertex  1.359182e+02 -1.379752e+02  1.510000e+00
   endloop
 endfacet
 facet normal -9.238795e-01  3.826834e-01  0.000000e+00
   outer loop
     vertex  1.359182e+02 -1.379752e+02  0.000000e+00
     vertex  1.358133e+02 -1.382285e+02  0.000000e+00
     vertex  1.358133e+02 -1.382285e+02  1.510000e+00
   endloop
 endfacet
 facet normal -9.914449e-01  1.305262e-01  0.000000e+00
   outer loop
     vertex  1.359540e+02 -1.377035e+02  0.000000e+00
     vertex  1.359182e+02 -1.379752e+02  1.510000e+00
     vertex  1.359540e+02 -1.377035e+02  1.510000e+00
   endloop
 endfacet
 facet normal -9.914449e-01  1.305262e-01  0.000000e+00
   outer loop
     vertex  1.359540e+02 -1.377035e+02  0.000000e+00
     vertex  1.359182e+02 -1.379752e+02  0.000000e+00
     vertex  1.359182e+02 -1.379752e+02  1.510000e+00
   endloop
 endfacet
 facet normal -9.914449e-01 -1.305262e-01  0.000000e+00
   outer loop
     vertex  1.359182e+02 -1.374317e+02  0.000000e+00
     vertex  1.359540e+02 -1.377035e+02  1.510000e+00
     vertex  1.359182e+02 -1.374317e+02  1.510000e+00
   endloop
 endfacet
 facet normal -9.914449e-01 -1.305262e-01  0.000000e+00
   outer loop
     vertex  1.359182e+02 -1.374317e+02  0.000000e+00
     vertex  1.359540e+02 -1.377035e+02  0.000000e+00
     vertex  1.359540e+02 -1.377035e+02  1.510000e+00
   endloop
 endfacet
 facet normal -9.238795e-01 -3.826834e-01  0.000000e+00
   outer loop
     vertex  1.358133e+02 -1.371785e+02  0.000000e+00
     vertex  1.359182e+02 -1.374317e+02  1.510000e+00
     vertex  1.358133e+02 -1.371785e+02  1.510000e+00
   endloop
 endfacet
 facet normal -9.238795e-01 -3.826834e-01  0.000000e+00
   outer loop
     vertex  1.358133e+02 -1.371785e+02  0.000000e+00
     vertex  1.359182e+02 -1.374317e+02  0.000000e+00
     vertex  1.359182e+02 -1.374317e+02  1.510000e+00
   endloop
 endfacet
 facet normal -7.933533e-01 -6.087614e-01  0.000000e+00
   outer loop
     vertex  1.356465e+02 -1.369610e+02  0.000000e+00
     vertex  1.358133e+02 -1.371785e+02  1.510000e+00
     vertex  1.356465e+02 -1.369610e+02  1.510000e+00
   endloop
 endfacet
 facet normal -7.933533e-01 -6.087614e-01  0.000000e+00
   outer loop
     vertex  1.356465e+02 -1.369610e+02  0.000000e+00
     vertex  1.358133e+02 -1.371785e+02  0.000000e+00
     vertex  1.358133e+02 -1.371785e+02  1.510000e+00
   endloop
 endfacet
 facet normal -6.087614e-01 -7.933533e-01  0.000000e+00
   outer loop
     vertex  1.354290e+02 -1.367941e+02  0.000000e+00
     vertex  1.356465e+02 -1.369610e+02  1.510000e+00
     vertex  1.354290e+02 -1.367941e+02  1.510000e+00
   endloop
 endfacet
 facet normal -6.087614e-01 -7.933533e-01  0.000000e+00
   outer loop
     vertex  1.354290e+02 -1.367941e+02  0.000000e+00
     vertex  1.356465e+02 -1.369610e+02  0.000000e+00
     vertex  1.356465e+02 -1.369610e+02  1.510000e+00
   endloop
 endfacet
 facet normal -3.826834e-01 -9.238795e-01  0.000000e+00
   outer loop
     vertex  1.351758e+02 -1.366892e+02  0.000000e+00
     vertex  1.354290e+02 -1.367941e+02  1.510000e+00
     vertex  1.351758e+02 -1.366892e+02  1.510000e+00
   endloop
 endfacet
 facet normal -3.826834e-01 -9.238795e-01  0.000000e+00
   outer loop
     vertex  1.351758e+02 -1.366892e+02  0.000000e+00
     vertex  1.354290e+02 -1.367941e+02  0.000000e+00
     vertex  1.354290e+02 -1.367941e+02  1.510000e+00
   endloop
 endfacet
 facet normal -1.305262e-01 -9.914449e-01  0.000000e+00
   outer loop
     vertex  1.349040e+02 -1.366535e+02  0.000000e+00
     vertex  1.351758e+02 -1.366892e+02  1.510000e+00
     vertex  1.349040e+02 -1.366535e+02  1.510000e+00
   endloop
 endfacet
 facet normal -1.305262e-01 -9.914449e-01  0.000000e+00
   outer loop
     vertex  1.349040e+02 -1.366535e+02  0.000000e+00
     vertex  1.351758e+02 -1.366892e+02  0.000000e+00
     vertex  1.351758e+02 -1.366892e+02  1.510000e+00
   endloop
 endfacet
 facet normal  1.305262e-01 -9.914449e-01  0.000000e+00
   outer loop
     vertex  1.346322e+02 -1.366892e+02  0.000000e+00
     vertex  1.349040e+02 -1.366535e+02  1.510000e+00
     vertex  1.346322e+02 -1.366892e+02  1.510000e+00
   endloop
 endfacet
 facet normal  1.305262e-01 -9.914449e-01  0.000000e+00
   outer loop
     vertex  1.346322e+02 -1.366892e+02  0.000000e+00
     vertex  1.349040e+02 -1.366535e+02  0.000000e+00
     vertex  1.349040e+02 -1.366535e+02  1.510000e+00
   endloop
 endfacet
 facet normal  3.826834e-01 -9.238795e-01  0.000000e+00
   outer loop
     vertex  1.343790e+02 -1.367941e+02  0.000000e+00
     vertex  1.346322e+02 -1.366892e+02  0.000000e+00
     vertex  1.346322e+02 -1.366892e+02  1.510000e+00
   endloop
 endfacet
 facet normal  3.826834e-01 -9.238795e-01  0.000000e+00
   outer loop
     vertex  1.343790e+02 -1.367941e+02  0.000000e+00
     vertex  1.346322e+02 -1.366892e+02  1.510000e+00
     vertex  1.343790e+02 -1.367941e+02  1.510000e+00
   endloop
 endfacet
 facet normal  6.087614e-01 -7.933533e-01  0.000000e+00
   outer loop
     vertex  1.341615e+02 -1.369610e+02  0.000000e+00
     vertex  1.343790e+02 -1.367941e+02  0.000000e+00
     vertex  1.343790e+02 -1.367941e+02  1.510000e+00
   endloop
 endfacet
 facet normal  7.933533e-01 -6.087614e-01  0.000000e+00
   outer loop
     vertex  1.341615e+02 -1.369610e+02  0.000000e+00
     vertex  1.341615e+02 -1.369610e+02  1.510000e+00
     vertex  1.339947e+02 -1.371785e+02  1.510000e+00
   endloop
 endfacet
 facet normal  6.087614e-01 -7.933533e-01  0.000000e+00
   outer loop
     vertex  1.341615e+02 -1.369610e+02  0.000000e+00
     vertex  1.343790e+02 -1.367941e+02  1.510000e+00
     vertex  1.341615e+02 -1.369610e+02  1.510000e+00
   endloop
 endfacet
 facet normal  7.933533e-01 -6.087614e-01  0.000000e+00
   outer loop
     vertex  1.339947e+02 -1.371785e+02  0.000000e+00
     vertex  1.341615e+02 -1.369610e+02  0.000000e+00
     vertex  1.339947e+02 -1.371785e+02  1.510000e+00
   endloop
 endfacet
 facet normal  9.238795e-01 -3.826834e-01  0.000000e+00
   outer loop
     vertex  1.339947e+02 -1.371785e+02  0.000000e+00
     vertex  1.339947e+02 -1.371785e+02  1.510000e+00
     vertex  1.338898e+02 -1.374317e+02  1.510000e+00
   endloop
 endfacet
 facet normal  9.238795e-01 -3.826834e-01  0.000000e+00
   outer loop
     vertex  1.338898e+02 -1.374317e+02  0.000000e+00
     vertex  1.339947e+02 -1.371785e+02  0.000000e+00
     vertex  1.338898e+02 -1.374317e+02  1.510000e+00
   endloop
 endfacet
 facet normal  9.914449e-01 -1.305262e-01  0.000000e+00
   outer loop
     vertex  1.338540e+02 -1.377035e+02  0.000000e+00
     vertex  1.338898e+02 -1.374317e+02  0.000000e+00
     vertex  1.338898e+02 -1.374317e+02  1.510000e+00
   endloop
 endfacet
 facet normal  9.914449e-01 -1.305262e-01  0.000000e+00
   outer loop
     vertex  1.338540e+02 -1.377035e+02  0.000000e+00
     vertex  1.338898e+02 -1.374317e+02  1.510000e+00
     vertex  1.338540e+02 -1.377035e+02  1.510000e+00
   endloop
 endfacet
 facet normal  9.914449e-01  1.305262e-01 -0.000000e+00
   outer loop
     vertex  1.338898e+02 -1.379752e+02  0.000000e+00
     vertex  1.338540e+02 -1.377035e+02  1.510000e+00
     vertex  1.338898e+02 -1.379752e+02  1.510000e+00
   endloop
 endfacet
 facet normal  9.914449e-01  1.305262e-01  0.000000e+00
   outer loop
     vertex  1.338898e+02 -1.379752e+02  0.000000e+00
     vertex  1.338540e+02 -1.377035e+02  0.000000e+00
     vertex  1.338540e+02 -1.377035e+02  1.510000e+00
   endloop
 endfacet
 facet normal  9.238795e-01  3.826834e-01 -0.000000e+00
   outer loop
     vertex  1.339947e+02 -1.382285e+02  0.000000e+00
     vertex  1.338898e+02 -1.379752e+02  1.510000e+00
     vertex  1.339947e+02 -1.382285e+02  1.510000e+00
   endloop
 endfacet
 facet normal  9.238795e-01  3.826834e-01  0.000000e+00
   outer loop
     vertex  1.339947e+02 -1.382285e+02  0.000000e+00
     vertex  1.338898e+02 -1.379752e+02  0.000000e+00
     vertex  1.338898e+02 -1.379752e+02  1.510000e+00
   endloop
 endfacet
 facet normal  6.087614e-01  7.933533e-01 -0.000000e+00
   outer loop
     vertex  1.341615e+02 -1.384459e+02  0.000000e+00
     vertex  1.341615e+02 -1.384459e+02  1.510000e+00
     vertex  1.343790e+02 -1.386128e+02  1.510000e+00
   endloop
 endfacet
 facet normal  7.933533e-01  6.087614e-01 -0.000000e+00
   outer loop
     vertex  1.341615e+02 -1.384459e+02  0.000000e+00
     vertex  1.339947e+02 -1.382285e+02  1.510000e+00
     vertex  1.341615e+02 -1.384459e+02  1.510000e+00
   endloop
 endfacet
 facet normal  7.933533e-01  6.087614e-01  0.000000e+00
   outer loop
     vertex  1.341615e+02 -1.384459e+02  0.000000e+00
     vertex  1.339947e+02 -1.382285e+02  0.000000e+00
     vertex  1.339947e+02 -1.382285e+02  1.510000e+00
   endloop
 endfacet
 facet normal  6.087614e-01  7.933533e-01 -0.000000e+00
   outer loop
     vertex  1.343790e+02 -1.386128e+02  0.000000e+00
     vertex  1.341615e+02 -1.384459e+02  0.000000e+00
     vertex  1.343790e+02 -1.386128e+02  1.510000e+00
   endloop
 endfacet
 facet normal  3.826834e-01  9.238795e-01 -0.000000e+00
   outer loop
     vertex  1.346322e+02 -1.387177e+02  0.000000e+00
     vertex  1.343790e+02 -1.386128e+02  1.510000e+00
     vertex  1.346322e+02 -1.387177e+02  1.510000e+00
   endloop
 endfacet
 facet normal  3.826834e-01  9.238795e-01  0.000000e+00
   outer loop
     vertex  1.346322e+02 -1.387177e+02  0.000000e+00
     vertex  1.343790e+02 -1.386128e+02  0.000000e+00
     vertex  1.343790e+02 -1.386128e+02  1.510000e+00
   endloop
 endfacet
 facet normal  1.305262e-01  9.914449e-01 -0.000000e+00
   outer loop
     vertex  1.349040e+02 -1.387535e+02  0.000000e+00
     vertex  1.346322e+02 -1.387177e+02  1.510000e+00
     vertex  1.349040e+02 -1.387535e+02  1.510000e+00
   endloop
 endfacet
 facet normal  1.305262e-01  9.914449e-01  0.000000e+00
   outer loop
     vertex  1.349040e+02 -1.387535e+02  0.000000e+00
     vertex  1.346322e+02 -1.387177e+02  0.000000e+00
     vertex  1.346322e+02 -1.387177e+02  1.510000e+00
   endloop
 endfacet
 facet normal -1.305262e-01  9.914449e-01  0.000000e+00
   outer loop
     vertex  1.342075e+02 -1.322898e+02  0.000000e+00
     vertex  1.341040e+02 -1.323035e+02  0.000000e+00
     vertex  1.341040e+02 -1.323035e+02  1.510000e+00
   endloop
 endfacet
 facet normal -1.305262e-01  9.914449e-01  0.000000e+00
   outer loop
     vertex  1.342075e+02 -1.322898e+02  0.000000e+00
     vertex  1.341040e+02 -1.323035e+02  1.510000e+00
     vertex  1.342075e+02 -1.322898e+02  1.510000e+00
   endloop
 endfacet
 facet normal -3.826834e-01  9.238795e-01  0.000000e+00
   outer loop
     vertex  1.343040e+02 -1.322499e+02  0.000000e+00
     vertex  1.342075e+02 -1.322898e+02  1.510000e+00
     vertex  1.343040e+02 -1.322499e+02  1.510000e+00
   endloop
 endfacet
 facet normal -3.826834e-01  9.238795e-01  0.000000e+00
   outer loop
     vertex  1.343040e+02 -1.322499e+02  0.000000e+00
     vertex  1.342075e+02 -1.322898e+02  0.000000e+00
     vertex  1.342075e+02 -1.322898e+02  1.510000e+00
   endloop
 endfacet
 facet normal -6.087614e-01  7.933533e-01  0.000000e+00
   outer loop
     vertex  1.343868e+02 -1.321863e+02  0.000000e+00
     vertex  1.343040e+02 -1.322499e+02  1.510000e+00
     vertex  1.343868e+02 -1.321863e+02  1.510000e+00
   endloop
 endfacet
 facet normal -6.087614e-01  7.933533e-01  0.000000e+00
   outer loop
     vertex  1.343868e+02 -1.321863e+02  0.000000e+00
     vertex  1.343040e+02 -1.322499e+02  0.000000e+00
     vertex  1.343040e+02 -1.322499e+02  1.510000e+00
   endloop
 endfacet
 facet normal -7.933533e-01  6.087614e-01  0.000000e+00
   outer loop
     vertex  1.344504e+02 -1.321035e+02  0.000000e+00
     vertex  1.343868e+02 -1.321863e+02  1.510000e+00
     vertex  1.344504e+02 -1.321035e+02  1.510000e+00
   endloop
 endfacet
 facet normal -7.933533e-01  6.087614e-01  0.000000e+00
   outer loop
     vertex  1.344504e+02 -1.321035e+02  0.000000e+00
     vertex  1.343868e+02 -1.321863e+02  0.000000e+00
     vertex  1.343868e+02 -1.321863e+02  1.510000e+00
   endloop
 endfacet
 facet normal -9.238795e-01  3.826834e-01  0.000000e+00
   outer loop
     vertex  1.344904e+02 -1.320070e+02  0.000000e+00
     vertex  1.344504e+02 -1.321035e+02  1.510000e+00
     vertex  1.344904e+02 -1.320070e+02  1.510000e+00
   endloop
 endfacet
 facet normal -9.238795e-01  3.826834e-01  0.000000e+00
   outer loop
     vertex  1.344904e+02 -1.320070e+02  0.000000e+00
     vertex  1.344504e+02 -1.321035e+02  0.000000e+00
     vertex  1.344504e+02 -1.321035e+02  1.510000e+00
   endloop
 endfacet
 facet normal -9.914449e-01  1.305262e-01  0.000000e+00
   outer loop
     vertex  1.345040e+02 -1.319035e+02  0.000000e+00
     vertex  1.344904e+02 -1.320070e+02  1.510000e+00
     vertex  1.345040e+02 -1.319035e+02  1.510000e+00
   endloop
 endfacet
 facet normal -9.914449e-01  1.305262e-01  0.000000e+00
   outer loop
     vertex  1.345040e+02 -1.319035e+02  0.000000e+00
     vertex  1.344904e+02 -1.320070e+02  0.000000e+00
     vertex  1.344904e+02 -1.320070e+02  1.510000e+00
   endloop
 endfacet
 facet normal -9.914449e-01 -1.305262e-01  0.000000e+00
   outer loop
     vertex  1.344904e+02 -1.317999e+02  0.000000e+00
     vertex  1.345040e+02 -1.319035e+02  1.510000e+00
     vertex  1.344904e+02 -1.317999e+02  1.510000e+00
   endloop
 endfacet
 facet normal -9.914449e-01 -1.305262e-01  0.000000e+00
   outer loop
     vertex  1.344904e+02 -1.317999e+02  0.000000e+00
     vertex  1.345040e+02 -1.319035e+02  0.000000e+00
     vertex  1.345040e+02 -1.319035e+02  1.510000e+00
   endloop
 endfacet
 facet normal -9.238795e-01 -3.826834e-01  0.000000e+00
   outer loop
     vertex  1.344504e+02 -1.317035e+02  0.000000e+00
     vertex  1.344904e+02 -1.317999e+02  1.510000e+00
     vertex  1.344504e+02 -1.317035e+02  1.510000e+00
   endloop
 endfacet
 facet normal -9.238795e-01 -3.826834e-01  0.000000e+00
   outer loop
     vertex  1.344504e+02 -1.317035e+02  0.000000e+00
     vertex  1.344904e+02 -1.317999e+02  0.000000e+00
     vertex  1.344904e+02 -1.317999e+02  1.510000e+00
   endloop
 endfacet
 facet normal -7.933533e-01 -6.087614e-01  0.000000e+00
   outer loop
     vertex  1.343868e+02 -1.316206e+02  0.000000e+00
     vertex  1.344504e+02 -1.317035e+02  1.510000e+00
     vertex  1.343868e+02 -1.316206e+02  1.510000e+00
   endloop
 endfacet
 facet normal -7.933533e-01 -6.087614e-01  0.000000e+00
   outer loop
     vertex  1.343868e+02 -1.316206e+02  0.000000e+00
     vertex  1.344504e+02 -1.317035e+02  0.000000e+00
     vertex  1.344504e+02 -1.317035e+02  1.510000e+00
   endloop
 endfacet
 facet normal -6.087614e-01 -7.933533e-01  0.000000e+00
   outer loop
     vertex  1.343040e+02 -1.315571e+02  0.000000e+00
     vertex  1.343868e+02 -1.316206e+02  1.510000e+00
     vertex  1.343040e+02 -1.315571e+02  1.510000e+00
   endloop
 endfacet
 facet normal -6.087614e-01 -7.933533e-01  0.000000e+00
   outer loop
     vertex  1.343040e+02 -1.315571e+02  0.000000e+00
     vertex  1.343868e+02 -1.316206e+02  0.000000e+00
     vertex  1.343868e+02 -1.316206e+02  1.510000e+00
   endloop
 endfacet
 facet normal -3.826834e-01 -9.238795e-01  0.000000e+00
   outer loop
     vertex  1.342075e+02 -1.315171e+02  0.000000e+00
     vertex  1.343040e+02 -1.315571e+02  1.510000e+00
     vertex  1.342075e+02 -1.315171e+02  1.510000e+00
   endloop
 endfacet
 facet normal -3.826834e-01 -9.238795e-01  0.000000e+00
   outer loop
     vertex  1.342075e+02 -1.315171e+02  0.000000e+00
     vertex  1.343040e+02 -1.315571e+02  0.000000e+00
     vertex  1.343040e+02 -1.315571e+02  1.510000e+00
   endloop
 endfacet
 facet normal -1.305262e-01 -9.914449e-01  0.000000e+00
   outer loop
     vertex  1.341040e+02 -1.315035e+02  0.000000e+00
     vertex  1.342075e+02 -1.315171e+02  1.510000e+00
     vertex  1.341040e+02 -1.315035e+02  1.510000e+00
   endloop
 endfacet
 facet normal -1.305262e-01 -9.914449e-01  0.000000e+00
   outer loop
     vertex  1.341040e+02 -1.315035e+02  0.000000e+00
     vertex  1.342075e+02 -1.315171e+02  0.000000e+00
     vertex  1.342075e+02 -1.315171e+02  1.510000e+00
   endloop
 endfacet
 facet normal  1.305262e-01 -9.914449e-01  0.000000e+00
   outer loop
     vertex  1.340005e+02 -1.315171e+02  0.000000e+00
     vertex  1.341040e+02 -1.315035e+02  1.510000e+00
     vertex  1.340005e+02 -1.315171e+02  1.510000e+00
   endloop
 endfacet
 facet normal  1.305262e-01 -9.914449e-01  0.000000e+00
   outer loop
     vertex  1.340005e+02 -1.315171e+02  0.000000e+00
     vertex  1.341040e+02 -1.315035e+02  0.000000e+00
     vertex  1.341040e+02 -1.315035e+02  1.510000e+00
   endloop
 endfacet
 facet normal  3.826834e-01 -9.238795e-01  0.000000e+00
   outer loop
     vertex  1.339040e+02 -1.315571e+02  0.000000e+00
     vertex  1.340005e+02 -1.315171e+02  0.000000e+00
     vertex  1.340005e+02 -1.315171e+02  1.510000e+00
   endloop
 endfacet
 facet normal  3.826834e-01 -9.238795e-01  0.000000e+00
   outer loop
     vertex  1.339040e+02 -1.315571e+02  0.000000e+00
     vertex  1.340005e+02 -1.315171e+02  1.510000e+00
     vertex  1.339040e+02 -1.315571e+02  1.510000e+00
   endloop
 endfacet
 facet normal  6.087614e-01 -7.933533e-01  0.000000e+00
   outer loop
     vertex  1.338212e+02 -1.316206e+02  0.000000e+00
     vertex  1.339040e+02 -1.315571e+02  0.000000e+00
     vertex  1.339040e+02 -1.315571e+02  1.510000e+00
   endloop
 endfacet
 facet normal  7.933533e-01 -6.087614e-01  0.000000e+00
   outer loop
     vertex  1.338212e+02 -1.316206e+02  0.000000e+00
     vertex  1.338212e+02 -1.316206e+02  1.510000e+00
     vertex  1.337576e+02 -1.317035e+02  1.510000e+00
   endloop
 endfacet
 facet normal  6.087614e-01 -7.933533e-01  0.000000e+00
   outer loop
     vertex  1.338212e+02 -1.316206e+02  0.000000e+00
     vertex  1.339040e+02 -1.315571e+02  1.510000e+00
     vertex  1.338212e+02 -1.316206e+02  1.510000e+00
   endloop
 endfacet
 facet normal  7.933533e-01 -6.087614e-01  0.000000e+00
   outer loop
     vertex  1.337576e+02 -1.317035e+02  0.000000e+00
     vertex  1.338212e+02 -1.316206e+02  0.000000e+00
     vertex  1.337576e+02 -1.317035e+02  1.510000e+00
   endloop
 endfacet
 facet normal  9.238795e-01 -3.826834e-01  0.000000e+00
   outer loop
     vertex  1.337576e+02 -1.317035e+02  0.000000e+00
     vertex  1.337576e+02 -1.317035e+02  1.510000e+00
     vertex  1.337176e+02 -1.317999e+02  1.510000e+00
   endloop
 endfacet
 facet normal  9.238795e-01 -3.826834e-01  0.000000e+00
   outer loop
     vertex  1.337176e+02 -1.317999e+02  0.000000e+00
     vertex  1.337576e+02 -1.317035e+02  0.000000e+00
     vertex  1.337176e+02 -1.317999e+02  1.510000e+00
   endloop
 endfacet
 facet normal  9.914449e-01 -1.305262e-01  0.000000e+00
   outer loop
     vertex  1.337040e+02 -1.319035e+02  0.000000e+00
     vertex  1.337176e+02 -1.317999e+02  0.000000e+00
     vertex  1.337176e+02 -1.317999e+02  1.510000e+00
   endloop
 endfacet
 facet normal  9.914449e-01 -1.305262e-01  0.000000e+00
   outer loop
     vertex  1.337040e+02 -1.319035e+02  0.000000e+00
     vertex  1.337176e+02 -1.317999e+02  1.510000e+00
     vertex  1.337040e+02 -1.319035e+02  1.510000e+00
   endloop
 endfacet
 facet normal  9.914449e-01  1.305262e-01 -0.000000e+00
   outer loop
     vertex  1.337176e+02 -1.320070e+02  0.000000e+00
     vertex  1.337040e+02 -1.319035e+02  1.510000e+00
     vertex  1.337176e+02 -1.320070e+02  1.510000e+00
   endloop
 endfacet
 facet normal  9.914449e-01  1.305262e-01  0.000000e+00
   outer loop
     vertex  1.337176e+02 -1.320070e+02  0.000000e+00
     vertex  1.337040e+02 -1.319035e+02  0.000000e+00
     vertex  1.337040e+02 -1.319035e+02  1.510000e+00
   endloop
 endfacet
 facet normal  9.238795e-01  3.826834e-01 -0.000000e+00
   outer loop
     vertex  1.337576e+02 -1.321035e+02  0.000000e+00
     vertex  1.337176e+02 -1.320070e+02  1.510000e+00
     vertex  1.337576e+02 -1.321035e+02  1.510000e+00
   endloop
 endfacet
 facet normal  9.238795e-01  3.826834e-01  0.000000e+00
   outer loop
     vertex  1.337576e+02 -1.321035e+02  0.000000e+00
     vertex  1.337176e+02 -1.320070e+02  0.000000e+00
     vertex  1.337176e+02 -1.320070e+02  1.510000e+00
   endloop
 endfacet
 facet normal  6.087614e-01  7.933533e-01 -0.000000e+00
   outer loop
     vertex  1.338212e+02 -1.321863e+02  0.000000e+00
     vertex  1.338212e+02 -1.321863e+02  1.510000e+00
     vertex  1.339040e+02 -1.322499e+02  1.510000e+00
   endloop
 endfacet
 facet normal  7.933533e-01  6.087614e-01 -0.000000e+00
   outer loop
     vertex  1.338212e+02 -1.321863e+02  0.000000e+00
     vertex  1.337576e+02 -1.321035e+02  1.510000e+00
     vertex  1.338212e+02 -1.321863e+02  1.510000e+00
   endloop
 endfacet
 facet normal  7.933533e-01  6.087614e-01  0.000000e+00
   outer loop
     vertex  1.338212e+02 -1.321863e+02  0.000000e+00
     vertex  1.337576e+02 -1.321035e+02  0.000000e+00
     vertex  1.337576e+02 -1.321035e+02  1.510000e+00
   endloop
 endfacet
 facet normal  6.087614e-01  7.933533e-01 -0.000000e+00
   outer loop
     vertex  1.339040e+02 -1.322499e+02  0.000000e+00
     vertex  1.338212e+02 -1.321863e+02  0.000000e+00
     vertex  1.339040e+02 -1.322499e+02  1.510000e+00
   endloop
 endfacet
 facet normal  3.826834e-01  9.238795e-01 -0.000000e+00
   outer loop
     vertex  1.340005e+02 -1.322898e+02  0.000000e+00
     vertex  1.339040e+02 -1.322499e+02  1.510000e+00
     vertex  1.340005e+02 -1.322898e+02  1.510000e+00
   endloop
 endfacet
 facet normal  3.826834e-01  9.238795e-01  0.000000e+00
   outer loop
     vertex  1.340005e+02 -1.322898e+02  0.000000e+00
     vertex  1.339040e+02 -1.322499e+02  0.000000e+00
     vertex  1.339040e+02 -1.322499e+02  1.510000e+00
   endloop
 endfacet
 facet normal  1.305262e-01  9.914449e-01 -0.000000e+00
   outer loop
     vertex  1.341040e+02 -1.323035e+02  0.000000e+00
     vertex  1.340005e+02 -1.322898e+02  1.510000e+00
     vertex  1.341040e+02 -1.323035e+02  1.510000e+00
   endloop
 endfacet
 facet normal  1.305262e-01  9.914449e-01  0.000000e+00
   outer loop
     vertex  1.341040e+02 -1.323035e+02  0.000000e+00
     vertex  1.340005e+02 -1.322898e+02  0.000000e+00
     vertex  1.340005e+02 -1.322898e+02  1.510000e+00
   endloop
 endfacet
 facet normal -1.305262e-01  9.914449e-01  0.000000e+00
   outer loop
     vertex  1.362075e+02 -1.322898e+02  0.000000e+00
     vertex  1.361040e+02 -1.323035e+02  0.000000e+00
     vertex  1.361040e+02 -1.323035e+02  1.510000e+00
   endloop
 endfacet
 facet normal -1.305262e-01  9.914449e-01  0.000000e+00
   outer loop
     vertex  1.362075e+02 -1.322898e+02  0.000000e+00
     vertex  1.361040e+02 -1.323035e+02  1.510000e+00
     vertex  1.362075e+02 -1.322898e+02  1.510000e+00
   endloop
 endfacet
 facet normal -3.826834e-01  9.238795e-01  0.000000e+00
   outer loop
     vertex  1.363040e+02 -1.322499e+02  0.000000e+00
     vertex  1.362075e+02 -1.322898e+02  1.510000e+00
     vertex  1.363040e+02 -1.322499e+02  1.510000e+00
   endloop
 endfacet
 facet normal -3.826834e-01  9.238795e-01  0.000000e+00
   outer loop
     vertex  1.363040e+02 -1.322499e+02  0.000000e+00
     vertex  1.362075e+02 -1.322898e+02  0.000000e+00
     vertex  1.362075e+02 -1.322898e+02  1.510000e+00
   endloop
 endfacet
 facet normal -6.087614e-01  7.933533e-01  0.000000e+00
   outer loop
     vertex  1.363868e+02 -1.321863e+02  0.000000e+00
     vertex  1.363040e+02 -1.322499e+02  1.510000e+00
     vertex  1.363868e+02 -1.321863e+02  1.510000e+00
   endloop
 endfacet
 facet normal -6.087614e-01  7.933533e-01  0.000000e+00
   outer loop
     vertex  1.363868e+02 -1.321863e+02  0.000000e+00
     vertex  1.363040e+02 -1.322499e+02  0.000000e+00
     vertex  1.363040e+02 -1.322499e+02  1.510000e+00
   endloop
 endfacet
 facet normal -7.933533e-01  6.087614e-01  0.000000e+00
   outer loop
     vertex  1.364504e+02 -1.321035e+02  0.000000e+00
     vertex  1.363868e+02 -1.321863e+02  1.510000e+00
     vertex  1.364504e+02 -1.321035e+02  1.510000e+00
   endloop
 endfacet
 facet normal -7.933533e-01  6.087614e-01  0.000000e+00
   outer loop
     vertex  1.364504e+02 -1.321035e+02  0.000000e+00
     vertex  1.363868e+02 -1.321863e+02  0.000000e+00
     vertex  1.363868e+02 -1.321863e+02  1.510000e+00
   endloop
 endfacet
 facet normal -9.238795e-01  3.826834e-01  0.000000e+00
   outer loop
     vertex  1.364904e+02 -1.320070e+02  0.000000e+00
     vertex  1.364504e+02 -1.321035e+02  1.510000e+00
     vertex  1.364904e+02 -1.320070e+02  1.510000e+00
   endloop
 endfacet
 facet normal -9.238795e-01  3.826834e-01  0.000000e+00
   outer loop
     vertex  1.364904e+02 -1.320070e+02  0.000000e+00
     vertex  1.364504e+02 -1.321035e+02  0.000000e+00
     vertex  1.364504e+02 -1.321035e+02  1.510000e+00
   endloop
 endfacet
 facet normal -9.914449e-01  1.305262e-01  0.000000e+00
   outer loop
     vertex  1.365040e+02 -1.319035e+02  0.000000e+00
     vertex  1.364904e+02 -1.320070e+02  1.510000e+00
     vertex  1.365040e+02 -1.319035e+02  1.510000e+00
   endloop
 endfacet
 facet normal -9.914449e-01  1.305262e-01  0.000000e+00
   outer loop
     vertex  1.365040e+02 -1.319035e+02  0.000000e+00
     vertex  1.364904e+02 -1.320070e+02  0.000000e+00
     vertex  1.364904e+02 -1.320070e+02  1.510000e+00
   endloop
 endfacet
 facet normal -9.914449e-01 -1.305262e-01  0.000000e+00
   outer loop
     vertex  1.364904e+02 -1.317999e+02  0.000000e+00
     vertex  1.365040e+02 -1.319035e+02  1.510000e+00
     vertex  1.364904e+02 -1.317999e+02  1.510000e+00
   endloop
 endfacet
 facet normal -9.914449e-01 -1.305262e-01  0.000000e+00
   outer loop
     vertex  1.364904e+02 -1.317999e+02  0.000000e+00
     vertex  1.365040e+02 -1.319035e+02  0.000000e+00
     vertex  1.365040e+02 -1.319035e+02  1.510000e+00
   endloop
 endfacet
 facet normal -9.238795e-01 -3.826834e-01  0.000000e+00
   outer loop
     vertex  1.364504e+02 -1.317035e+02  0.000000e+00
     vertex  1.364904e+02 -1.317999e+02  1.510000e+00
     vertex  1.364504e+02 -1.317035e+02  1.510000e+00
   endloop
 endfacet
 facet normal -9.238795e-01 -3.826834e-01  0.000000e+00
   outer loop
     vertex  1.364504e+02 -1.317035e+02  0.000000e+00
     vertex  1.364904e+02 -1.317999e+02  0.000000e+00
     vertex  1.364904e+02 -1.317999e+02  1.510000e+00
   endloop
 endfacet
 facet normal -7.933533e-01 -6.087614e-01  0.000000e+00
   outer loop
     vertex  1.363868e+02 -1.316206e+02  0.000000e+00
     vertex  1.364504e+02 -1.317035e+02  1.510000e+00
     vertex  1.363868e+02 -1.316206e+02  1.510000e+00
   endloop
 endfacet
 facet normal -7.933533e-01 -6.087614e-01  0.000000e+00
   outer loop
     vertex  1.363868e+02 -1.316206e+02  0.000000e+00
     vertex  1.364504e+02 -1.317035e+02  0.000000e+00
     vertex  1.364504e+02 -1.317035e+02  1.510000e+00
   endloop
 endfacet
 facet normal -6.087614e-01 -7.933533e-01  0.000000e+00
   outer loop
     vertex  1.363040e+02 -1.315571e+02  0.000000e+00
     vertex  1.363868e+02 -1.316206e+02  1.510000e+00
     vertex  1.363040e+02 -1.315571e+02  1.510000e+00
   endloop
 endfacet
 facet normal -6.087614e-01 -7.933533e-01  0.000000e+00
   outer loop
     vertex  1.363040e+02 -1.315571e+02  0.000000e+00
     vertex  1.363868e+02 -1.316206e+02  0.000000e+00
     vertex  1.363868e+02 -1.316206e+02  1.510000e+00
   endloop
 endfacet
 facet normal -3.826834e-01 -9.238795e-01  0.000000e+00
   outer loop
     vertex  1.362075e+02 -1.315171e+02  0.000000e+00
     vertex  1.363040e+02 -1.315571e+02  1.510000e+00
     vertex  1.362075e+02 -1.315171e+02  1.510000e+00
   endloop
 endfacet
 facet normal -3.826834e-01 -9.238795e-01  0.000000e+00
   outer loop
     vertex  1.362075e+02 -1.315171e+02  0.000000e+00
     vertex  1.363040e+02 -1.315571e+02  0.000000e+00
     vertex  1.363040e+02 -1.315571e+02  1.510000e+00
   endloop
 endfacet
 facet normal -1.305262e-01 -9.914449e-01  0.000000e+00
   outer loop
     vertex  1.361040e+02 -1.315035e+02  0.000000e+00
     vertex  1.362075e+02 -1.315171e+02  1.510000e+00
     vertex  1.361040e+02 -1.315035e+02  1.510000e+00
   endloop
 endfacet
 facet normal -1.305262e-01 -9.914449e-01  0.000000e+00
   outer loop
     vertex  1.361040e+02 -1.315035e+02  0.000000e+00
     vertex  1.362075e+02 -1.315171e+02  0.000000e+00
     vertex  1.362075e+02 -1.315171e+02  1.510000e+00
   endloop
 endfacet
 facet normal  1.305262e-01 -9.914449e-01  0.000000e+00
   outer loop
     vertex  1.360005e+02 -1.315171e+02  0.000000e+00
     vertex  1.361040e+02 -1.315035e+02  1.510000e+00
     vertex  1.360005e+02 -1.315171e+02  1.510000e+00
   endloop
 endfacet
 facet normal  1.305262e-01 -9.914449e-01  0.000000e+00
   outer loop
     vertex  1.360005e+02 -1.315171e+02  0.000000e+00
     vertex  1.361040e+02 -1.315035e+02  0.000000e+00
     vertex  1.361040e+02 -1.315035e+02  1.510000e+00
   endloop
 endfacet
 facet normal  3.826834e-01 -9.238795e-01  0.000000e+00
   outer loop
     vertex  1.359040e+02 -1.315571e+02  0.000000e+00
     vertex  1.360005e+02 -1.315171e+02  0.000000e+00
     vertex  1.360005e+02 -1.315171e+02  1.510000e+00
   endloop
 endfacet
 facet normal  3.826834e-01 -9.238795e-01  0.000000e+00
   outer loop
     vertex  1.359040e+02 -1.315571e+02  0.000000e+00
     vertex  1.360005e+02 -1.315171e+02  1.510000e+00
     vertex  1.359040e+02 -1.315571e+02  1.510000e+00
   endloop
 endfacet
 facet normal  6.087614e-01 -7.933533e-01  0.000000e+00
   outer loop
     vertex  1.358212e+02 -1.316206e+02  0.000000e+00
     vertex  1.359040e+02 -1.315571e+02  0.000000e+00
     vertex  1.359040e+02 -1.315571e+02  1.510000e+00
   endloop
 endfacet
 facet normal  7.933533e-01 -6.087614e-01  0.000000e+00
   outer loop
     vertex  1.358212e+02 -1.316206e+02  0.000000e+00
     vertex  1.358212e+02 -1.316206e+02  1.510000e+00
     vertex  1.357576e+02 -1.317035e+02  1.510000e+00
   endloop
 endfacet
 facet normal  6.087614e-01 -7.933533e-01  0.000000e+00
   outer loop
     vertex  1.358212e+02 -1.316206e+02  0.000000e+00
     vertex  1.359040e+02 -1.315571e+02  1.510000e+00
     vertex  1.358212e+02 -1.316206e+02  1.510000e+00
   endloop
 endfacet
 facet normal  7.933533e-01 -6.087614e-01  0.000000e+00
   outer loop
     vertex  1.357576e+02 -1.317035e+02  0.000000e+00
     vertex  1.358212e+02 -1.316206e+02  0.000000e+00
     vertex  1.357576e+02 -1.317035e+02  1.510000e+00
   endloop
 endfacet
 facet normal  9.238795e-01 -3.826834e-01  0.000000e+00
   outer loop
     vertex  1.357576e+02 -1.317035e+02  0.000000e+00
     vertex  1.357576e+02 -1.317035e+02  1.510000e+00
     vertex  1.357176e+02 -1.317999e+02  1.510000e+00
   endloop
 endfacet
 facet normal  9.238795e-01 -3.826834e-01  0.000000e+00
   outer loop
     vertex  1.357176e+02 -1.317999e+02  0.000000e+00
     vertex  1.357576e+02 -1.317035e+02  0.000000e+00
     vertex  1.357176e+02 -1.317999e+02  1.510000e+00
   endloop
 endfacet
 facet normal  9.914449e-01 -1.305262e-01  0.000000e+00
   outer loop
     vertex  1.357040e+02 -1.319035e+02  0.000000e+00
     vertex  1.357176e+02 -1.317999e+02  0.000000e+00
     vertex  1.357176e+02 -1.317999e+02  1.510000e+00
   endloop
 endfacet
 facet normal  9.914449e-01 -1.305262e-01  0.000000e+00
   outer loop
     vertex  1.357040e+02 -1.319035e+02  0.000000e+00
     vertex  1.357176e+02 -1.317999e+02  1.510000e+00
     vertex  1.357040e+02 -1.319035e+02  1.510000e+00
   endloop
 endfacet
 facet normal  9.914449e-01  1.305262e-01 -0.000000e+00
   outer loop
     vertex  1.357176e+02 -1.320070e+02  0.000000e+00
     vertex  1.357040e+02 -1.319035e+02  1.510000e+00
     vertex  1.357176e+02 -1.320070e+02  1.510000e+00
   endloop
 endfacet
 facet normal  9.914449e-01  1.305262e-01  0.000000e+00
   outer loop
     vertex  1.357176e+02 -1.320070e+02  0.000000e+00
     vertex  1.357040e+02 -1.319035e+02  0.000000e+00
     vertex  1.357040e+02 -1.319035e+02  1.510000e+00
   endloop
 endfacet
 facet normal  9.238795e-01  3.826834e-01 -0.000000e+00
   outer loop
     vertex  1.357576e+02 -1.321035e+02  0.000000e+00
     vertex  1.357176e+02 -1.320070e+02  1.510000e+00
     vertex  1.357576e+02 -1.321035e+02  1.510000e+00
   endloop
 endfacet
 facet normal  9.238795e-01  3.826834e-01  0.000000e+00
   outer loop
     vertex  1.357576e+02 -1.321035e+02  0.000000e+00
     vertex  1.357176e+02 -1.320070e+02  0.000000e+00
     vertex  1.357176e+02 -1.320070e+02  1.510000e+00
   endloop
 endfacet
 facet normal  6.087614e-01  7.933533e-01 -0.000000e+00
   outer loop
     vertex  1.358212e+02 -1.321863e+02  0.000000e+00
     vertex  1.358212e+02 -1.321863e+02  1.510000e+00
     vertex  1.359040e+02 -1.322499e+02  1.510000e+00
   endloop
 endfacet
 facet normal  7.933533e-01  6.087614e-01 -0.000000e+00
   outer loop
     vertex  1.358212e+02 -1.321863e+02  0.000000e+00
     vertex  1.357576e+02 -1.321035e+02  1.510000e+00
     vertex  1.358212e+02 -1.321863e+02  1.510000e+00
   endloop
 endfacet
 facet normal  7.933533e-01  6.087614e-01  0.000000e+00
   outer loop
     vertex  1.358212e+02 -1.321863e+02  0.000000e+00
     vertex  1.357576e+02 -1.321035e+02  0.000000e+00
     vertex  1.357576e+02 -1.321035e+02  1.510000e+00
   endloop
 endfacet
 facet normal  6.087614e-01  7.933533e-01 -0.000000e+00
   outer loop
     vertex  1.359040e+02 -1.322499e+02  0.000000e+00
     vertex  1.358212e+02 -1.321863e+02  0.000000e+00
     vertex  1.359040e+02 -1.322499e+02  1.510000e+00
   endloop
 endfacet
 facet normal  3.826834e-01  9.238795e-01 -0.000000e+00
   outer loop
     vertex  1.360005e+02 -1.322898e+02  0.000000e+00
     vertex  1.359040e+02 -1.322499e+02  1.510000e+00
     vertex  1.360005e+02 -1.322898e+02  1.510000e+00
   endloop
 endfacet
 facet normal  3.826834e-01  9.238795e-01  0.000000e+00
   outer loop
     vertex  1.360005e+02 -1.322898e+02  0.000000e+00
     vertex  1.359040e+02 -1.322499e+02  0.000000e+00
     vertex  1.359040e+02 -1.322499e+02  1.510000e+00
   endloop
 endfacet
 facet normal  1.305262e-01  9.914449e-01 -0.000000e+00
   outer loop
     vertex  1.361040e+02 -1.323035e+02  0.000000e+00
     vertex  1.360005e+02 -1.322898e+02  1.510000e+00
     vertex  1.361040e+02 -1.323035e+02  1.510000e+00
   endloop
 endfacet
 facet normal  1.305262e-01  9.914449e-01  0.000000e+00
   outer loop
     vertex  1.361040e+02 -1.323035e+02  0.000000e+00
     vertex  1.360005e+02 -1.322898e+02  0.000000e+00
     vertex  1.360005e+02 -1.322898e+02  1.510000e+00
   endloop
 endfacet
 facet normal -1.305262e-01  9.914449e-01  0.000000e+00
   outer loop
     vertex  1.342075e+02 -1.288898e+02  0.000000e+00
     vertex  1.341040e+02 -1.289035e+02  0.000000e+00
     vertex  1.341040e+02 -1.289035e+02  1.510000e+00
   endloop
 endfacet
 facet normal -1.305262e-01  9.914449e-01  0.000000e+00
   outer loop
     vertex  1.342075e+02 -1.288898e+02  0.000000e+00
     vertex  1.341040e+02 -1.289035e+02  1.510000e+00
     vertex  1.342075e+02 -1.288898e+02  1.510000e+00
   endloop
 endfacet
 facet normal -3.826834e-01  9.238795e-01  0.000000e+00
   outer loop
     vertex  1.343040e+02 -1.288499e+02  0.000000e+00
     vertex  1.342075e+02 -1.288898e+02  1.510000e+00
     vertex  1.343040e+02 -1.288499e+02  1.510000e+00
   endloop
 endfacet
 facet normal -3.826834e-01  9.238795e-01  0.000000e+00
   outer loop
     vertex  1.343040e+02 -1.288499e+02  0.000000e+00
     vertex  1.342075e+02 -1.288898e+02  0.000000e+00
     vertex  1.342075e+02 -1.288898e+02  1.510000e+00
   endloop
 endfacet
 facet normal -6.087614e-01  7.933533e-01  0.000000e+00
   outer loop
     vertex  1.343868e+02 -1.287863e+02  0.000000e+00
     vertex  1.343040e+02 -1.288499e+02  1.510000e+00
     vertex  1.343868e+02 -1.287863e+02  1.510000e+00
   endloop
 endfacet
 facet normal -6.087614e-01  7.933533e-01  0.000000e+00
   outer loop
     vertex  1.343868e+02 -1.287863e+02  0.000000e+00
     vertex  1.343040e+02 -1.288499e+02  0.000000e+00
     vertex  1.343040e+02 -1.288499e+02  1.510000e+00
   endloop
 endfacet
 facet normal -7.933533e-01  6.087614e-01  0.000000e+00
   outer loop
     vertex  1.344504e+02 -1.287035e+02  0.000000e+00
     vertex  1.343868e+02 -1.287863e+02  1.510000e+00
     vertex  1.344504e+02 -1.287035e+02  1.510000e+00
   endloop
 endfacet
 facet normal -7.933533e-01  6.087614e-01  0.000000e+00
   outer loop
     vertex  1.344504e+02 -1.287035e+02  0.000000e+00
     vertex  1.343868e+02 -1.287863e+02  0.000000e+00
     vertex  1.343868e+02 -1.287863e+02  1.510000e+00
   endloop
 endfacet
 facet normal -9.238795e-01  3.826834e-01  0.000000e+00
   outer loop
     vertex  1.344904e+02 -1.286070e+02  0.000000e+00
     vertex  1.344504e+02 -1.287035e+02  1.510000e+00
     vertex  1.344904e+02 -1.286070e+02  1.510000e+00
   endloop
 endfacet
 facet normal -9.238795e-01  3.826834e-01  0.000000e+00
   outer loop
     vertex  1.344904e+02 -1.286070e+02  0.000000e+00
     vertex  1.344504e+02 -1.287035e+02  0.000000e+00
     vertex  1.344504e+02 -1.287035e+02  1.510000e+00
   endloop
 endfacet
 facet normal -9.914449e-01  1.305262e-01  0.000000e+00
   outer loop
     vertex  1.345040e+02 -1.285035e+02  0.000000e+00
     vertex  1.344904e+02 -1.286070e+02  1.510000e+00
     vertex  1.345040e+02 -1.285035e+02  1.510000e+00
   endloop
 endfacet
 facet normal -9.914449e-01  1.305262e-01  0.000000e+00
   outer loop
     vertex  1.345040e+02 -1.285035e+02  0.000000e+00
     vertex  1.344904e+02 -1.286070e+02  0.000000e+00
     vertex  1.344904e+02 -1.286070e+02  1.510000e+00
   endloop
 endfacet
 facet normal -9.914449e-01 -1.305262e-01  0.000000e+00
   outer loop
     vertex  1.344904e+02 -1.283999e+02  0.000000e+00
     vertex  1.345040e+02 -1.285035e+02  1.510000e+00
     vertex  1.344904e+02 -1.283999e+02  1.510000e+00
   endloop
 endfacet
 facet normal -9.914449e-01 -1.305262e-01  0.000000e+00
   outer loop
     vertex  1.344904e+02 -1.283999e+02  0.000000e+00
     vertex  1.345040e+02 -1.285035e+02  0.000000e+00
     vertex  1.345040e+02 -1.285035e+02  1.510000e+00
   endloop
 endfacet
 facet normal -9.238795e-01 -3.826834e-01  0.000000e+00
   outer loop
     vertex  1.344504e+02 -1.283035e+02  0.000000e+00
     vertex  1.344904e+02 -1.283999e+02  1.510000e+00
     vertex  1.344504e+02 -1.283035e+02  1.510000e+00
   endloop
 endfacet
 facet normal -9.238795e-01 -3.826834e-01  0.000000e+00
   outer loop
     vertex  1.344504e+02 -1.283035e+02  0.000000e+00
     vertex  1.344904e+02 -1.283999e+02  0.000000e+00
     vertex  1.344904e+02 -1.283999e+02  1.510000e+00
   endloop
 endfacet
 facet normal -7.933533e-01 -6.087614e-01  0.000000e+00
   outer loop
     vertex  1.343868e+02 -1.282206e+02  0.000000e+00
     vertex  1.344504e+02 -1.283035e+02  1.510000e+00
     vertex  1.343868e+02 -1.282206e+02  1.510000e+00
   endloop
 endfacet
 facet normal -7.933533e-01 -6.087614e-01  0.000000e+00
   outer loop
     vertex  1.343868e+02 -1.282206e+02  0.000000e+00
     vertex  1.344504e+02 -1.283035e+02  0.000000e+00
     vertex  1.344504e+02 -1.283035e+02  1.510000e+00
   endloop
 endfacet
 facet normal -6.087614e-01 -7.933533e-01  0.000000e+00
   outer loop
     vertex  1.343040e+02 -1.281571e+02  0.000000e+00
     vertex  1.343868e+02 -1.282206e+02  1.510000e+00
     vertex  1.343040e+02 -1.281571e+02  1.510000e+00
   endloop
 endfacet
 facet normal -6.087614e-01 -7.933533e-01  0.000000e+00
   outer loop
     vertex  1.343040e+02 -1.281571e+02  0.000000e+00
     vertex  1.343868e+02 -1.282206e+02  0.000000e+00
     vertex  1.343868e+02 -1.282206e+02  1.510000e+00
   endloop
 endfacet
 facet normal -3.826834e-01 -9.238795e-01  0.000000e+00
   outer loop
     vertex  1.342075e+02 -1.281171e+02  0.000000e+00
     vertex  1.343040e+02 -1.281571e+02  1.510000e+00
     vertex  1.342075e+02 -1.281171e+02  1.510000e+00
   endloop
 endfacet
 facet normal -3.826834e-01 -9.238795e-01  0.000000e+00
   outer loop
     vertex  1.342075e+02 -1.281171e+02  0.000000e+00
     vertex  1.343040e+02 -1.281571e+02  0.000000e+00
     vertex  1.343040e+02 -1.281571e+02  1.510000e+00
   endloop
 endfacet
 facet normal -1.305262e-01 -9.914449e-01  0.000000e+00
   outer loop
     vertex  1.341040e+02 -1.281035e+02  0.000000e+00
     vertex  1.342075e+02 -1.281171e+02  1.510000e+00
     vertex  1.341040e+02 -1.281035e+02  1.510000e+00
   endloop
 endfacet
 facet normal -1.305262e-01 -9.914449e-01  0.000000e+00
   outer loop
     vertex  1.341040e+02 -1.281035e+02  0.000000e+00
     vertex  1.342075e+02 -1.281171e+02  0.000000e+00
     vertex  1.342075e+02 -1.281171e+02  1.510000e+00
   endloop
 endfacet
 facet normal  1.305262e-01 -9.914449e-01  0.000000e+00
   outer loop
     vertex  1.340005e+02 -1.281171e+02  0.000000e+00
     vertex  1.341040e+02 -1.281035e+02  1.510000e+00
     vertex  1.340005e+02 -1.281171e+02  1.510000e+00
   endloop
 endfacet
 facet normal  1.305262e-01 -9.914449e-01  0.000000e+00
   outer loop
     vertex  1.340005e+02 -1.281171e+02  0.000000e+00
     vertex  1.341040e+02 -1.281035e+02  0.000000e+00
     vertex  1.341040e+02 -1.281035e+02  1.510000e+00
   endloop
 endfacet
 facet normal  3.826834e-01 -9.238795e-01  0.000000e+00
   outer loop
     vertex  1.339040e+02 -1.281571e+02  0.000000e+00
     vertex  1.340005e+02 -1.281171e+02  0.000000e+00
     vertex  1.340005e+02 -1.281171e+02  1.510000e+00
   endloop
 endfacet
 facet normal  3.826834e-01 -9.238795e-01  0.000000e+00
   outer loop
     vertex  1.339040e+02 -1.281571e+02  0.000000e+00
     vertex  1.340005e+02 -1.281171e+02  1.510000e+00
     vertex  1.339040e+02 -1.281571e+02  1.510000e+00
   endloop
 endfacet
 facet normal  6.087614e-01 -7.933533e-01  0.000000e+00
   outer loop
     vertex  1.338212e+02 -1.282206e+02  0.000000e+00
     vertex  1.339040e+02 -1.281571e+02  0.000000e+00
     vertex  1.339040e+02 -1.281571e+02  1.510000e+00
   endloop
 endfacet
 facet normal  7.933533e-01 -6.087614e-01  0.000000e+00
   outer loop
     vertex  1.338212e+02 -1.282206e+02  0.000000e+00
     vertex  1.338212e+02 -1.282206e+02  1.510000e+00
     vertex  1.337576e+02 -1.283035e+02  1.510000e+00
   endloop
 endfacet
 facet normal  6.087614e-01 -7.933533e-01  0.000000e+00
   outer loop
     vertex  1.338212e+02 -1.282206e+02  0.000000e+00
     vertex  1.339040e+02 -1.281571e+02  1.510000e+00
     vertex  1.338212e+02 -1.282206e+02  1.510000e+00
   endloop
 endfacet
 facet normal  7.933533e-01 -6.087614e-01  0.000000e+00
   outer loop
     vertex  1.337576e+02 -1.283035e+02  0.000000e+00
     vertex  1.338212e+02 -1.282206e+02  0.000000e+00
     vertex  1.337576e+02 -1.283035e+02  1.510000e+00
   endloop
 endfacet
 facet normal  9.238795e-01 -3.826834e-01  0.000000e+00
   outer loop
     vertex  1.337576e+02 -1.283035e+02  0.000000e+00
     vertex  1.337576e+02 -1.283035e+02  1.510000e+00
     vertex  1.337176e+02 -1.283999e+02  1.510000e+00
   endloop
 endfacet
 facet normal  9.238795e-01 -3.826834e-01  0.000000e+00
   outer loop
     vertex  1.337176e+02 -1.283999e+02  0.000000e+00
     vertex  1.337576e+02 -1.283035e+02  0.000000e+00
     vertex  1.337176e+02 -1.283999e+02  1.510000e+00
   endloop
 endfacet
 facet normal  9.914449e-01 -1.305262e-01  0.000000e+00
   outer loop
     vertex  1.337040e+02 -1.285035e+02  0.000000e+00
     vertex  1.337176e+02 -1.283999e+02  0.000000e+00
     vertex  1.337176e+02 -1.283999e+02  1.510000e+00
   endloop
 endfacet
 facet normal  9.914449e-01 -1.305262e-01  0.000000e+00
   outer loop
     vertex  1.337040e+02 -1.285035e+02  0.000000e+00
     vertex  1.337176e+02 -1.283999e+02  1.510000e+00
     vertex  1.337040e+02 -1.285035e+02  1.510000e+00
   endloop
 endfacet
 facet normal  9.914449e-01  1.305262e-01 -0.000000e+00
   outer loop
     vertex  1.337176e+02 -1.286070e+02  0.000000e+00
     vertex  1.337040e+02 -1.285035e+02  1.510000e+00
     vertex  1.337176e+02 -1.286070e+02  1.510000e+00
   endloop
 endfacet
 facet normal  9.914449e-01  1.305262e-01  0.000000e+00
   outer loop
     vertex  1.337176e+02 -1.286070e+02  0.000000e+00
     vertex  1.337040e+02 -1.285035e+02  0.000000e+00
     vertex  1.337040e+02 -1.285035e+02  1.510000e+00
   endloop
 endfacet
 facet normal  9.238795e-01  3.826834e-01 -0.000000e+00
   outer loop
     vertex  1.337576e+02 -1.287035e+02  0.000000e+00
     vertex  1.337176e+02 -1.286070e+02  1.510000e+00
     vertex  1.337576e+02 -1.287035e+02  1.510000e+00
   endloop
 endfacet
 facet normal  9.238795e-01  3.826834e-01  0.000000e+00
   outer loop
     vertex  1.337576e+02 -1.287035e+02  0.000000e+00
     vertex  1.337176e+02 -1.286070e+02  0.000000e+00
     vertex  1.337176e+02 -1.286070e+02  1.510000e+00
   endloop
 endfacet
 facet normal  6.087614e-01  7.933533e-01 -0.000000e+00
   outer loop
     vertex  1.338212e+02 -1.287863e+02  0.000000e+00
     vertex  1.338212e+02 -1.287863e+02  1.510000e+00
     vertex  1.339040e+02 -1.288499e+02  1.510000e+00
   endloop
 endfacet
 facet normal  7.933533e-01  6.087614e-01 -0.000000e+00
   outer loop
     vertex  1.338212e+02 -1.287863e+02  0.000000e+00
     vertex  1.337576e+02 -1.287035e+02  1.510000e+00
     vertex  1.338212e+02 -1.287863e+02  1.510000e+00
   endloop
 endfacet
 facet normal  7.933533e-01  6.087614e-01  0.000000e+00
   outer loop
     vertex  1.338212e+02 -1.287863e+02  0.000000e+00
     vertex  1.337576e+02 -1.287035e+02  0.000000e+00
     vertex  1.337576e+02 -1.287035e+02  1.510000e+00
   endloop
 endfacet
 facet normal  6.087614e-01  7.933533e-01 -0.000000e+00
   outer loop
     vertex  1.339040e+02 -1.288499e+02  0.000000e+00
     vertex  1.338212e+02 -1.287863e+02  0.000000e+00
     vertex  1.339040e+02 -1.288499e+02  1.510000e+00
   endloop
 endfacet
 facet normal  3.826834e-01  9.238795e-01 -0.000000e+00
   outer loop
     vertex  1.340005e+02 -1.288898e+02  0.000000e+00
     vertex  1.339040e+02 -1.288499e+02  1.510000e+00
     vertex  1.340005e+02 -1.288898e+02  1.510000e+00
   endloop
 endfacet
 facet normal  3.826834e-01  9.238795e-01  0.000000e+00
   outer loop
     vertex  1.340005e+02 -1.288898e+02  0.000000e+00
     vertex  1.339040e+02 -1.288499e+02  0.000000e+00
     vertex  1.339040e+02 -1.288499e+02  1.510000e+00
   endloop
 endfacet
 facet normal  1.305262e-01  9.914449e-01 -0.000000e+00
   outer loop
     vertex  1.341040e+02 -1.289035e+02  0.000000e+00
     vertex  1.340005e+02 -1.288898e+02  1.510000e+00
     vertex  1.341040e+02 -1.289035e+02  1.510000e+00
   endloop
 endfacet
 facet normal  1.305262e-01  9.914449e-01  0.000000e+00
   outer loop
     vertex  1.341040e+02 -1.289035e+02  0.000000e+00
     vertex  1.340005e+02 -1.288898e+02  0.000000e+00
     vertex  1.340005e+02 -1.288898e+02  1.510000e+00
   endloop
 endfacet
 facet normal -1.305262e-01  9.914449e-01  0.000000e+00
   outer loop
     vertex  1.342075e+02 -1.254898e+02  0.000000e+00
     vertex  1.341040e+02 -1.255035e+02  0.000000e+00
     vertex  1.341040e+02 -1.255035e+02  1.510000e+00
   endloop
 endfacet
 facet normal -1.305262e-01  9.914449e-01  0.000000e+00
   outer loop
     vertex  1.342075e+02 -1.254898e+02  0.000000e+00
     vertex  1.341040e+02 -1.255035e+02  1.510000e+00
     vertex  1.342075e+02 -1.254898e+02  1.510000e+00
   endloop
 endfacet
 facet normal -3.826834e-01  9.238795e-01  0.000000e+00
   outer loop
     vertex  1.343040e+02 -1.254499e+02  0.000000e+00
     vertex  1.342075e+02 -1.254898e+02  1.510000e+00
     vertex  1.343040e+02 -1.254499e+02  1.510000e+00
   endloop
 endfacet
 facet normal -3.826834e-01  9.238795e-01  0.000000e+00
   outer loop
     vertex  1.343040e+02 -1.254499e+02  0.000000e+00
     vertex  1.342075e+02 -1.254898e+02  0.000000e+00
     vertex  1.342075e+02 -1.254898e+02  1.510000e+00
   endloop
 endfacet
 facet normal -6.087614e-01  7.933533e-01  0.000000e+00
   outer loop
     vertex  1.343868e+02 -1.253863e+02  0.000000e+00
     vertex  1.343040e+02 -1.254499e+02  1.510000e+00
     vertex  1.343868e+02 -1.253863e+02  1.510000e+00
   endloop
 endfacet
 facet normal -6.087614e-01  7.933533e-01  0.000000e+00
   outer loop
     vertex  1.343868e+02 -1.253863e+02  0.000000e+00
     vertex  1.343040e+02 -1.254499e+02  0.000000e+00
     vertex  1.343040e+02 -1.254499e+02  1.510000e+00
   endloop
 endfacet
 facet normal -7.933533e-01  6.087614e-01  0.000000e+00
   outer loop
     vertex  1.344504e+02 -1.253035e+02  0.000000e+00
     vertex  1.343868e+02 -1.253863e+02  1.510000e+00
     vertex  1.344504e+02 -1.253035e+02  1.510000e+00
   endloop
 endfacet
 facet normal -7.933533e-01  6.087614e-01  0.000000e+00
   outer loop
     vertex  1.344504e+02 -1.253035e+02  0.000000e+00
     vertex  1.343868e+02 -1.253863e+02  0.000000e+00
     vertex  1.343868e+02 -1.253863e+02  1.510000e+00
   endloop
 endfacet
 facet normal -9.238795e-01  3.826834e-01  0.000000e+00
   outer loop
     vertex  1.344904e+02 -1.252070e+02  0.000000e+00
     vertex  1.344504e+02 -1.253035e+02  1.510000e+00
     vertex  1.344904e+02 -1.252070e+02  1.510000e+00
   endloop
 endfacet
 facet normal -9.238795e-01  3.826834e-01  0.000000e+00
   outer loop
     vertex  1.344904e+02 -1.252070e+02  0.000000e+00
     vertex  1.344504e+02 -1.253035e+02  0.000000e+00
     vertex  1.344504e+02 -1.253035e+02  1.510000e+00
   endloop
 endfacet
 facet normal -9.914449e-01  1.305262e-01  0.000000e+00
   outer loop
     vertex  1.345040e+02 -1.251035e+02  0.000000e+00
     vertex  1.344904e+02 -1.252070e+02  1.510000e+00
     vertex  1.345040e+02 -1.251035e+02  1.510000e+00
   endloop
 endfacet
 facet normal -9.914449e-01  1.305262e-01  0.000000e+00
   outer loop
     vertex  1.345040e+02 -1.251035e+02  0.000000e+00
     vertex  1.344904e+02 -1.252070e+02  0.000000e+00
     vertex  1.344904e+02 -1.252070e+02  1.510000e+00
   endloop
 endfacet
 facet normal -9.914449e-01 -1.305262e-01  0.000000e+00
   outer loop
     vertex  1.344904e+02 -1.249999e+02  0.000000e+00
     vertex  1.345040e+02 -1.251035e+02  1.510000e+00
     vertex  1.344904e+02 -1.249999e+02  1.510000e+00
   endloop
 endfacet
 facet normal -9.914449e-01 -1.305262e-01  0.000000e+00
   outer loop
     vertex  1.344904e+02 -1.249999e+02  0.000000e+00
     vertex  1.345040e+02 -1.251035e+02  0.000000e+00
     vertex  1.345040e+02 -1.251035e+02  1.510000e+00
   endloop
 endfacet
 facet normal -9.238795e-01 -3.826834e-01  0.000000e+00
   outer loop
     vertex  1.344504e+02 -1.249035e+02  0.000000e+00
     vertex  1.344904e+02 -1.249999e+02  1.510000e+00
     vertex  1.344504e+02 -1.249035e+02  1.510000e+00
   endloop
 endfacet
 facet normal -9.238795e-01 -3.826834e-01  0.000000e+00
   outer loop
     vertex  1.344504e+02 -1.249035e+02  0.000000e+00
     vertex  1.344904e+02 -1.249999e+02  0.000000e+00
     vertex  1.344904e+02 -1.249999e+02  1.510000e+00
   endloop
 endfacet
 facet normal -7.933533e-01 -6.087614e-01  0.000000e+00
   outer loop
     vertex  1.343868e+02 -1.248206e+02  0.000000e+00
     vertex  1.344504e+02 -1.249035e+02  1.510000e+00
     vertex  1.343868e+02 -1.248206e+02  1.510000e+00
   endloop
 endfacet
 facet normal -7.933533e-01 -6.087614e-01  0.000000e+00
   outer loop
     vertex  1.343868e+02 -1.248206e+02  0.000000e+00
     vertex  1.344504e+02 -1.249035e+02  0.000000e+00
     vertex  1.344504e+02 -1.249035e+02  1.510000e+00
   endloop
 endfacet
 facet normal -6.087614e-01 -7.933533e-01  0.000000e+00
   outer loop
     vertex  1.343040e+02 -1.247571e+02  0.000000e+00
     vertex  1.343868e+02 -1.248206e+02  1.510000e+00
     vertex  1.343040e+02 -1.247571e+02  1.510000e+00
   endloop
 endfacet
 facet normal -6.087614e-01 -7.933533e-01  0.000000e+00
   outer loop
     vertex  1.343040e+02 -1.247571e+02  0.000000e+00
     vertex  1.343868e+02 -1.248206e+02  0.000000e+00
     vertex  1.343868e+02 -1.248206e+02  1.510000e+00
   endloop
 endfacet
 facet normal -3.826834e-01 -9.238795e-01  0.000000e+00
   outer loop
     vertex  1.342075e+02 -1.247171e+02  0.000000e+00
     vertex  1.343040e+02 -1.247571e+02  1.510000e+00
     vertex  1.342075e+02 -1.247171e+02  1.510000e+00
   endloop
 endfacet
 facet normal -3.826834e-01 -9.238795e-01  0.000000e+00
   outer loop
     vertex  1.342075e+02 -1.247171e+02  0.000000e+00
     vertex  1.343040e+02 -1.247571e+02  0.000000e+00
     vertex  1.343040e+02 -1.247571e+02  1.510000e+00
   endloop
 endfacet
 facet normal -1.305262e-01 -9.914449e-01  0.000000e+00
   outer loop
     vertex  1.341040e+02 -1.247035e+02  0.000000e+00
     vertex  1.342075e+02 -1.247171e+02  1.510000e+00
     vertex  1.341040e+02 -1.247035e+02  1.510000e+00
   endloop
 endfacet
 facet normal -1.305262e-01 -9.914449e-01  0.000000e+00
   outer loop
     vertex  1.341040e+02 -1.247035e+02  0.000000e+00
     vertex  1.342075e+02 -1.247171e+02  0.000000e+00
     vertex  1.342075e+02 -1.247171e+02  1.510000e+00
   endloop
 endfacet
 facet normal  1.305262e-01 -9.914449e-01  0.000000e+00
   outer loop
     vertex  1.340005e+02 -1.247171e+02  0.000000e+00
     vertex  1.341040e+02 -1.247035e+02  1.510000e+00
     vertex  1.340005e+02 -1.247171e+02  1.510000e+00
   endloop
 endfacet
 facet normal  1.305262e-01 -9.914449e-01  0.000000e+00
   outer loop
     vertex  1.340005e+02 -1.247171e+02  0.000000e+00
     vertex  1.341040e+02 -1.247035e+02  0.000000e+00
     vertex  1.341040e+02 -1.247035e+02  1.510000e+00
   endloop
 endfacet
 facet normal  3.826834e-01 -9.238795e-01  0.000000e+00
   outer loop
     vertex  1.339040e+02 -1.247571e+02  0.000000e+00
     vertex  1.340005e+02 -1.247171e+02  0.000000e+00
     vertex  1.340005e+02 -1.247171e+02  1.510000e+00
   endloop
 endfacet
 facet normal  3.826834e-01 -9.238795e-01  0.000000e+00
   outer loop
     vertex  1.339040e+02 -1.247571e+02  0.000000e+00
     vertex  1.340005e+02 -1.247171e+02  1.510000e+00
     vertex  1.339040e+02 -1.247571e+02  1.510000e+00
   endloop
 endfacet
 facet normal  6.087614e-01 -7.933533e-01  0.000000e+00
   outer loop
     vertex  1.338212e+02 -1.248206e+02  0.000000e+00
     vertex  1.339040e+02 -1.247571e+02  0.000000e+00
     vertex  1.339040e+02 -1.247571e+02  1.510000e+00
   endloop
 endfacet
 facet normal  7.933533e-01 -6.087614e-01  0.000000e+00
   outer loop
     vertex  1.338212e+02 -1.248206e+02  0.000000e+00
     vertex  1.338212e+02 -1.248206e+02  1.510000e+00
     vertex  1.337576e+02 -1.249035e+02  1.510000e+00
   endloop
 endfacet
 facet normal  6.087614e-01 -7.933533e-01  0.000000e+00
   outer loop
     vertex  1.338212e+02 -1.248206e+02  0.000000e+00
     vertex  1.339040e+02 -1.247571e+02  1.510000e+00
     vertex  1.338212e+02 -1.248206e+02  1.510000e+00
   endloop
 endfacet
 facet normal  7.933533e-01 -6.087614e-01  0.000000e+00
   outer loop
     vertex  1.337576e+02 -1.249035e+02  0.000000e+00
     vertex  1.338212e+02 -1.248206e+02  0.000000e+00
     vertex  1.337576e+02 -1.249035e+02  1.510000e+00
   endloop
 endfacet
 facet normal  9.238795e-01 -3.826834e-01  0.000000e+00
   outer loop
     vertex  1.337576e+02 -1.249035e+02  0.000000e+00
     vertex  1.337576e+02 -1.249035e+02  1.510000e+00
     vertex  1.337176e+02 -1.249999e+02  1.510000e+00
   endloop
 endfacet
 facet normal  9.238795e-01 -3.826834e-01  0.000000e+00
   outer loop
     vertex  1.337176e+02 -1.249999e+02  0.000000e+00
     vertex  1.337576e+02 -1.249035e+02  0.000000e+00
     vertex  1.337176e+02 -1.249999e+02  1.510000e+00
   endloop
 endfacet
 facet normal  9.914449e-01 -1.305262e-01  0.000000e+00
   outer loop
     vertex  1.337040e+02 -1.251035e+02  0.000000e+00
     vertex  1.337176e+02 -1.249999e+02  0.000000e+00
     vertex  1.337176e+02 -1.249999e+02  1.510000e+00
   endloop
 endfacet
 facet normal  9.914449e-01 -1.305262e-01  0.000000e+00
   outer loop
     vertex  1.337040e+02 -1.251035e+02  0.000000e+00
     vertex  1.337176e+02 -1.249999e+02  1.510000e+00
     vertex  1.337040e+02 -1.251035e+02  1.510000e+00
   endloop
 endfacet
 facet normal  9.914449e-01  1.305262e-01 -0.000000e+00
   outer loop
     vertex  1.337176e+02 -1.252070e+02  0.000000e+00
     vertex  1.337040e+02 -1.251035e+02  1.510000e+00
     vertex  1.337176e+02 -1.252070e+02  1.510000e+00
   endloop
 endfacet
 facet normal  9.914449e-01  1.305262e-01  0.000000e+00
   outer loop
     vertex  1.337176e+02 -1.252070e+02  0.000000e+00
     vertex  1.337040e+02 -1.251035e+02  0.000000e+00
     vertex  1.337040e+02 -1.251035e+02  1.510000e+00
   endloop
 endfacet
 facet normal  9.238795e-01  3.826834e-01 -0.000000e+00
   outer loop
     vertex  1.337576e+02 -1.253035e+02  0.000000e+00
     vertex  1.337176e+02 -1.252070e+02  1.510000e+00
     vertex  1.337576e+02 -1.253035e+02  1.510000e+00
   endloop
 endfacet
 facet normal  9.238795e-01  3.826834e-01  0.000000e+00
   outer loop
     vertex  1.337576e+02 -1.253035e+02  0.000000e+00
     vertex  1.337176e+02 -1.252070e+02  0.000000e+00
     vertex  1.337176e+02 -1.252070e+02  1.510000e+00
   endloop
 endfacet
 facet normal  6.087614e-01  7.933533e-01 -0.000000e+00
   outer loop
     vertex  1.338212e+02 -1.253863e+02  0.000000e+00
     vertex  1.338212e+02 -1.253863e+02  1.510000e+00
     vertex  1.339040e+02 -1.254499e+02  1.510000e+00
   endloop
 endfacet
 facet normal  7.933533e-01  6.087614e-01 -0.000000e+00
   outer loop
     vertex  1.338212e+02 -1.253863e+02  0.000000e+00
     vertex  1.337576e+02 -1.253035e+02  1.510000e+00
     vertex  1.338212e+02 -1.253863e+02  1.510000e+00
   endloop
 endfacet
 facet normal  7.933533e-01  6.087614e-01  0.000000e+00
   outer loop
     vertex  1.338212e+02 -1.253863e+02  0.000000e+00
     vertex  1.337576e+02 -1.253035e+02  0.000000e+00
     vertex  1.337576e+02 -1.253035e+02  1.510000e+00
   endloop
 endfacet
 facet normal  6.087614e-01  7.933533e-01 -0.000000e+00
   outer loop
     vertex  1.339040e+02 -1.254499e+02  0.000000e+00
     vertex  1.338212e+02 -1.253863e+02  0.000000e+00
     vertex  1.339040e+02 -1.254499e+02  1.510000e+00
   endloop
 endfacet
 facet normal  3.826834e-01  9.238795e-01 -0.000000e+00
   outer loop
     vertex  1.340005e+02 -1.254898e+02  0.000000e+00
     vertex  1.339040e+02 -1.254499e+02  1.510000e+00
     vertex  1.340005e+02 -1.254898e+02  1.510000e+00
   endloop
 endfacet
 facet normal  3.826834e-01  9.238795e-01  0.000000e+00
   outer loop
     vertex  1.340005e+02 -1.254898e+02  0.000000e+00
     vertex  1.339040e+02 -1.254499e+02  0.000000e+00
     vertex  1.339040e+02 -1.254499e+02  1.510000e+00
   endloop
 endfacet
 facet normal  1.305262e-01  9.914449e-01 -0.000000e+00
   outer loop
     vertex  1.341040e+02 -1.255035e+02  0.000000e+00
     vertex  1.340005e+02 -1.254898e+02  1.510000e+00
     vertex  1.341040e+02 -1.255035e+02  1.510000e+00
   endloop
 endfacet
 facet normal  1.305262e-01  9.914449e-01  0.000000e+00
   outer loop
     vertex  1.341040e+02 -1.255035e+02  0.000000e+00
     vertex  1.340005e+02 -1.254898e+02  0.000000e+00
     vertex  1.340005e+02 -1.254898e+02  1.510000e+00
   endloop
 endfacet
 facet normal -1.305262e-01  9.914449e-01  0.000000e+00
   outer loop
     vertex  1.362075e+02 -1.288898e+02  0.000000e+00
     vertex  1.361040e+02 -1.289035e+02  0.000000e+00
     vertex  1.361040e+02 -1.289035e+02  1.510000e+00
   endloop
 endfacet
 facet normal -1.305262e-01  9.914449e-01  0.000000e+00
   outer loop
     vertex  1.362075e+02 -1.288898e+02  0.000000e+00
     vertex  1.361040e+02 -1.289035e+02  1.510000e+00
     vertex  1.362075e+02 -1.288898e+02  1.510000e+00
   endloop
 endfacet
 facet normal -3.826834e-01  9.238795e-01  0.000000e+00
   outer loop
     vertex  1.363040e+02 -1.288499e+02  0.000000e+00
     vertex  1.362075e+02 -1.288898e+02  1.510000e+00
     vertex  1.363040e+02 -1.288499e+02  1.510000e+00
   endloop
 endfacet
 facet normal -3.826834e-01  9.238795e-01  0.000000e+00
   outer loop
     vertex  1.363040e+02 -1.288499e+02  0.000000e+00
     vertex  1.362075e+02 -1.288898e+02  0.000000e+00
     vertex  1.362075e+02 -1.288898e+02  1.510000e+00
   endloop
 endfacet
 facet normal -6.087614e-01  7.933533e-01  0.000000e+00
   outer loop
     vertex  1.363868e+02 -1.287863e+02  0.000000e+00
     vertex  1.363040e+02 -1.288499e+02  1.510000e+00
     vertex  1.363868e+02 -1.287863e+02  1.510000e+00
   endloop
 endfacet
 facet normal -6.087614e-01  7.933533e-01  0.000000e+00
   outer loop
     vertex  1.363868e+02 -1.287863e+02  0.000000e+00
     vertex  1.363040e+02 -1.288499e+02  0.000000e+00
     vertex  1.363040e+02 -1.288499e+02  1.510000e+00
   endloop
 endfacet
 facet normal -7.933533e-01  6.087614e-01  0.000000e+00
   outer loop
     vertex  1.364504e+02 -1.287035e+02  0.000000e+00
     vertex  1.363868e+02 -1.287863e+02  1.510000e+00
     vertex  1.364504e+02 -1.287035e+02  1.510000e+00
   endloop
 endfacet
 facet normal -7.933533e-01  6.087614e-01  0.000000e+00
   outer loop
     vertex  1.364504e+02 -1.287035e+02  0.000000e+00
     vertex  1.363868e+02 -1.287863e+02  0.000000e+00
     vertex  1.363868e+02 -1.287863e+02  1.510000e+00
   endloop
 endfacet
 facet normal -9.238795e-01  3.826834e-01  0.000000e+00
   outer loop
     vertex  1.364904e+02 -1.286070e+02  0.000000e+00
     vertex  1.364504e+02 -1.287035e+02  1.510000e+00
     vertex  1.364904e+02 -1.286070e+02  1.510000e+00
   endloop
 endfacet
 facet normal -9.238795e-01  3.826834e-01  0.000000e+00
   outer loop
     vertex  1.364904e+02 -1.286070e+02  0.000000e+00
     vertex  1.364504e+02 -1.287035e+02  0.000000e+00
     vertex  1.364504e+02 -1.287035e+02  1.510000e+00
   endloop
 endfacet
 facet normal -9.914449e-01  1.305262e-01  0.000000e+00
   outer loop
     vertex  1.365040e+02 -1.285035e+02  0.000000e+00
     vertex  1.364904e+02 -1.286070e+02  1.510000e+00
     vertex  1.365040e+02 -1.285035e+02  1.510000e+00
   endloop
 endfacet
 facet normal -9.914449e-01  1.305262e-01  0.000000e+00
   outer loop
     vertex  1.365040e+02 -1.285035e+02  0.000000e+00
     vertex  1.364904e+02 -1.286070e+02  0.000000e+00
     vertex  1.364904e+02 -1.286070e+02  1.510000e+00
   endloop
 endfacet
 facet normal -9.914449e-01 -1.305262e-01  0.000000e+00
   outer loop
     vertex  1.364904e+02 -1.283999e+02  0.000000e+00
     vertex  1.365040e+02 -1.285035e+02  1.510000e+00
     vertex  1.364904e+02 -1.283999e+02  1.510000e+00
   endloop
 endfacet
 facet normal -9.914449e-01 -1.305262e-01  0.000000e+00
   outer loop
     vertex  1.364904e+02 -1.283999e+02  0.000000e+00
     vertex  1.365040e+02 -1.285035e+02  0.000000e+00
     vertex  1.365040e+02 -1.285035e+02  1.510000e+00
   endloop
 endfacet
 facet normal -9.238795e-01 -3.826834e-01  0.000000e+00
   outer loop
     vertex  1.364504e+02 -1.283035e+02  0.000000e+00
     vertex  1.364904e+02 -1.283999e+02  1.510000e+00
     vertex  1.364504e+02 -1.283035e+02  1.510000e+00
   endloop
 endfacet
 facet normal -9.238795e-01 -3.826834e-01  0.000000e+00
   outer loop
     vertex  1.364504e+02 -1.283035e+02  0.000000e+00
     vertex  1.364904e+02 -1.283999e+02  0.000000e+00
     vertex  1.364904e+02 -1.283999e+02  1.510000e+00
   endloop
 endfacet
 facet normal -7.933533e-01 -6.087614e-01  0.000000e+00
   outer loop
     vertex  1.363868e+02 -1.282206e+02  0.000000e+00
     vertex  1.364504e+02 -1.283035e+02  1.510000e+00
     vertex  1.363868e+02 -1.282206e+02  1.510000e+00
   endloop
 endfacet
 facet normal -7.933533e-01 -6.087614e-01  0.000000e+00
   outer loop
     vertex  1.363868e+02 -1.282206e+02  0.000000e+00
     vertex  1.364504e+02 -1.283035e+02  0.000000e+00
     vertex  1.364504e+02 -1.283035e+02  1.510000e+00
   endloop
 endfacet
 facet normal -6.087614e-01 -7.933533e-01  0.000000e+00
   outer loop
     vertex  1.363040e+02 -1.281571e+02  0.000000e+00
     vertex  1.363868e+02 -1.282206e+02  1.510000e+00
     vertex  1.363040e+02 -1.281571e+02  1.510000e+00
   endloop
 endfacet
 facet normal -6.087614e-01 -7.933533e-01  0.000000e+00
   outer loop
     vertex  1.363040e+02 -1.281571e+02  0.000000e+00
     vertex  1.363868e+02 -1.282206e+02  0.000000e+00
     vertex  1.363868e+02 -1.282206e+02  1.510000e+00
   endloop
 endfacet
 facet normal -3.826834e-01 -9.238795e-01  0.000000e+00
   outer loop
     vertex  1.362075e+02 -1.281171e+02  0.000000e+00
     vertex  1.363040e+02 -1.281571e+02  1.510000e+00
     vertex  1.362075e+02 -1.281171e+02  1.510000e+00
   endloop
 endfacet
 facet normal -3.826834e-01 -9.238795e-01  0.000000e+00
   outer loop
     vertex  1.362075e+02 -1.281171e+02  0.000000e+00
     vertex  1.363040e+02 -1.281571e+02  0.000000e+00
     vertex  1.363040e+02 -1.281571e+02  1.510000e+00
   endloop
 endfacet
 facet normal -1.305262e-01 -9.914449e-01  0.000000e+00
   outer loop
     vertex  1.361040e+02 -1.281035e+02  0.000000e+00
     vertex  1.362075e+02 -1.281171e+02  1.510000e+00
     vertex  1.361040e+02 -1.281035e+02  1.510000e+00
   endloop
 endfacet
 facet normal -1.305262e-01 -9.914449e-01  0.000000e+00
   outer loop
     vertex  1.361040e+02 -1.281035e+02  0.000000e+00
     vertex  1.362075e+02 -1.281171e+02  0.000000e+00
     vertex  1.362075e+02 -1.281171e+02  1.510000e+00
   endloop
 endfacet
 facet normal  1.305262e-01 -9.914449e-01  0.000000e+00
   outer loop
     vertex  1.360005e+02 -1.281171e+02  0.000000e+00
     vertex  1.361040e+02 -1.281035e+02  1.510000e+00
     vertex  1.360005e+02 -1.281171e+02  1.510000e+00
   endloop
 endfacet
 facet normal  1.305262e-01 -9.914449e-01  0.000000e+00
   outer loop
     vertex  1.360005e+02 -1.281171e+02  0.000000e+00
     vertex  1.361040e+02 -1.281035e+02  0.000000e+00
     vertex  1.361040e+02 -1.281035e+02  1.510000e+00
   endloop
 endfacet
 facet normal  3.826834e-01 -9.238795e-01  0.000000e+00
   outer loop
     vertex  1.359040e+02 -1.281571e+02  0.000000e+00
     vertex  1.360005e+02 -1.281171e+02  0.000000e+00
     vertex  1.360005e+02 -1.281171e+02  1.510000e+00
   endloop
 endfacet
 facet normal  3.826834e-01 -9.238795e-01  0.000000e+00
   outer loop
     vertex  1.359040e+02 -1.281571e+02  0.000000e+00
     vertex  1.360005e+02 -1.281171e+02  1.510000e+00
     vertex  1.359040e+02 -1.281571e+02  1.510000e+00
   endloop
 endfacet
 facet normal  6.087614e-01 -7.933533e-01  0.000000e+00
   outer loop
     vertex  1.358212e+02 -1.282206e+02  0.000000e+00
     vertex  1.359040e+02 -1.281571e+02  0.000000e+00
     vertex  1.359040e+02 -1.281571e+02  1.510000e+00
   endloop
 endfacet
 facet normal  7.933533e-01 -6.087614e-01  0.000000e+00
   outer loop
     vertex  1.358212e+02 -1.282206e+02  0.000000e+00
     vertex  1.358212e+02 -1.282206e+02  1.510000e+00
     vertex  1.357576e+02 -1.283035e+02  1.510000e+00
   endloop
 endfacet
 facet normal  6.087614e-01 -7.933533e-01  0.000000e+00
   outer loop
     vertex  1.358212e+02 -1.282206e+02  0.000000e+00
     vertex  1.359040e+02 -1.281571e+02  1.510000e+00
     vertex  1.358212e+02 -1.282206e+02  1.510000e+00
   endloop
 endfacet
 facet normal  7.933533e-01 -6.087614e-01  0.000000e+00
   outer loop
     vertex  1.357576e+02 -1.283035e+02  0.000000e+00
     vertex  1.358212e+02 -1.282206e+02  0.000000e+00
     vertex  1.357576e+02 -1.283035e+02  1.510000e+00
   endloop
 endfacet
 facet normal  9.238795e-01 -3.826834e-01  0.000000e+00
   outer loop
     vertex  1.357576e+02 -1.283035e+02  0.000000e+00
     vertex  1.357576e+02 -1.283035e+02  1.510000e+00
     vertex  1.357176e+02 -1.283999e+02  1.510000e+00
   endloop
 endfacet
 facet normal  9.238795e-01 -3.826834e-01  0.000000e+00
   outer loop
     vertex  1.357176e+02 -1.283999e+02  0.000000e+00
     vertex  1.357576e+02 -1.283035e+02  0.000000e+00
     vertex  1.357176e+02 -1.283999e+02  1.510000e+00
   endloop
 endfacet
 facet normal  9.914449e-01 -1.305262e-01  0.000000e+00
   outer loop
     vertex  1.357040e+02 -1.285035e+02  0.000000e+00
     vertex  1.357176e+02 -1.283999e+02  0.000000e+00
     vertex  1.357176e+02 -1.283999e+02  1.510000e+00
   endloop
 endfacet
 facet normal  9.914449e-01 -1.305262e-01  0.000000e+00
   outer loop
     vertex  1.357040e+02 -1.285035e+02  0.000000e+00
     vertex  1.357176e+02 -1.283999e+02  1.510000e+00
     vertex  1.357040e+02 -1.285035e+02  1.510000e+00
   endloop
 endfacet
 facet normal  9.914449e-01  1.305262e-01 -0.000000e+00
   outer loop
     vertex  1.357176e+02 -1.286070e+02  0.000000e+00
     vertex  1.357040e+02 -1.285035e+02  1.510000e+00
     vertex  1.357176e+02 -1.286070e+02  1.510000e+00
   endloop
 endfacet
 facet normal  9.914449e-01  1.305262e-01  0.000000e+00
   outer loop
     vertex  1.357176e+02 -1.286070e+02  0.000000e+00
     vertex  1.357040e+02 -1.285035e+02  0.000000e+00
     vertex  1.357040e+02 -1.285035e+02  1.510000e+00
   endloop
 endfacet
 facet normal  9.238795e-01  3.826834e-01 -0.000000e+00
   outer loop
     vertex  1.357576e+02 -1.287035e+02  0.000000e+00
     vertex  1.357176e+02 -1.286070e+02  1.510000e+00
     vertex  1.357576e+02 -1.287035e+02  1.510000e+00
   endloop
 endfacet
 facet normal  9.238795e-01  3.826834e-01  0.000000e+00
   outer loop
     vertex  1.357576e+02 -1.287035e+02  0.000000e+00
     vertex  1.357176e+02 -1.286070e+02  0.000000e+00
     vertex  1.357176e+02 -1.286070e+02  1.510000e+00
   endloop
 endfacet
 facet normal  6.087614e-01  7.933533e-01 -0.000000e+00
   outer loop
     vertex  1.358212e+02 -1.287863e+02  0.000000e+00
     vertex  1.358212e+02 -1.287863e+02  1.510000e+00
     vertex  1.359040e+02 -1.288499e+02  1.510000e+00
   endloop
 endfacet
 facet normal  7.933533e-01  6.087614e-01 -0.000000e+00
   outer loop
     vertex  1.358212e+02 -1.287863e+02  0.000000e+00
     vertex  1.357576e+02 -1.287035e+02  1.510000e+00
     vertex  1.358212e+02 -1.287863e+02  1.510000e+00
   endloop
 endfacet
 facet normal  7.933533e-01  6.087614e-01  0.000000e+00
   outer loop
     vertex  1.358212e+02 -1.287863e+02  0.000000e+00
     vertex  1.357576e+02 -1.287035e+02  0.000000e+00
     vertex  1.357576e+02 -1.287035e+02  1.510000e+00
   endloop
 endfacet
 facet normal  6.087614e-01  7.933533e-01 -0.000000e+00
   outer loop
     vertex  1.359040e+02 -1.288499e+02  0.000000e+00
     vertex  1.358212e+02 -1.287863e+02  0.000000e+00
     vertex  1.359040e+02 -1.288499e+02  1.510000e+00
   endloop
 endfacet
 facet normal  3.826834e-01  9.238795e-01 -0.000000e+00
   outer loop
     vertex  1.360005e+02 -1.288898e+02  0.000000e+00
     vertex  1.359040e+02 -1.288499e+02  1.510000e+00
     vertex  1.360005e+02 -1.288898e+02  1.510000e+00
   endloop
 endfacet
 facet normal  3.826834e-01  9.238795e-01  0.000000e+00
   outer loop
     vertex  1.360005e+02 -1.288898e+02  0.000000e+00
     vertex  1.359040e+02 -1.288499e+02  0.000000e+00
     vertex  1.359040e+02 -1.288499e+02  1.510000e+00
   endloop
 endfacet
 facet normal  1.305262e-01  9.914449e-01 -0.000000e+00
   outer loop
     vertex  1.361040e+02 -1.289035e+02  0.000000e+00
     vertex  1.360005e+02 -1.288898e+02  1.510000e+00
     vertex  1.361040e+02 -1.289035e+02  1.510000e+00
   endloop
 endfacet
 facet normal  1.305262e-01  9.914449e-01  0.000000e+00
   outer loop
     vertex  1.361040e+02 -1.289035e+02  0.000000e+00
     vertex  1.360005e+02 -1.288898e+02  0.000000e+00
     vertex  1.360005e+02 -1.288898e+02  1.510000e+00
   endloop
 endfacet
 facet normal -1.305262e-01  9.914449e-01  0.000000e+00
   outer loop
     vertex  1.362075e+02 -1.254898e+02  0.000000e+00
     vertex  1.361040e+02 -1.255035e+02  0.000000e+00
     vertex  1.361040e+02 -1.255035e+02  1.510000e+00
   endloop
 endfacet
 facet normal -1.305262e-01  9.914449e-01  0.000000e+00
   outer loop
     vertex  1.362075e+02 -1.254898e+02  0.000000e+00
     vertex  1.361040e+02 -1.255035e+02  1.510000e+00
     vertex  1.362075e+02 -1.254898e+02  1.510000e+00
   endloop
 endfacet
 facet normal -3.826834e-01  9.238795e-01  0.000000e+00
   outer loop
     vertex  1.363040e+02 -1.254499e+02  0.000000e+00
     vertex  1.362075e+02 -1.254898e+02  1.510000e+00
     vertex  1.363040e+02 -1.254499e+02  1.510000e+00
   endloop
 endfacet
 facet normal -3.826834e-01  9.238795e-01  0.000000e+00
   outer loop
     vertex  1.363040e+02 -1.254499e+02  0.000000e+00
     vertex  1.362075e+02 -1.254898e+02  0.000000e+00
     vertex  1.362075e+02 -1.254898e+02  1.510000e+00
   endloop
 endfacet
 facet normal -6.087614e-01  7.933533e-01  0.000000e+00
   outer loop
     vertex  1.363868e+02 -1.253863e+02  0.000000e+00
     vertex  1.363040e+02 -1.254499e+02  1.510000e+00
     vertex  1.363868e+02 -1.253863e+02  1.510000e+00
   endloop
 endfacet
 facet normal -6.087614e-01  7.933533e-01  0.000000e+00
   outer loop
     vertex  1.363868e+02 -1.253863e+02  0.000000e+00
     vertex  1.363040e+02 -1.254499e+02  0.000000e+00
     vertex  1.363040e+02 -1.254499e+02  1.510000e+00
   endloop
 endfacet
 facet normal -7.933533e-01  6.087614e-01  0.000000e+00
   outer loop
     vertex  1.364504e+02 -1.253035e+02  0.000000e+00
     vertex  1.363868e+02 -1.253863e+02  1.510000e+00
     vertex  1.364504e+02 -1.253035e+02  1.510000e+00
   endloop
 endfacet
 facet normal -7.933533e-01  6.087614e-01  0.000000e+00
   outer loop
     vertex  1.364504e+02 -1.253035e+02  0.000000e+00
     vertex  1.363868e+02 -1.253863e+02  0.000000e+00
     vertex  1.363868e+02 -1.253863e+02  1.510000e+00
   endloop
 endfacet
 facet normal -9.238795e-01  3.826834e-01  0.000000e+00
   outer loop
     vertex  1.364904e+02 -1.252070e+02  0.000000e+00
     vertex  1.364504e+02 -1.253035e+02  1.510000e+00
     vertex  1.364904e+02 -1.252070e+02  1.510000e+00
   endloop
 endfacet
 facet normal -9.238795e-01  3.826834e-01  0.000000e+00
   outer loop
     vertex  1.364904e+02 -1.252070e+02  0.000000e+00
     vertex  1.364504e+02 -1.253035e+02  0.000000e+00
     vertex  1.364504e+02 -1.253035e+02  1.510000e+00
   endloop
 endfacet
 facet normal -9.914449e-01  1.305262e-01  0.000000e+00
   outer loop
     vertex  1.365040e+02 -1.251035e+02  0.000000e+00
     vertex  1.364904e+02 -1.252070e+02  1.510000e+00
     vertex  1.365040e+02 -1.251035e+02  1.510000e+00
   endloop
 endfacet
 facet normal -9.914449e-01  1.305262e-01  0.000000e+00
   outer loop
     vertex  1.365040e+02 -1.251035e+02  0.000000e+00
     vertex  1.364904e+02 -1.252070e+02  0.000000e+00
     vertex  1.364904e+02 -1.252070e+02  1.510000e+00
   endloop
 endfacet
 facet normal -9.914449e-01 -1.305262e-01  0.000000e+00
   outer loop
     vertex  1.364904e+02 -1.249999e+02  0.000000e+00
     vertex  1.365040e+02 -1.251035e+02  1.510000e+00
     vertex  1.364904e+02 -1.249999e+02  1.510000e+00
   endloop
 endfacet
 facet normal -9.914449e-01 -1.305262e-01  0.000000e+00
   outer loop
     vertex  1.364904e+02 -1.249999e+02  0.000000e+00
     vertex  1.365040e+02 -1.251035e+02  0.000000e+00
     vertex  1.365040e+02 -1.251035e+02  1.510000e+00
   endloop
 endfacet
 facet normal -9.238795e-01 -3.826834e-01  0.000000e+00
   outer loop
     vertex  1.364504e+02 -1.249035e+02  0.000000e+00
     vertex  1.364904e+02 -1.249999e+02  1.510000e+00
     vertex  1.364504e+02 -1.249035e+02  1.510000e+00
   endloop
 endfacet
 facet normal -9.238795e-01 -3.826834e-01  0.000000e+00
   outer loop
     vertex  1.364504e+02 -1.249035e+02  0.000000e+00
     vertex  1.364904e+02 -1.249999e+02  0.000000e+00
     vertex  1.364904e+02 -1.249999e+02  1.510000e+00
   endloop
 endfacet
 facet normal -7.933533e-01 -6.087614e-01  0.000000e+00
   outer loop
     vertex  1.363868e+02 -1.248206e+02  0.000000e+00
     vertex  1.364504e+02 -1.249035e+02  1.510000e+00
     vertex  1.363868e+02 -1.248206e+02  1.510000e+00
   endloop
 endfacet
 facet normal -7.933533e-01 -6.087614e-01  0.000000e+00
   outer loop
     vertex  1.363868e+02 -1.248206e+02  0.000000e+00
     vertex  1.364504e+02 -1.249035e+02  0.000000e+00
     vertex  1.364504e+02 -1.249035e+02  1.510000e+00
   endloop
 endfacet
 facet normal -6.087614e-01 -7.933533e-01  0.000000e+00
   outer loop
     vertex  1.363040e+02 -1.247571e+02  0.000000e+00
     vertex  1.363868e+02 -1.248206e+02  1.510000e+00
     vertex  1.363040e+02 -1.247571e+02  1.510000e+00
   endloop
 endfacet
 facet normal -6.087614e-01 -7.933533e-01  0.000000e+00
   outer loop
     vertex  1.363040e+02 -1.247571e+02  0.000000e+00
     vertex  1.363868e+02 -1.248206e+02  0.000000e+00
     vertex  1.363868e+02 -1.248206e+02  1.510000e+00
   endloop
 endfacet
 facet normal -3.826834e-01 -9.238795e-01  0.000000e+00
   outer loop
     vertex  1.362075e+02 -1.247171e+02  0.000000e+00
     vertex  1.363040e+02 -1.247571e+02  1.510000e+00
     vertex  1.362075e+02 -1.247171e+02  1.510000e+00
   endloop
 endfacet
 facet normal -3.826834e-01 -9.238795e-01  0.000000e+00
   outer loop
     vertex  1.362075e+02 -1.247171e+02  0.000000e+00
     vertex  1.363040e+02 -1.247571e+02  0.000000e+00
     vertex  1.363040e+02 -1.247571e+02  1.510000e+00
   endloop
 endfacet
 facet normal -1.305262e-01 -9.914449e-01  0.000000e+00
   outer loop
     vertex  1.361040e+02 -1.247035e+02  0.000000e+00
     vertex  1.362075e+02 -1.247171e+02  1.510000e+00
     vertex  1.361040e+02 -1.247035e+02  1.510000e+00
   endloop
 endfacet
 facet normal -1.305262e-01 -9.914449e-01  0.000000e+00
   outer loop
     vertex  1.361040e+02 -1.247035e+02  0.000000e+00
     vertex  1.362075e+02 -1.247171e+02  0.000000e+00
     vertex  1.362075e+02 -1.247171e+02  1.510000e+00
   endloop
 endfacet
 facet normal  1.305262e-01 -9.914449e-01  0.000000e+00
   outer loop
     vertex  1.360005e+02 -1.247171e+02  0.000000e+00
     vertex  1.361040e+02 -1.247035e+02  1.510000e+00
     vertex  1.360005e+02 -1.247171e+02  1.510000e+00
   endloop
 endfacet
 facet normal  1.305262e-01 -9.914449e-01  0.000000e+00
   outer loop
     vertex  1.360005e+02 -1.247171e+02  0.000000e+00
     vertex  1.361040e+02 -1.247035e+02  0.000000e+00
     vertex  1.361040e+02 -1.247035e+02  1.510000e+00
   endloop
 endfacet
 facet normal  3.826834e-01 -9.238795e-01  0.000000e+00
   outer loop
     vertex  1.359040e+02 -1.247571e+02  0.000000e+00
     vertex  1.360005e+02 -1.247171e+02  0.000000e+00
     vertex  1.360005e+02 -1.247171e+02  1.510000e+00
   endloop
 endfacet
 facet normal  3.826834e-01 -9.238795e-01  0.000000e+00
   outer loop
     vertex  1.359040e+02 -1.247571e+02  0.000000e+00
     vertex  1.360005e+02 -1.247171e+02  1.510000e+00
     vertex  1.359040e+02 -1.247571e+02  1.510000e+00
   endloop
 endfacet
 facet normal  6.087614e-01 -7.933533e-01  0.000000e+00
   outer loop
     vertex  1.358212e+02 -1.248206e+02  0.000000e+00
     vertex  1.359040e+02 -1.247571e+02  0.000000e+00
     vertex  1.359040e+02 -1.247571e+02  1.510000e+00
   endloop
 endfacet
 facet normal  7.933533e-01 -6.087614e-01  0.000000e+00
   outer loop
     vertex  1.358212e+02 -1.248206e+02  0.000000e+00
     vertex  1.358212e+02 -1.248206e+02  1.510000e+00
     vertex  1.357576e+02 -1.249035e+02  1.510000e+00
   endloop
 endfacet
 facet normal  6.087614e-01 -7.933533e-01  0.000000e+00
   outer loop
     vertex  1.358212e+02 -1.248206e+02  0.000000e+00
     vertex  1.359040e+02 -1.247571e+02  1.510000e+00
     vertex  1.358212e+02 -1.248206e+02  1.510000e+00
   endloop
 endfacet
 facet normal  7.933533e-01 -6.087614e-01  0.000000e+00
   outer loop
     vertex  1.357576e+02 -1.249035e+02  0.000000e+00
     vertex  1.358212e+02 -1.248206e+02  0.000000e+00
     vertex  1.357576e+02 -1.249035e+02  1.510000e+00
   endloop
 endfacet
 facet normal  9.238795e-01 -3.826834e-01  0.000000e+00
   outer loop
     vertex  1.357576e+02 -1.249035e+02  0.000000e+00
     vertex  1.357576e+02 -1.249035e+02  1.510000e+00
     vertex  1.357176e+02 -1.249999e+02  1.510000e+00
   endloop
 endfacet
 facet normal  9.238795e-01 -3.826834e-01  0.000000e+00
   outer loop
     vertex  1.357176e+02 -1.249999e+02  0.000000e+00
     vertex  1.357576e+02 -1.249035e+02  0.000000e+00
     vertex  1.357176e+02 -1.249999e+02  1.510000e+00
   endloop
 endfacet
 facet normal  9.914449e-01 -1.305262e-01  0.000000e+00
   outer loop
     vertex  1.357040e+02 -1.251035e+02  0.000000e+00
     vertex  1.357176e+02 -1.249999e+02  0.000000e+00
     vertex  1.357176e+02 -1.249999e+02  1.510000e+00
   endloop
 endfacet
 facet normal  9.914449e-01 -1.305262e-01  0.000000e+00
   outer loop
     vertex  1.357040e+02 -1.251035e+02  0.000000e+00
     vertex  1.357176e+02 -1.249999e+02  1.510000e+00
     vertex  1.357040e+02 -1.251035e+02  1.510000e+00
   endloop
 endfacet
 facet normal  9.914449e-01  1.305262e-01 -0.000000e+00
   outer loop
     vertex  1.357176e+02 -1.252070e+02  0.000000e+00
     vertex  1.357040e+02 -1.251035e+02  1.510000e+00
     vertex  1.357176e+02 -1.252070e+02  1.510000e+00
   endloop
 endfacet
 facet normal  9.914449e-01  1.305262e-01  0.000000e+00
   outer loop
     vertex  1.357176e+02 -1.252070e+02  0.000000e+00
     vertex  1.357040e+02 -1.251035e+02  0.000000e+00
     vertex  1.357040e+02 -1.251035e+02  1.510000e+00
   endloop
 endfacet
 facet normal  9.238795e-01  3.826834e-01 -0.000000e+00
   outer loop
     vertex  1.357576e+02 -1.253035e+02  0.000000e+00
     vertex  1.357176e+02 -1.252070e+02  1.510000e+00
     vertex  1.357576e+02 -1.253035e+02  1.510000e+00
   endloop
 endfacet
 facet normal  9.238795e-01  3.826834e-01  0.000000e+00
   outer loop
     vertex  1.357576e+02 -1.253035e+02  0.000000e+00
     vertex  1.357176e+02 -1.252070e+02  0.000000e+00
     vertex  1.357176e+02 -1.252070e+02  1.510000e+00
   endloop
 endfacet
 facet normal  6.087614e-01  7.933533e-01 -0.000000e+00
   outer loop
     vertex  1.358212e+02 -1.253863e+02  0.000000e+00
     vertex  1.358212e+02 -1.253863e+02  1.510000e+00
     vertex  1.359040e+02 -1.254499e+02  1.510000e+00
   endloop
 endfacet
 facet normal  7.933533e-01  6.087614e-01 -0.000000e+00
   outer loop
     vertex  1.358212e+02 -1.253863e+02  0.000000e+00
     vertex  1.357576e+02 -1.253035e+02  1.510000e+00
     vertex  1.358212e+02 -1.253863e+02  1.510000e+00
   endloop
 endfacet
 facet normal  7.933533e-01  6.087614e-01  0.000000e+00
   outer loop
     vertex  1.358212e+02 -1.253863e+02  0.000000e+00
     vertex  1.357576e+02 -1.253035e+02  0.000000e+00
     vertex  1.357576e+02 -1.253035e+02  1.510000e+00
   endloop
 endfacet
 facet normal  6.087614e-01  7.933533e-01 -0.000000e+00
   outer loop
     vertex  1.359040e+02 -1.254499e+02  0.000000e+00
     vertex  1.358212e+02 -1.253863e+02  0.000000e+00
     vertex  1.359040e+02 -1.254499e+02  1.510000e+00
   endloop
 endfacet
 facet normal  3.826834e-01  9.238795e-01 -0.000000e+00
   outer loop
     vertex  1.360005e+02 -1.254898e+02  0.000000e+00
     vertex  1.359040e+02 -1.254499e+02  1.510000e+00
     vertex  1.360005e+02 -1.254898e+02  1.510000e+00
   endloop
 endfacet
 facet normal  3.826834e-01  9.238795e-01  0.000000e+00
   outer loop
     vertex  1.360005e+02 -1.254898e+02  0.000000e+00
     vertex  1.359040e+02 -1.254499e+02  0.000000e+00
     vertex  1.359040e+02 -1.254499e+02  1.510000e+00
   endloop
 endfacet
 facet normal  1.305262e-01  9.914449e-01 -0.000000e+00
   outer loop
     vertex  1.361040e+02 -1.255035e+02  0.000000e+00
     vertex  1.360005e+02 -1.254898e+02  1.510000e+00
     vertex  1.361040e+02 -1.255035e+02  1.510000e+00
   endloop
 endfacet
 facet normal  1.305262e-01  9.914449e-01  0.000000e+00
   outer loop
     vertex  1.361040e+02 -1.255035e+02  0.000000e+00
     vertex  1.360005e+02 -1.254898e+02  0.000000e+00
     vertex  1.360005e+02 -1.254898e+02  1.510000e+00
   endloop
 endfacet
 facet normal -1.305262e-01  9.914449e-01  0.000000e+00
   outer loop
     vertex  1.342075e+02 -1.220898e+02  0.000000e+00
     vertex  1.341040e+02 -1.221035e+02  0.000000e+00
     vertex  1.341040e+02 -1.221035e+02  1.510000e+00
   endloop
 endfacet
 facet normal -1.305262e-01  9.914449e-01  0.000000e+00
   outer loop
     vertex  1.342075e+02 -1.220898e+02  0.000000e+00
     vertex  1.341040e+02 -1.221035e+02  1.510000e+00
     vertex  1.342075e+02 -1.220898e+02  1.510000e+00
   endloop
 endfacet
 facet normal -3.826834e-01  9.238795e-01  0.000000e+00
   outer loop
     vertex  1.343040e+02 -1.220499e+02  0.000000e+00
     vertex  1.342075e+02 -1.220898e+02  1.510000e+00
     vertex  1.343040e+02 -1.220499e+02  1.510000e+00
   endloop
 endfacet
 facet normal -3.826834e-01  9.238795e-01  0.000000e+00
   outer loop
     vertex  1.343040e+02 -1.220499e+02  0.000000e+00
     vertex  1.342075e+02 -1.220898e+02  0.000000e+00
     vertex  1.342075e+02 -1.220898e+02  1.510000e+00
   endloop
 endfacet
 facet normal -6.087614e-01  7.933533e-01  0.000000e+00
   outer loop
     vertex  1.343868e+02 -1.219863e+02  0.000000e+00
     vertex  1.343040e+02 -1.220499e+02  1.510000e+00
     vertex  1.343868e+02 -1.219863e+02  1.510000e+00
   endloop
 endfacet
 facet normal -6.087614e-01  7.933533e-01  0.000000e+00
   outer loop
     vertex  1.343868e+02 -1.219863e+02  0.000000e+00
     vertex  1.343040e+02 -1.220499e+02  0.000000e+00
     vertex  1.343040e+02 -1.220499e+02  1.510000e+00
   endloop
 endfacet
 facet normal -7.933533e-01  6.087614e-01  0.000000e+00
   outer loop
     vertex  1.344504e+02 -1.219035e+02  0.000000e+00
     vertex  1.343868e+02 -1.219863e+02  1.510000e+00
     vertex  1.344504e+02 -1.219035e+02  1.510000e+00
   endloop
 endfacet
 facet normal -7.933533e-01  6.087614e-01  0.000000e+00
   outer loop
     vertex  1.344504e+02 -1.219035e+02  0.000000e+00
     vertex  1.343868e+02 -1.219863e+02  0.000000e+00
     vertex  1.343868e+02 -1.219863e+02  1.510000e+00
   endloop
 endfacet
 facet normal -9.238795e-01  3.826834e-01  0.000000e+00
   outer loop
     vertex  1.344904e+02 -1.218070e+02  0.000000e+00
     vertex  1.344504e+02 -1.219035e+02  1.510000e+00
     vertex  1.344904e+02 -1.218070e+02  1.510000e+00
   endloop
 endfacet
 facet normal -9.238795e-01  3.826834e-01  0.000000e+00
   outer loop
     vertex  1.344904e+02 -1.218070e+02  0.000000e+00
     vertex  1.344504e+02 -1.219035e+02  0.000000e+00
     vertex  1.344504e+02 -1.219035e+02  1.510000e+00
   endloop
 endfacet
 facet normal -9.914449e-01  1.305262e-01  0.000000e+00
   outer loop
     vertex  1.345040e+02 -1.217035e+02  0.000000e+00
     vertex  1.344904e+02 -1.218070e+02  1.510000e+00
     vertex  1.345040e+02 -1.217035e+02  1.510000e+00
   endloop
 endfacet
 facet normal -9.914449e-01  1.305262e-01  0.000000e+00
   outer loop
     vertex  1.345040e+02 -1.217035e+02  0.000000e+00
     vertex  1.344904e+02 -1.218070e+02  0.000000e+00
     vertex  1.344904e+02 -1.218070e+02  1.510000e+00
   endloop
 endfacet
 facet normal -9.914449e-01 -1.305262e-01  0.000000e+00
   outer loop
     vertex  1.344904e+02 -1.215999e+02  0.000000e+00
     vertex  1.345040e+02 -1.217035e+02  1.510000e+00
     vertex  1.344904e+02 -1.215999e+02  1.510000e+00
   endloop
 endfacet
 facet normal -9.914449e-01 -1.305262e-01  0.000000e+00
   outer loop
     vertex  1.344904e+02 -1.215999e+02  0.000000e+00
     vertex  1.345040e+02 -1.217035e+02  0.000000e+00
     vertex  1.345040e+02 -1.217035e+02  1.510000e+00
   endloop
 endfacet
 facet normal -9.238795e-01 -3.826834e-01  0.000000e+00
   outer loop
     vertex  1.344504e+02 -1.215035e+02  0.000000e+00
     vertex  1.344904e+02 -1.215999e+02  1.510000e+00
     vertex  1.344504e+02 -1.215035e+02  1.510000e+00
   endloop
 endfacet
 facet normal -9.238795e-01 -3.826834e-01  0.000000e+00
   outer loop
     vertex  1.344504e+02 -1.215035e+02  0.000000e+00
     vertex  1.344904e+02 -1.215999e+02  0.000000e+00
     vertex  1.344904e+02 -1.215999e+02  1.510000e+00
   endloop
 endfacet
 facet normal -7.933533e-01 -6.087614e-01  0.000000e+00
   outer loop
     vertex  1.343868e+02 -1.214206e+02  0.000000e+00
     vertex  1.344504e+02 -1.215035e+02  1.510000e+00
     vertex  1.343868e+02 -1.214206e+02  1.510000e+00
   endloop
 endfacet
 facet normal -7.933533e-01 -6.087614e-01  0.000000e+00
   outer loop
     vertex  1.343868e+02 -1.214206e+02  0.000000e+00
     vertex  1.344504e+02 -1.215035e+02  0.000000e+00
     vertex  1.344504e+02 -1.215035e+02  1.510000e+00
   endloop
 endfacet
 facet normal -6.087614e-01 -7.933533e-01  0.000000e+00
   outer loop
     vertex  1.343040e+02 -1.213571e+02  0.000000e+00
     vertex  1.343868e+02 -1.214206e+02  1.510000e+00
     vertex  1.343040e+02 -1.213571e+02  1.510000e+00
   endloop
 endfacet
 facet normal -6.087614e-01 -7.933533e-01  0.000000e+00
   outer loop
     vertex  1.343040e+02 -1.213571e+02  0.000000e+00
     vertex  1.343868e+02 -1.214206e+02  0.000000e+00
     vertex  1.343868e+02 -1.214206e+02  1.510000e+00
   endloop
 endfacet
 facet normal -3.826834e-01 -9.238795e-01  0.000000e+00
   outer loop
     vertex  1.342075e+02 -1.213171e+02  0.000000e+00
     vertex  1.343040e+02 -1.213571e+02  1.510000e+00
     vertex  1.342075e+02 -1.213171e+02  1.510000e+00
   endloop
 endfacet
 facet normal -3.826834e-01 -9.238795e-01  0.000000e+00
   outer loop
     vertex  1.342075e+02 -1.213171e+02  0.000000e+00
     vertex  1.343040e+02 -1.213571e+02  0.000000e+00
     vertex  1.343040e+02 -1.213571e+02  1.510000e+00
   endloop
 endfacet
 facet normal -1.305262e-01 -9.914449e-01  0.000000e+00
   outer loop
     vertex  1.341040e+02 -1.213035e+02  0.000000e+00
     vertex  1.342075e+02 -1.213171e+02  1.510000e+00
     vertex  1.341040e+02 -1.213035e+02  1.510000e+00
   endloop
 endfacet
 facet normal -1.305262e-01 -9.914449e-01  0.000000e+00
   outer loop
     vertex  1.341040e+02 -1.213035e+02  0.000000e+00
     vertex  1.342075e+02 -1.213171e+02  0.000000e+00
     vertex  1.342075e+02 -1.213171e+02  1.510000e+00
   endloop
 endfacet
 facet normal  1.305262e-01 -9.914449e-01  0.000000e+00
   outer loop
     vertex  1.340005e+02 -1.213171e+02  0.000000e+00
     vertex  1.341040e+02 -1.213035e+02  1.510000e+00
     vertex  1.340005e+02 -1.213171e+02  1.510000e+00
   endloop
 endfacet
 facet normal  1.305262e-01 -9.914449e-01  0.000000e+00
   outer loop
     vertex  1.340005e+02 -1.213171e+02  0.000000e+00
     vertex  1.341040e+02 -1.213035e+02  0.000000e+00
     vertex  1.341040e+02 -1.213035e+02  1.510000e+00
   endloop
 endfacet
 facet normal  3.826834e-01 -9.238795e-01  0.000000e+00
   outer loop
     vertex  1.339040e+02 -1.213571e+02  0.000000e+00
     vertex  1.340005e+02 -1.213171e+02  0.000000e+00
     vertex  1.340005e+02 -1.213171e+02  1.510000e+00
   endloop
 endfacet
 facet normal  3.826834e-01 -9.238795e-01  0.000000e+00
   outer loop
     vertex  1.339040e+02 -1.213571e+02  0.000000e+00
     vertex  1.340005e+02 -1.213171e+02  1.510000e+00
     vertex  1.339040e+02 -1.213571e+02  1.510000e+00
   endloop
 endfacet
 facet normal  6.087614e-01 -7.933533e-01  0.000000e+00
   outer loop
     vertex  1.338212e+02 -1.214206e+02  0.000000e+00
     vertex  1.339040e+02 -1.213571e+02  0.000000e+00
     vertex  1.339040e+02 -1.213571e+02  1.510000e+00
   endloop
 endfacet
 facet normal  7.933533e-01 -6.087614e-01  0.000000e+00
   outer loop
     vertex  1.338212e+02 -1.214206e+02  0.000000e+00
     vertex  1.338212e+02 -1.214206e+02  1.510000e+00
     vertex  1.337576e+02 -1.215035e+02  1.510000e+00
   endloop
 endfacet
 facet normal  6.087614e-01 -7.933533e-01  0.000000e+00
   outer loop
     vertex  1.338212e+02 -1.214206e+02  0.000000e+00
     vertex  1.339040e+02 -1.213571e+02  1.510000e+00
     vertex  1.338212e+02 -1.214206e+02  1.510000e+00
   endloop
 endfacet
 facet normal  7.933533e-01 -6.087614e-01  0.000000e+00
   outer loop
     vertex  1.337576e+02 -1.215035e+02  0.000000e+00
     vertex  1.338212e+02 -1.214206e+02  0.000000e+00
     vertex  1.337576e+02 -1.215035e+02  1.510000e+00
   endloop
 endfacet
 facet normal  9.238795e-01 -3.826834e-01  0.000000e+00
   outer loop
     vertex  1.337576e+02 -1.215035e+02  0.000000e+00
     vertex  1.337576e+02 -1.215035e+02  1.510000e+00
     vertex  1.337176e+02 -1.215999e+02  1.510000e+00
   endloop
 endfacet
 facet normal  9.238795e-01 -3.826834e-01  0.000000e+00
   outer loop
     vertex  1.337176e+02 -1.215999e+02  0.000000e+00
     vertex  1.337576e+02 -1.215035e+02  0.000000e+00
     vertex  1.337176e+02 -1.215999e+02  1.510000e+00
   endloop
 endfacet
 facet normal  9.914449e-01 -1.305262e-01  0.000000e+00
   outer loop
     vertex  1.337040e+02 -1.217035e+02  0.000000e+00
     vertex  1.337176e+02 -1.215999e+02  0.000000e+00
     vertex  1.337176e+02 -1.215999e+02  1.510000e+00
   endloop
 endfacet
 facet normal  9.914449e-01 -1.305262e-01  0.000000e+00
   outer loop
     vertex  1.337040e+02 -1.217035e+02  0.000000e+00
     vertex  1.337176e+02 -1.215999e+02  1.510000e+00
     vertex  1.337040e+02 -1.217035e+02  1.510000e+00
   endloop
 endfacet
 facet normal  9.914449e-01  1.305262e-01 -0.000000e+00
   outer loop
     vertex  1.337176e+02 -1.218070e+02  0.000000e+00
     vertex  1.337040e+02 -1.217035e+02  1.510000e+00
     vertex  1.337176e+02 -1.218070e+02  1.510000e+00
   endloop
 endfacet
 facet normal  9.914449e-01  1.305262e-01  0.000000e+00
   outer loop
     vertex  1.337176e+02 -1.218070e+02  0.000000e+00
     vertex  1.337040e+02 -1.217035e+02  0.000000e+00
     vertex  1.337040e+02 -1.217035e+02  1.510000e+00
   endloop
 endfacet
 facet normal  9.238795e-01  3.826834e-01 -0.000000e+00
   outer loop
     vertex  1.337576e+02 -1.219035e+02  0.000000e+00
     vertex  1.337176e+02 -1.218070e+02  1.510000e+00
     vertex  1.337576e+02 -1.219035e+02  1.510000e+00
   endloop
 endfacet
 facet normal  9.238795e-01  3.826834e-01  0.000000e+00
   outer loop
     vertex  1.337576e+02 -1.219035e+02  0.000000e+00
     vertex  1.337176e+02 -1.218070e+02  0.000000e+00
     vertex  1.337176e+02 -1.218070e+02  1.510000e+00
   endloop
 endfacet
 facet normal  6.087614e-01  7.933533e-01 -0.000000e+00
   outer loop
     vertex  1.338212e+02 -1.219863e+02  0.000000e+00
     vertex  1.338212e+02 -1.219863e+02  1.510000e+00
     vertex  1.339040e+02 -1.220499e+02  1.510000e+00
   endloop
 endfacet
 facet normal  7.933533e-01  6.087614e-01 -0.000000e+00
   outer loop
     vertex  1.338212e+02 -1.219863e+02  0.000000e+00
     vertex  1.337576e+02 -1.219035e+02  1.510000e+00
     vertex  1.338212e+02 -1.219863e+02  1.510000e+00
   endloop
 endfacet
 facet normal  7.933533e-01  6.087614e-01  0.000000e+00
   outer loop
     vertex  1.338212e+02 -1.219863e+02  0.000000e+00
     vertex  1.337576e+02 -1.219035e+02  0.000000e+00
     vertex  1.337576e+02 -1.219035e+02  1.510000e+00
   endloop
 endfacet
 facet normal  6.087614e-01  7.933533e-01 -0.000000e+00
   outer loop
     vertex  1.339040e+02 -1.220499e+02  0.000000e+00
     vertex  1.338212e+02 -1.219863e+02  0.000000e+00
     vertex  1.339040e+02 -1.220499e+02  1.510000e+00
   endloop
 endfacet
 facet normal  3.826834e-01  9.238795e-01 -0.000000e+00
   outer loop
     vertex  1.340005e+02 -1.220898e+02  0.000000e+00
     vertex  1.339040e+02 -1.220499e+02  1.510000e+00
     vertex  1.340005e+02 -1.220898e+02  1.510000e+00
   endloop
 endfacet
 facet normal  3.826834e-01  9.238795e-01  0.000000e+00
   outer loop
     vertex  1.340005e+02 -1.220898e+02  0.000000e+00
     vertex  1.339040e+02 -1.220499e+02  0.000000e+00
     vertex  1.339040e+02 -1.220499e+02  1.510000e+00
   endloop
 endfacet
 facet normal  1.305262e-01  9.914449e-01 -0.000000e+00
   outer loop
     vertex  1.341040e+02 -1.221035e+02  0.000000e+00
     vertex  1.340005e+02 -1.220898e+02  1.510000e+00
     vertex  1.341040e+02 -1.221035e+02  1.510000e+00
   endloop
 endfacet
 facet normal  1.305262e-01  9.914449e-01  0.000000e+00
   outer loop
     vertex  1.341040e+02 -1.221035e+02  0.000000e+00
     vertex  1.340005e+02 -1.220898e+02  0.000000e+00
     vertex  1.340005e+02 -1.220898e+02  1.510000e+00
   endloop
 endfacet
 facet normal -1.305262e-01  9.914449e-01  0.000000e+00
   outer loop
     vertex  1.362075e+02 -1.220898e+02  0.000000e+00
     vertex  1.361040e+02 -1.221035e+02  0.000000e+00
     vertex  1.361040e+02 -1.221035e+02  1.510000e+00
   endloop
 endfacet
 facet normal -1.305262e-01  9.914449e-01  0.000000e+00
   outer loop
     vertex  1.362075e+02 -1.220898e+02  0.000000e+00
     vertex  1.361040e+02 -1.221035e+02  1.510000e+00
     vertex  1.362075e+02 -1.220898e+02  1.510000e+00
   endloop
 endfacet
 facet normal -3.826834e-01  9.238795e-01  0.000000e+00
   outer loop
     vertex  1.363040e+02 -1.220499e+02  0.000000e+00
     vertex  1.362075e+02 -1.220898e+02  1.510000e+00
     vertex  1.363040e+02 -1.220499e+02  1.510000e+00
   endloop
 endfacet
 facet normal -3.826834e-01  9.238795e-01  0.000000e+00
   outer loop
     vertex  1.363040e+02 -1.220499e+02  0.000000e+00
     vertex  1.362075e+02 -1.220898e+02  0.000000e+00
     vertex  1.362075e+02 -1.220898e+02  1.510000e+00
   endloop
 endfacet
 facet normal -6.087614e-01  7.933533e-01  0.000000e+00
   outer loop
     vertex  1.363868e+02 -1.219863e+02  0.000000e+00
     vertex  1.363040e+02 -1.220499e+02  1.510000e+00
     vertex  1.363868e+02 -1.219863e+02  1.510000e+00
   endloop
 endfacet
 facet normal -6.087614e-01  7.933533e-01  0.000000e+00
   outer loop
     vertex  1.363868e+02 -1.219863e+02  0.000000e+00
     vertex  1.363040e+02 -1.220499e+02  0.000000e+00
     vertex  1.363040e+02 -1.220499e+02  1.510000e+00
   endloop
 endfacet
 facet normal -7.933533e-01  6.087614e-01  0.000000e+00
   outer loop
     vertex  1.364504e+02 -1.219035e+02  0.000000e+00
     vertex  1.363868e+02 -1.219863e+02  1.510000e+00
     vertex  1.364504e+02 -1.219035e+02  1.510000e+00
   endloop
 endfacet
 facet normal -7.933533e-01  6.087614e-01  0.000000e+00
   outer loop
     vertex  1.364504e+02 -1.219035e+02  0.000000e+00
     vertex  1.363868e+02 -1.219863e+02  0.000000e+00
     vertex  1.363868e+02 -1.219863e+02  1.510000e+00
   endloop
 endfacet
 facet normal -9.238795e-01  3.826834e-01  0.000000e+00
   outer loop
     vertex  1.364904e+02 -1.218070e+02  0.000000e+00
     vertex  1.364504e+02 -1.219035e+02  1.510000e+00
     vertex  1.364904e+02 -1.218070e+02  1.510000e+00
   endloop
 endfacet
 facet normal -9.238795e-01  3.826834e-01  0.000000e+00
   outer loop
     vertex  1.364904e+02 -1.218070e+02  0.000000e+00
     vertex  1.364504e+02 -1.219035e+02  0.000000e+00
     vertex  1.364504e+02 -1.219035e+02  1.510000e+00
   endloop
 endfacet
 facet normal -9.914449e-01  1.305262e-01  0.000000e+00
   outer loop
     vertex  1.365040e+02 -1.217035e+02  0.000000e+00
     vertex  1.364904e+02 -1.218070e+02  1.510000e+00
     vertex  1.365040e+02 -1.217035e+02  1.510000e+00
   endloop
 endfacet
 facet normal -9.914449e-01  1.305262e-01  0.000000e+00
   outer loop
     vertex  1.365040e+02 -1.217035e+02  0.000000e+00
     vertex  1.364904e+02 -1.218070e+02  0.000000e+00
     vertex  1.364904e+02 -1.218070e+02  1.510000e+00
   endloop
 endfacet
 facet normal -9.914449e-01 -1.305262e-01  0.000000e+00
   outer loop
     vertex  1.364904e+02 -1.215999e+02  0.000000e+00
     vertex  1.365040e+02 -1.217035e+02  1.510000e+00
     vertex  1.364904e+02 -1.215999e+02  1.510000e+00
   endloop
 endfacet
 facet normal -9.914449e-01 -1.305262e-01  0.000000e+00
   outer loop
     vertex  1.364904e+02 -1.215999e+02  0.000000e+00
     vertex  1.365040e+02 -1.217035e+02  0.000000e+00
     vertex  1.365040e+02 -1.217035e+02  1.510000e+00
   endloop
 endfacet
 facet normal -9.238795e-01 -3.826834e-01  0.000000e+00
   outer loop
     vertex  1.364504e+02 -1.215035e+02  0.000000e+00
     vertex  1.364904e+02 -1.215999e+02  1.510000e+00
     vertex  1.364504e+02 -1.215035e+02  1.510000e+00
   endloop
 endfacet
 facet normal -9.238795e-01 -3.826834e-01  0.000000e+00
   outer loop
     vertex  1.364504e+02 -1.215035e+02  0.000000e+00
     vertex  1.364904e+02 -1.215999e+02  0.000000e+00
     vertex  1.364904e+02 -1.215999e+02  1.510000e+00
   endloop
 endfacet
 facet normal -7.933533e-01 -6.087614e-01  0.000000e+00
   outer loop
     vertex  1.363868e+02 -1.214206e+02  0.000000e+00
     vertex  1.364504e+02 -1.215035e+02  1.510000e+00
     vertex  1.363868e+02 -1.214206e+02  1.510000e+00
   endloop
 endfacet
 facet normal -7.933533e-01 -6.087614e-01  0.000000e+00
   outer loop
     vertex  1.363868e+02 -1.214206e+02  0.000000e+00
     vertex  1.364504e+02 -1.215035e+02  0.000000e+00
     vertex  1.364504e+02 -1.215035e+02  1.510000e+00
   endloop
 endfacet
 facet normal -6.087614e-01 -7.933533e-01  0.000000e+00
   outer loop
     vertex  1.363040e+02 -1.213571e+02  0.000000e+00
     vertex  1.363868e+02 -1.214206e+02  1.510000e+00
     vertex  1.363040e+02 -1.213571e+02  1.510000e+00
   endloop
 endfacet
 facet normal -6.087614e-01 -7.933533e-01  0.000000e+00
   outer loop
     vertex  1.363040e+02 -1.213571e+02  0.000000e+00
     vertex  1.363868e+02 -1.214206e+02  0.000000e+00
     vertex  1.363868e+02 -1.214206e+02  1.510000e+00
   endloop
 endfacet
 facet normal -3.826834e-01 -9.238795e-01  0.000000e+00
   outer loop
     vertex  1.362075e+02 -1.213171e+02  0.000000e+00
     vertex  1.363040e+02 -1.213571e+02  1.510000e+00
     vertex  1.362075e+02 -1.213171e+02  1.510000e+00
   endloop
 endfacet
 facet normal -3.826834e-01 -9.238795e-01  0.000000e+00
   outer loop
     vertex  1.362075e+02 -1.213171e+02  0.000000e+00
     vertex  1.363040e+02 -1.213571e+02  0.000000e+00
     vertex  1.363040e+02 -1.213571e+02  1.510000e+00
   endloop
 endfacet
 facet normal -1.305262e-01 -9.914449e-01  0.000000e+00
   outer loop
     vertex  1.361040e+02 -1.213035e+02  0.000000e+00
     vertex  1.362075e+02 -1.213171e+02  1.510000e+00
     vertex  1.361040e+02 -1.213035e+02  1.510000e+00
   endloop
 endfacet
 facet normal -1.305262e-01 -9.914449e-01  0.000000e+00
   outer loop
     vertex  1.361040e+02 -1.213035e+02  0.000000e+00
     vertex  1.362075e+02 -1.213171e+02  0.000000e+00
     vertex  1.362075e+02 -1.213171e+02  1.510000e+00
   endloop
 endfacet
 facet normal  1.305262e-01 -9.914449e-01  0.000000e+00
   outer loop
     vertex  1.360005e+02 -1.213171e+02  0.000000e+00
     vertex  1.361040e+02 -1.213035e+02  1.510000e+00
     vertex  1.360005e+02 -1.213171e+02  1.510000e+00
   endloop
 endfacet
 facet normal  1.305262e-01 -9.914449e-01  0.000000e+00
   outer loop
     vertex  1.360005e+02 -1.213171e+02  0.000000e+00
     vertex  1.361040e+02 -1.213035e+02  0.000000e+00
     vertex  1.361040e+02 -1.213035e+02  1.510000e+00
   endloop
 endfacet
 facet normal  3.826834e-01 -9.238795e-01  0.000000e+00
   outer loop
     vertex  1.359040e+02 -1.213571e+02  0.000000e+00
     vertex  1.360005e+02 -1.213171e+02  0.000000e+00
     vertex  1.360005e+02 -1.213171e+02  1.510000e+00
   endloop
 endfacet
 facet normal  3.826834e-01 -9.238795e-01  0.000000e+00
   outer loop
     vertex  1.359040e+02 -1.213571e+02  0.000000e+00
     vertex  1.360005e+02 -1.213171e+02  1.510000e+00
     vertex  1.359040e+02 -1.213571e+02  1.510000e+00
   endloop
 endfacet
 facet normal  6.087614e-01 -7.933533e-01  0.000000e+00
   outer loop
     vertex  1.358212e+02 -1.214206e+02  0.000000e+00
     vertex  1.359040e+02 -1.213571e+02  0.000000e+00
     vertex  1.359040e+02 -1.213571e+02  1.510000e+00
   endloop
 endfacet
 facet normal  7.933533e-01 -6.087614e-01  0.000000e+00
   outer loop
     vertex  1.358212e+02 -1.214206e+02  0.000000e+00
     vertex  1.358212e+02 -1.214206e+02  1.510000e+00
     vertex  1.357576e+02 -1.215035e+02  1.510000e+00
   endloop
 endfacet
 facet normal  6.087614e-01 -7.933533e-01  0.000000e+00
   outer loop
     vertex  1.358212e+02 -1.214206e+02  0.000000e+00
     vertex  1.359040e+02 -1.213571e+02  1.510000e+00
     vertex  1.358212e+02 -1.214206e+02  1.510000e+00
   endloop
 endfacet
 facet normal  7.933533e-01 -6.087614e-01  0.000000e+00
   outer loop
     vertex  1.357576e+02 -1.215035e+02  0.000000e+00
     vertex  1.358212e+02 -1.214206e+02  0.000000e+00
     vertex  1.357576e+02 -1.215035e+02  1.510000e+00
   endloop
 endfacet
 facet normal  9.238795e-01 -3.826834e-01  0.000000e+00
   outer loop
     vertex  1.357576e+02 -1.215035e+02  0.000000e+00
     vertex  1.357576e+02 -1.215035e+02  1.510000e+00
     vertex  1.357176e+02 -1.215999e+02  1.510000e+00
   endloop
 endfacet
 facet normal  9.238795e-01 -3.826834e-01  0.000000e+00
   outer loop
     vertex  1.357176e+02 -1.215999e+02  0.000000e+00
     vertex  1.357576e+02 -1.215035e+02  0.000000e+00
     vertex  1.357176e+02 -1.215999e+02  1.510000e+00
   endloop
 endfacet
 facet normal  9.914449e-01 -1.305262e-01  0.000000e+00
   outer loop
     vertex  1.357040e+02 -1.217035e+02  0.000000e+00
     vertex  1.357176e+02 -1.215999e+02  0.000000e+00
     vertex  1.357176e+02 -1.215999e+02  1.510000e+00
   endloop
 endfacet
 facet normal  9.914449e-01 -1.305262e-01  0.000000e+00
   outer loop
     vertex  1.357040e+02 -1.217035e+02  0.000000e+00
     vertex  1.357176e+02 -1.215999e+02  1.510000e+00
     vertex  1.357040e+02 -1.217035e+02  1.510000e+00
   endloop
 endfacet
 facet normal  9.914449e-01  1.305262e-01 -0.000000e+00
   outer loop
     vertex  1.357176e+02 -1.218070e+02  0.000000e+00
     vertex  1.357040e+02 -1.217035e+02  1.510000e+00
     vertex  1.357176e+02 -1.218070e+02  1.510000e+00
   endloop
 endfacet
 facet normal  9.914449e-01  1.305262e-01  0.000000e+00
   outer loop
     vertex  1.357176e+02 -1.218070e+02  0.000000e+00
     vertex  1.357040e+02 -1.217035e+02  0.000000e+00
     vertex  1.357040e+02 -1.217035e+02  1.510000e+00
   endloop
 endfacet
 facet normal  9.238795e-01  3.826834e-01 -0.000000e+00
   outer loop
     vertex  1.357576e+02 -1.219035e+02  0.000000e+00
     vertex  1.357176e+02 -1.218070e+02  1.510000e+00
     vertex  1.357576e+02 -1.219035e+02  1.510000e+00
   endloop
 endfacet
 facet normal  9.238795e-01  3.826834e-01  0.000000e+00
   outer loop
     vertex  1.357576e+02 -1.219035e+02  0.000000e+00
     vertex  1.357176e+02 -1.218070e+02  0.000000e+00
     vertex  1.357176e+02 -1.218070e+02  1.510000e+00
   endloop
 endfacet
 facet normal  6.087614e-01  7.933533e-01 -0.000000e+00
   outer loop
     vertex  1.358212e+02 -1.219863e+02  0.000000e+00
     vertex  1.358212e+02 -1.219863e+02  1.510000e+00
     vertex  1.359040e+02 -1.220499e+02  1.510000e+00
   endloop
 endfacet
 facet normal  7.933533e-01  6.087614e-01 -0.000000e+00
   outer loop
     vertex  1.358212e+02 -1.219863e+02  0.000000e+00
     vertex  1.357576e+02 -1.219035e+02  1.510000e+00
     vertex  1.358212e+02 -1.219863e+02  1.510000e+00
   endloop
 endfacet
 facet normal  7.933533e-01  6.087614e-01  0.000000e+00
   outer loop
     vertex  1.358212e+02 -1.219863e+02  0.000000e+00
     vertex  1.357576e+02 -1.219035e+02  0.000000e+00
     vertex  1.357576e+02 -1.219035e+02  1.510000e+00
   endloop
 endfacet
 facet normal  6.087614e-01  7.933533e-01 -0.000000e+00
   outer loop
     vertex  1.359040e+02 -1.220499e+02  0.000000e+00
     vertex  1.358212e+02 -1.219863e+02  0.000000e+00
     vertex  1.359040e+02 -1.220499e+02  1.510000e+00
   endloop
 endfacet
 facet normal  3.826834e-01  9.238795e-01 -0.000000e+00
   outer loop
     vertex  1.360005e+02 -1.220898e+02  0.000000e+00
     vertex  1.359040e+02 -1.220499e+02  1.510000e+00
     vertex  1.360005e+02 -1.220898e+02  1.510000e+00
   endloop
 endfacet
 facet normal  3.826834e-01  9.238795e-01  0.000000e+00
   outer loop
     vertex  1.360005e+02 -1.220898e+02  0.000000e+00
     vertex  1.359040e+02 -1.220499e+02  0.000000e+00
     vertex  1.359040e+02 -1.220499e+02  1.510000e+00
   endloop
 endfacet
 facet normal  1.305262e-01  9.914449e-01 -0.000000e+00
   outer loop
     vertex  1.361040e+02 -1.221035e+02  0.000000e+00
     vertex  1.360005e+02 -1.220898e+02  1.510000e+00
     vertex  1.361040e+02 -1.221035e+02  1.510000e+00
   endloop
 endfacet
 facet normal  1.305262e-01  9.914449e-01  0.000000e+00
   outer loop
     vertex  1.361040e+02 -1.221035e+02  0.000000e+00
     vertex  1.360005e+02 -1.220898e+02  0.000000e+00
     vertex  1.360005e+02 -1.220898e+02  1.510000e+00
   endloop
 endfacet
 facet normal -1.305262e-01  9.914449e-01  0.000000e+00
   outer loop
     vertex  1.342075e+02 -1.186898e+02  0.000000e+00
     vertex  1.341040e+02 -1.187035e+02  0.000000e+00
     vertex  1.341040e+02 -1.187035e+02  1.510000e+00
   endloop
 endfacet
 facet normal -1.305262e-01  9.914449e-01  0.000000e+00
   outer loop
     vertex  1.342075e+02 -1.186898e+02  0.000000e+00
     vertex  1.341040e+02 -1.187035e+02  1.510000e+00
     vertex  1.342075e+02 -1.186898e+02  1.510000e+00
   endloop
 endfacet
 facet normal -3.826834e-01  9.238795e-01  0.000000e+00
   outer loop
     vertex  1.343040e+02 -1.186499e+02  0.000000e+00
     vertex  1.342075e+02 -1.186898e+02  1.510000e+00
     vertex  1.343040e+02 -1.186499e+02  1.510000e+00
   endloop
 endfacet
 facet normal -3.826834e-01  9.238795e-01  0.000000e+00
   outer loop
     vertex  1.343040e+02 -1.186499e+02  0.000000e+00
     vertex  1.342075e+02 -1.186898e+02  0.000000e+00
     vertex  1.342075e+02 -1.186898e+02  1.510000e+00
   endloop
 endfacet
 facet normal -6.087614e-01  7.933533e-01  0.000000e+00
   outer loop
     vertex  1.343868e+02 -1.185863e+02  0.000000e+00
     vertex  1.343040e+02 -1.186499e+02  1.510000e+00
     vertex  1.343868e+02 -1.185863e+02  1.510000e+00
   endloop
 endfacet
 facet normal -6.087614e-01  7.933533e-01  0.000000e+00
   outer loop
     vertex  1.343868e+02 -1.185863e+02  0.000000e+00
     vertex  1.343040e+02 -1.186499e+02  0.000000e+00
     vertex  1.343040e+02 -1.186499e+02  1.510000e+00
   endloop
 endfacet
 facet normal -7.933533e-01  6.087614e-01  0.000000e+00
   outer loop
     vertex  1.344504e+02 -1.185035e+02  0.000000e+00
     vertex  1.343868e+02 -1.185863e+02  1.510000e+00
     vertex  1.344504e+02 -1.185035e+02  1.510000e+00
   endloop
 endfacet
 facet normal -7.933533e-01  6.087614e-01  0.000000e+00
   outer loop
     vertex  1.344504e+02 -1.185035e+02  0.000000e+00
     vertex  1.343868e+02 -1.185863e+02  0.000000e+00
     vertex  1.343868e+02 -1.185863e+02  1.510000e+00
   endloop
 endfacet
 facet normal -9.238795e-01  3.826834e-01  0.000000e+00
   outer loop
     vertex  1.344904e+02 -1.184070e+02  0.000000e+00
     vertex  1.344504e+02 -1.185035e+02  1.510000e+00
     vertex  1.344904e+02 -1.184070e+02  1.510000e+00
   endloop
 endfacet
 facet normal -9.238795e-01  3.826834e-01  0.000000e+00
   outer loop
     vertex  1.344904e+02 -1.184070e+02  0.000000e+00
     vertex  1.344504e+02 -1.185035e+02  0.000000e+00
     vertex  1.344504e+02 -1.185035e+02  1.510000e+00
   endloop
 endfacet
 facet normal -9.914449e-01  1.305262e-01  0.000000e+00
   outer loop
     vertex  1.345040e+02 -1.183035e+02  0.000000e+00
     vertex  1.344904e+02 -1.184070e+02  1.510000e+00
     vertex  1.345040e+02 -1.183035e+02  1.510000e+00
   endloop
 endfacet
 facet normal -9.914449e-01  1.305262e-01  0.000000e+00
   outer loop
     vertex  1.345040e+02 -1.183035e+02  0.000000e+00
     vertex  1.344904e+02 -1.184070e+02  0.000000e+00
     vertex  1.344904e+02 -1.184070e+02  1.510000e+00
   endloop
 endfacet
 facet normal -9.914449e-01 -1.305262e-01  0.000000e+00
   outer loop
     vertex  1.344904e+02 -1.181999e+02  0.000000e+00
     vertex  1.345040e+02 -1.183035e+02  1.510000e+00
     vertex  1.344904e+02 -1.181999e+02  1.510000e+00
   endloop
 endfacet
 facet normal -9.914449e-01 -1.305262e-01  0.000000e+00
   outer loop
     vertex  1.344904e+02 -1.181999e+02  0.000000e+00
     vertex  1.345040e+02 -1.183035e+02  0.000000e+00
     vertex  1.345040e+02 -1.183035e+02  1.510000e+00
   endloop
 endfacet
 facet normal -9.238795e-01 -3.826834e-01  0.000000e+00
   outer loop
     vertex  1.344504e+02 -1.181035e+02  0.000000e+00
     vertex  1.344904e+02 -1.181999e+02  1.510000e+00
     vertex  1.344504e+02 -1.181035e+02  1.510000e+00
   endloop
 endfacet
 facet normal -9.238795e-01 -3.826834e-01  0.000000e+00
   outer loop
     vertex  1.344504e+02 -1.181035e+02  0.000000e+00
     vertex  1.344904e+02 -1.181999e+02  0.000000e+00
     vertex  1.344904e+02 -1.181999e+02  1.510000e+00
   endloop
 endfacet
 facet normal -7.933533e-01 -6.087614e-01  0.000000e+00
   outer loop
     vertex  1.343868e+02 -1.180206e+02  0.000000e+00
     vertex  1.344504e+02 -1.181035e+02  1.510000e+00
     vertex  1.343868e+02 -1.180206e+02  1.510000e+00
   endloop
 endfacet
 facet normal -7.933533e-01 -6.087614e-01  0.000000e+00
   outer loop
     vertex  1.343868e+02 -1.180206e+02  0.000000e+00
     vertex  1.344504e+02 -1.181035e+02  0.000000e+00
     vertex  1.344504e+02 -1.181035e+02  1.510000e+00
   endloop
 endfacet
 facet normal -6.087614e-01 -7.933533e-01  0.000000e+00
   outer loop
     vertex  1.343040e+02 -1.179571e+02  0.000000e+00
     vertex  1.343868e+02 -1.180206e+02  1.510000e+00
     vertex  1.343040e+02 -1.179571e+02  1.510000e+00
   endloop
 endfacet
 facet normal -6.087614e-01 -7.933533e-01  0.000000e+00
   outer loop
     vertex  1.343040e+02 -1.179571e+02  0.000000e+00
     vertex  1.343868e+02 -1.180206e+02  0.000000e+00
     vertex  1.343868e+02 -1.180206e+02  1.510000e+00
   endloop
 endfacet
 facet normal -3.826834e-01 -9.238795e-01  0.000000e+00
   outer loop
     vertex  1.342075e+02 -1.179171e+02  0.000000e+00
     vertex  1.343040e+02 -1.179571e+02  1.510000e+00
     vertex  1.342075e+02 -1.179171e+02  1.510000e+00
   endloop
 endfacet
 facet normal -3.826834e-01 -9.238795e-01  0.000000e+00
   outer loop
     vertex  1.342075e+02 -1.179171e+02  0.000000e+00
     vertex  1.343040e+02 -1.179571e+02  0.000000e+00
     vertex  1.343040e+02 -1.179571e+02  1.510000e+00
   endloop
 endfacet
 facet normal -1.305262e-01 -9.914449e-01  0.000000e+00
   outer loop
     vertex  1.341040e+02 -1.179035e+02  0.000000e+00
     vertex  1.342075e+02 -1.179171e+02  1.510000e+00
     vertex  1.341040e+02 -1.179035e+02  1.510000e+00
   endloop
 endfacet
 facet normal -1.305262e-01 -9.914449e-01  0.000000e+00
   outer loop
     vertex  1.341040e+02 -1.179035e+02  0.000000e+00
     vertex  1.342075e+02 -1.179171e+02  0.000000e+00
     vertex  1.342075e+02 -1.179171e+02  1.510000e+00
   endloop
 endfacet
 facet normal  1.305262e-01 -9.914449e-01  0.000000e+00
   outer loop
     vertex  1.340005e+02 -1.179171e+02  0.000000e+00
     vertex  1.341040e+02 -1.179035e+02  1.510000e+00
     vertex  1.340005e+02 -1.179171e+02  1.510000e+00
   endloop
 endfacet
 facet normal  1.305262e-01 -9.914449e-01  0.000000e+00
   outer loop
     vertex  1.340005e+02 -1.179171e+02  0.000000e+00
     vertex  1.341040e+02 -1.179035e+02  0.000000e+00
     vertex  1.341040e+02 -1.179035e+02  1.510000e+00
   endloop
 endfacet
 facet normal  3.826834e-01 -9.238795e-01  0.000000e+00
   outer loop
     vertex  1.339040e+02 -1.179571e+02  0.000000e+00
     vertex  1.340005e+02 -1.179171e+02  0.000000e+00
     vertex  1.340005e+02 -1.179171e+02  1.510000e+00
   endloop
 endfacet
 facet normal  3.826834e-01 -9.238795e-01  0.000000e+00
   outer loop
     vertex  1.339040e+02 -1.179571e+02  0.000000e+00
     vertex  1.340005e+02 -1.179171e+02  1.510000e+00
     vertex  1.339040e+02 -1.179571e+02  1.510000e+00
   endloop
 endfacet
 facet normal  6.087614e-01 -7.933533e-01  0.000000e+00
   outer loop
     vertex  1.338212e+02 -1.180206e+02  0.000000e+00
     vertex  1.339040e+02 -1.179571e+02  0.000000e+00
     vertex  1.339040e+02 -1.179571e+02  1.510000e+00
   endloop
 endfacet
 facet normal  7.933533e-01 -6.087614e-01  0.000000e+00
   outer loop
     vertex  1.338212e+02 -1.180206e+02  0.000000e+00
     vertex  1.338212e+02 -1.180206e+02  1.510000e+00
     vertex  1.337576e+02 -1.181035e+02  1.510000e+00
   endloop
 endfacet
 facet normal  6.087614e-01 -7.933533e-01  0.000000e+00
   outer loop
     vertex  1.338212e+02 -1.180206e+02  0.000000e+00
     vertex  1.339040e+02 -1.179571e+02  1.510000e+00
     vertex  1.338212e+02 -1.180206e+02  1.510000e+00
   endloop
 endfacet
 facet normal  7.933533e-01 -6.087614e-01  0.000000e+00
   outer loop
     vertex  1.337576e+02 -1.181035e+02  0.000000e+00
     vertex  1.338212e+02 -1.180206e+02  0.000000e+00
     vertex  1.337576e+02 -1.181035e+02  1.510000e+00
   endloop
 endfacet
 facet normal  9.238795e-01 -3.826834e-01  0.000000e+00
   outer loop
     vertex  1.337576e+02 -1.181035e+02  0.000000e+00
     vertex  1.337576e+02 -1.181035e+02  1.510000e+00
     vertex  1.337176e+02 -1.181999e+02  1.510000e+00
   endloop
 endfacet
 facet normal  9.238795e-01 -3.826834e-01  0.000000e+00
   outer loop
     vertex  1.337176e+02 -1.181999e+02  0.000000e+00
     vertex  1.337576e+02 -1.181035e+02  0.000000e+00
     vertex  1.337176e+02 -1.181999e+02  1.510000e+00
   endloop
 endfacet
 facet normal  9.914449e-01 -1.305262e-01  0.000000e+00
   outer loop
     vertex  1.337040e+02 -1.183035e+02  0.000000e+00
     vertex  1.337176e+02 -1.181999e+02  0.000000e+00
     vertex  1.337176e+02 -1.181999e+02  1.510000e+00
   endloop
 endfacet
 facet normal  9.914449e-01 -1.305262e-01  0.000000e+00
   outer loop
     vertex  1.337040e+02 -1.183035e+02  0.000000e+00
     vertex  1.337176e+02 -1.181999e+02  1.510000e+00
     vertex  1.337040e+02 -1.183035e+02  1.510000e+00
   endloop
 endfacet
 facet normal  9.914449e-01  1.305262e-01 -0.000000e+00
   outer loop
     vertex  1.337176e+02 -1.184070e+02  0.000000e+00
     vertex  1.337040e+02 -1.183035e+02  1.510000e+00
     vertex  1.337176e+02 -1.184070e+02  1.510000e+00
   endloop
 endfacet
 facet normal  9.914449e-01  1.305262e-01  0.000000e+00
   outer loop
     vertex  1.337176e+02 -1.184070e+02  0.000000e+00
     vertex  1.337040e+02 -1.183035e+02  0.000000e+00
     vertex  1.337040e+02 -1.183035e+02  1.510000e+00
   endloop
 endfacet
 facet normal  9.238795e-01  3.826834e-01 -0.000000e+00
   outer loop
     vertex  1.337576e+02 -1.185035e+02  0.000000e+00
     vertex  1.337176e+02 -1.184070e+02  1.510000e+00
     vertex  1.337576e+02 -1.185035e+02  1.510000e+00
   endloop
 endfacet
 facet normal  9.238795e-01  3.826834e-01  0.000000e+00
   outer loop
     vertex  1.337576e+02 -1.185035e+02  0.000000e+00
     vertex  1.337176e+02 -1.184070e+02  0.000000e+00
     vertex  1.337176e+02 -1.184070e+02  1.510000e+00
   endloop
 endfacet
 facet normal  6.087614e-01  7.933533e-01 -0.000000e+00
   outer loop
     vertex  1.338212e+02 -1.185863e+02  0.000000e+00
     vertex  1.338212e+02 -1.185863e+02  1.510000e+00
     vertex  1.339040e+02 -1.186499e+02  1.510000e+00
   endloop
 endfacet
 facet normal  7.933533e-01  6.087614e-01 -0.000000e+00
   outer loop
     vertex  1.338212e+02 -1.185863e+02  0.000000e+00
     vertex  1.337576e+02 -1.185035e+02  1.510000e+00
     vertex  1.338212e+02 -1.185863e+02  1.510000e+00
   endloop
 endfacet
 facet normal  7.933533e-01  6.087614e-01  0.000000e+00
   outer loop
     vertex  1.338212e+02 -1.185863e+02  0.000000e+00
     vertex  1.337576e+02 -1.185035e+02  0.000000e+00
     vertex  1.337576e+02 -1.185035e+02  1.510000e+00
   endloop
 endfacet
 facet normal  6.087614e-01  7.933533e-01 -0.000000e+00
   outer loop
     vertex  1.339040e+02 -1.186499e+02  0.000000e+00
     vertex  1.338212e+02 -1.185863e+02  0.000000e+00
     vertex  1.339040e+02 -1.186499e+02  1.510000e+00
   endloop
 endfacet
 facet normal  3.826834e-01  9.238795e-01 -0.000000e+00
   outer loop
     vertex  1.340005e+02 -1.186898e+02  0.000000e+00
     vertex  1.339040e+02 -1.186499e+02  1.510000e+00
     vertex  1.340005e+02 -1.186898e+02  1.510000e+00
   endloop
 endfacet
 facet normal  3.826834e-01  9.238795e-01  0.000000e+00
   outer loop
     vertex  1.340005e+02 -1.186898e+02  0.000000e+00
     vertex  1.339040e+02 -1.186499e+02  0.000000e+00
     vertex  1.339040e+02 -1.186499e+02  1.510000e+00
   endloop
 endfacet
 facet normal  1.305262e-01  9.914449e-01 -0.000000e+00
   outer loop
     vertex  1.341040e+02 -1.187035e+02  0.000000e+00
     vertex  1.340005e+02 -1.186898e+02  1.510000e+00
     vertex  1.341040e+02 -1.187035e+02  1.510000e+00
   endloop
 endfacet
 facet normal  1.305262e-01  9.914449e-01  0.000000e+00
   outer loop
     vertex  1.341040e+02 -1.187035e+02  0.000000e+00
     vertex  1.340005e+02 -1.186898e+02  0.000000e+00
     vertex  1.340005e+02 -1.186898e+02  1.510000e+00
   endloop
 endfacet
 facet normal -1.305262e-01  9.914449e-01  0.000000e+00
   outer loop
     vertex  1.362075e+02 -1.186898e+02  0.000000e+00
     vertex  1.361040e+02 -1.187035e+02  0.000000e+00
     vertex  1.361040e+02 -1.187035e+02  1.510000e+00
   endloop
 endfacet
 facet normal -1.305262e-01  9.914449e-01  0.000000e+00
   outer loop
     vertex  1.362075e+02 -1.186898e+02  0.000000e+00
     vertex  1.361040e+02 -1.187035e+02  1.510000e+00
     vertex  1.362075e+02 -1.186898e+02  1.510000e+00
   endloop
 endfacet
 facet normal -3.826834e-01  9.238795e-01  0.000000e+00
   outer loop
     vertex  1.363040e+02 -1.186499e+02  0.000000e+00
     vertex  1.362075e+02 -1.186898e+02  1.510000e+00
     vertex  1.363040e+02 -1.186499e+02  1.510000e+00
   endloop
 endfacet
 facet normal -3.826834e-01  9.238795e-01  0.000000e+00
   outer loop
     vertex  1.363040e+02 -1.186499e+02  0.000000e+00
     vertex  1.362075e+02 -1.186898e+02  0.000000e+00
     vertex  1.362075e+02 -1.186898e+02  1.510000e+00
   endloop
 endfacet
 facet normal -6.087614e-01  7.933533e-01  0.000000e+00
   outer loop
     vertex  1.363868e+02 -1.185863e+02  0.000000e+00
     vertex  1.363040e+02 -1.186499e+02  1.510000e+00
     vertex  1.363868e+02 -1.185863e+02  1.510000e+00
   endloop
 endfacet
 facet normal -6.087614e-01  7.933533e-01  0.000000e+00
   outer loop
     vertex  1.363868e+02 -1.185863e+02  0.000000e+00
     vertex  1.363040e+02 -1.186499e+02  0.000000e+00
     vertex  1.363040e+02 -1.186499e+02  1.510000e+00
   endloop
 endfacet
 facet normal -7.933533e-01  6.087614e-01  0.000000e+00
   outer loop
     vertex  1.364504e+02 -1.185035e+02  0.000000e+00
     vertex  1.363868e+02 -1.185863e+02  1.510000e+00
     vertex  1.364504e+02 -1.185035e+02  1.510000e+00
   endloop
 endfacet
 facet normal -7.933533e-01  6.087614e-01  0.000000e+00
   outer loop
     vertex  1.364504e+02 -1.185035e+02  0.000000e+00
     vertex  1.363868e+02 -1.185863e+02  0.000000e+00
     vertex  1.363868e+02 -1.185863e+02  1.510000e+00
   endloop
 endfacet
 facet normal -9.238795e-01  3.826834e-01  0.000000e+00
   outer loop
     vertex  1.364904e+02 -1.184070e+02  0.000000e+00
     vertex  1.364504e+02 -1.185035e+02  1.510000e+00
     vertex  1.364904e+02 -1.184070e+02  1.510000e+00
   endloop
 endfacet
 facet normal -9.238795e-01  3.826834e-01  0.000000e+00
   outer loop
     vertex  1.364904e+02 -1.184070e+02  0.000000e+00
     vertex  1.364504e+02 -1.185035e+02  0.000000e+00
     vertex  1.364504e+02 -1.185035e+02  1.510000e+00
   endloop
 endfacet
 facet normal -9.914449e-01  1.305262e-01  0.000000e+00
   outer loop
     vertex  1.365040e+02 -1.183035e+02  0.000000e+00
     vertex  1.364904e+02 -1.184070e+02  1.510000e+00
     vertex  1.365040e+02 -1.183035e+02  1.510000e+00
   endloop
 endfacet
 facet normal -9.914449e-01  1.305262e-01  0.000000e+00
   outer loop
     vertex  1.365040e+02 -1.183035e+02  0.000000e+00
     vertex  1.364904e+02 -1.184070e+02  0.000000e+00
     vertex  1.364904e+02 -1.184070e+02  1.510000e+00
   endloop
 endfacet
 facet normal -9.914449e-01 -1.305262e-01  0.000000e+00
   outer loop
     vertex  1.364904e+02 -1.181999e+02  0.000000e+00
     vertex  1.365040e+02 -1.183035e+02  1.510000e+00
     vertex  1.364904e+02 -1.181999e+02  1.510000e+00
   endloop
 endfacet
 facet normal -9.914449e-01 -1.305262e-01  0.000000e+00
   outer loop
     vertex  1.364904e+02 -1.181999e+02  0.000000e+00
     vertex  1.365040e+02 -1.183035e+02  0.000000e+00
     vertex  1.365040e+02 -1.183035e+02  1.510000e+00
   endloop
 endfacet
 facet normal -9.238795e-01 -3.826834e-01  0.000000e+00
   outer loop
     vertex  1.364504e+02 -1.181035e+02  0.000000e+00
     vertex  1.364904e+02 -1.181999e+02  1.510000e+00
     vertex  1.364504e+02 -1.181035e+02  1.510000e+00
   endloop
 endfacet
 facet normal -9.238795e-01 -3.826834e-01  0.000000e+00
   outer loop
     vertex  1.364504e+02 -1.181035e+02  0.000000e+00
     vertex  1.364904e+02 -1.181999e+02  0.000000e+00
     vertex  1.364904e+02 -1.181999e+02  1.510000e+00
   endloop
 endfacet
 facet normal -7.933533e-01 -6.087614e-01  0.000000e+00
   outer loop
     vertex  1.363868e+02 -1.180206e+02  0.000000e+00
     vertex  1.364504e+02 -1.181035e+02  1.510000e+00
     vertex  1.363868e+02 -1.180206e+02  1.510000e+00
   endloop
 endfacet
 facet normal -7.933533e-01 -6.087614e-01  0.000000e+00
   outer loop
     vertex  1.363868e+02 -1.180206e+02  0.000000e+00
     vertex  1.364504e+02 -1.181035e+02  0.000000e+00
     vertex  1.364504e+02 -1.181035e+02  1.510000e+00
   endloop
 endfacet
 facet normal -6.087614e-01 -7.933533e-01  0.000000e+00
   outer loop
     vertex  1.363040e+02 -1.179571e+02  0.000000e+00
     vertex  1.363868e+02 -1.180206e+02  1.510000e+00
     vertex  1.363040e+02 -1.179571e+02  1.510000e+00
   endloop
 endfacet
 facet normal -6.087614e-01 -7.933533e-01  0.000000e+00
   outer loop
     vertex  1.363040e+02 -1.179571e+02  0.000000e+00
     vertex  1.363868e+02 -1.180206e+02  0.000000e+00
     vertex  1.363868e+02 -1.180206e+02  1.510000e+00
   endloop
 endfacet
 facet normal -3.826834e-01 -9.238795e-01  0.000000e+00
   outer loop
     vertex  1.362075e+02 -1.179171e+02  0.000000e+00
     vertex  1.363040e+02 -1.179571e+02  1.510000e+00
     vertex  1.362075e+02 -1.179171e+02  1.510000e+00
   endloop
 endfacet
 facet normal -3.826834e-01 -9.238795e-01  0.000000e+00
   outer loop
     vertex  1.362075e+02 -1.179171e+02  0.000000e+00
     vertex  1.363040e+02 -1.179571e+02  0.000000e+00
     vertex  1.363040e+02 -1.179571e+02  1.510000e+00
   endloop
 endfacet
 facet normal -1.305262e-01 -9.914449e-01  0.000000e+00
   outer loop
     vertex  1.361040e+02 -1.179035e+02  0.000000e+00
     vertex  1.362075e+02 -1.179171e+02  1.510000e+00
     vertex  1.361040e+02 -1.179035e+02  1.510000e+00
   endloop
 endfacet
 facet normal -1.305262e-01 -9.914449e-01  0.000000e+00
   outer loop
     vertex  1.361040e+02 -1.179035e+02  0.000000e+00
     vertex  1.362075e+02 -1.179171e+02  0.000000e+00
     vertex  1.362075e+02 -1.179171e+02  1.510000e+00
   endloop
 endfacet
 facet normal  1.305262e-01 -9.914449e-01  0.000000e+00
   outer loop
     vertex  1.360005e+02 -1.179171e+02  0.000000e+00
     vertex  1.361040e+02 -1.179035e+02  1.510000e+00
     vertex  1.360005e+02 -1.179171e+02  1.510000e+00
   endloop
 endfacet
 facet normal  1.305262e-01 -9.914449e-01  0.000000e+00
   outer loop
     vertex  1.360005e+02 -1.179171e+02  0.000000e+00
     vertex  1.361040e+02 -1.179035e+02  0.000000e+00
     vertex  1.361040e+02 -1.179035e+02  1.510000e+00
   endloop
 endfacet
 facet normal  3.826834e-01 -9.238795e-01  0.000000e+00
   outer loop
     vertex  1.359040e+02 -1.179571e+02  0.000000e+00
     vertex  1.360005e+02 -1.179171e+02  0.000000e+00
     vertex  1.360005e+02 -1.179171e+02  1.510000e+00
   endloop
 endfacet
 facet normal  3.826834e-01 -9.238795e-01  0.000000e+00
   outer loop
     vertex  1.359040e+02 -1.179571e+02  0.000000e+00
     vertex  1.360005e+02 -1.179171e+02  1.510000e+00
     vertex  1.359040e+02 -1.179571e+02  1.510000e+00
   endloop
 endfacet
 facet normal  6.087614e-01 -7.933533e-01  0.000000e+00
   outer loop
     vertex  1.358212e+02 -1.180206e+02  0.000000e+00
     vertex  1.359040e+02 -1.179571e+02  0.000000e+00
     vertex  1.359040e+02 -1.179571e+02  1.510000e+00
   endloop
 endfacet
 facet normal  7.933533e-01 -6.087614e-01  0.000000e+00
   outer loop
     vertex  1.358212e+02 -1.180206e+02  0.000000e+00
     vertex  1.358212e+02 -1.180206e+02  1.510000e+00
     vertex  1.357576e+02 -1.181035e+02  1.510000e+00
   endloop
 endfacet
 facet normal  6.087614e-01 -7.933533e-01  0.000000e+00
   outer loop
     vertex  1.358212e+02 -1.180206e+02  0.000000e+00
     vertex  1.359040e+02 -1.179571e+02  1.510000e+00
     vertex  1.358212e+02 -1.180206e+02  1.510000e+00
   endloop
 endfacet
 facet normal  7.933533e-01 -6.087614e-01  0.000000e+00
   outer loop
     vertex  1.357576e+02 -1.181035e+02  0.000000e+00
     vertex  1.358212e+02 -1.180206e+02  0.000000e+00
     vertex  1.357576e+02 -1.181035e+02  1.510000e+00
   endloop
 endfacet
 facet normal  9.238795e-01 -3.826834e-01  0.000000e+00
   outer loop
     vertex  1.357576e+02 -1.181035e+02  0.000000e+00
     vertex  1.357576e+02 -1.181035e+02  1.510000e+00
     vertex  1.357176e+02 -1.181999e+02  1.510000e+00
   endloop
 endfacet
 facet normal  9.238795e-01 -3.826834e-01  0.000000e+00
   outer loop
     vertex  1.357176e+02 -1.181999e+02  0.000000e+00
     vertex  1.357576e+02 -1.181035e+02  0.000000e+00
     vertex  1.357176e+02 -1.181999e+02  1.510000e+00
   endloop
 endfacet
 facet normal  9.914449e-01 -1.305262e-01  0.000000e+00
   outer loop
     vertex  1.357040e+02 -1.183035e+02  0.000000e+00
     vertex  1.357176e+02 -1.181999e+02  0.000000e+00
     vertex  1.357176e+02 -1.181999e+02  1.510000e+00
   endloop
 endfacet
 facet normal  9.914449e-01 -1.305262e-01  0.000000e+00
   outer loop
     vertex  1.357040e+02 -1.183035e+02  0.000000e+00
     vertex  1.357176e+02 -1.181999e+02  1.510000e+00
     vertex  1.357040e+02 -1.183035e+02  1.510000e+00
   endloop
 endfacet
 facet normal  9.914449e-01  1.305262e-01 -0.000000e+00
   outer loop
     vertex  1.357176e+02 -1.184070e+02  0.000000e+00
     vertex  1.357040e+02 -1.183035e+02  1.510000e+00
     vertex  1.357176e+02 -1.184070e+02  1.510000e+00
   endloop
 endfacet
 facet normal  9.914449e-01  1.305262e-01  0.000000e+00
   outer loop
     vertex  1.357176e+02 -1.184070e+02  0.000000e+00
     vertex  1.357040e+02 -1.183035e+02  0.000000e+00
     vertex  1.357040e+02 -1.183035e+02  1.510000e+00
   endloop
 endfacet
 facet normal  9.238795e-01  3.826834e-01 -0.000000e+00
   outer loop
     vertex  1.357576e+02 -1.185035e+02  0.000000e+00
     vertex  1.357176e+02 -1.184070e+02  1.510000e+00
     vertex  1.357576e+02 -1.185035e+02  1.510000e+00
   endloop
 endfacet
 facet normal  9.238795e-01  3.826834e-01  0.000000e+00
   outer loop
     vertex  1.357576e+02 -1.185035e+02  0.000000e+00
     vertex  1.357176e+02 -1.184070e+02  0.000000e+00
     vertex  1.357176e+02 -1.184070e+02  1.510000e+00
   endloop
 endfacet
 facet normal  6.087614e-01  7.933533e-01 -0.000000e+00
   outer loop
     vertex  1.358212e+02 -1.185863e+02  0.000000e+00
     vertex  1.358212e+02 -1.185863e+02  1.510000e+00
     vertex  1.359040e+02 -1.186499e+02  1.510000e+00
   endloop
 endfacet
 facet normal  7.933533e-01  6.087614e-01 -0.000000e+00
   outer loop
     vertex  1.358212e+02 -1.185863e+02  0.000000e+00
     vertex  1.357576e+02 -1.185035e+02  1.510000e+00
     vertex  1.358212e+02 -1.185863e+02  1.510000e+00
   endloop
 endfacet
 facet normal  7.933533e-01  6.087614e-01  0.000000e+00
   outer loop
     vertex  1.358212e+02 -1.185863e+02  0.000000e+00
     vertex  1.357576e+02 -1.185035e+02  0.000000e+00
     vertex  1.357576e+02 -1.185035e+02  1.510000e+00
   endloop
 endfacet
 facet normal  6.087614e-01  7.933533e-01 -0.000000e+00
   outer loop
     vertex  1.359040e+02 -1.186499e+02  0.000000e+00
     vertex  1.358212e+02 -1.185863e+02  0.000000e+00
     vertex  1.359040e+02 -1.186499e+02  1.510000e+00
   endloop
 endfacet
 facet normal  3.826834e-01  9.238795e-01 -0.000000e+00
   outer loop
     vertex  1.360005e+02 -1.186898e+02  0.000000e+00
     vertex  1.359040e+02 -1.186499e+02  1.510000e+00
     vertex  1.360005e+02 -1.186898e+02  1.510000e+00
   endloop
 endfacet
 facet normal  3.826834e-01  9.238795e-01  0.000000e+00
   outer loop
     vertex  1.360005e+02 -1.186898e+02  0.000000e+00
     vertex  1.359040e+02 -1.186499e+02  0.000000e+00
     vertex  1.359040e+02 -1.186499e+02  1.510000e+00
   endloop
 endfacet
 facet normal  1.305262e-01  9.914449e-01 -0.000000e+00
   outer loop
     vertex  1.361040e+02 -1.187035e+02  0.000000e+00
     vertex  1.360005e+02 -1.186898e+02  1.510000e+00
     vertex  1.361040e+02 -1.187035e+02  1.510000e+00
   endloop
 endfacet
 facet normal  1.305262e-01  9.914449e-01  0.000000e+00
   outer loop
     vertex  1.361040e+02 -1.187035e+02  0.000000e+00
     vertex  1.360005e+02 -1.186898e+02  0.000000e+00
     vertex  1.360005e+02 -1.186898e+02  1.510000e+00
   endloop
 endfacet
 facet normal -1.305262e-01  9.914449e-01  0.000000e+00
   outer loop
     vertex  1.342075e+02 -1.152898e+02  0.000000e+00
     vertex  1.341040e+02 -1.153035e+02  0.000000e+00
     vertex  1.341040e+02 -1.153035e+02  1.510000e+00
   endloop
 endfacet
 facet normal -1.305262e-01  9.914449e-01  0.000000e+00
   outer loop
     vertex  1.342075e+02 -1.152898e+02  0.000000e+00
     vertex  1.341040e+02 -1.153035e+02  1.510000e+00
     vertex  1.342075e+02 -1.152898e+02  1.510000e+00
   endloop
 endfacet
 facet normal -3.826834e-01  9.238795e-01  0.000000e+00
   outer loop
     vertex  1.343040e+02 -1.152499e+02  0.000000e+00
     vertex  1.342075e+02 -1.152898e+02  1.510000e+00
     vertex  1.343040e+02 -1.152499e+02  1.510000e+00
   endloop
 endfacet
 facet normal -3.826834e-01  9.238795e-01  0.000000e+00
   outer loop
     vertex  1.343040e+02 -1.152499e+02  0.000000e+00
     vertex  1.342075e+02 -1.152898e+02  0.000000e+00
     vertex  1.342075e+02 -1.152898e+02  1.510000e+00
   endloop
 endfacet
 facet normal -6.087614e-01  7.933533e-01  0.000000e+00
   outer loop
     vertex  1.343868e+02 -1.151863e+02  0.000000e+00
     vertex  1.343040e+02 -1.152499e+02  1.510000e+00
     vertex  1.343868e+02 -1.151863e+02  1.510000e+00
   endloop
 endfacet
 facet normal -6.087614e-01  7.933533e-01  0.000000e+00
   outer loop
     vertex  1.343868e+02 -1.151863e+02  0.000000e+00
     vertex  1.343040e+02 -1.152499e+02  0.000000e+00
     vertex  1.343040e+02 -1.152499e+02  1.510000e+00
   endloop
 endfacet
 facet normal -7.933533e-01  6.087614e-01  0.000000e+00
   outer loop
     vertex  1.344504e+02 -1.151035e+02  0.000000e+00
     vertex  1.343868e+02 -1.151863e+02  1.510000e+00
     vertex  1.344504e+02 -1.151035e+02  1.510000e+00
   endloop
 endfacet
 facet normal -7.933533e-01  6.087614e-01  0.000000e+00
   outer loop
     vertex  1.344504e+02 -1.151035e+02  0.000000e+00
     vertex  1.343868e+02 -1.151863e+02  0.000000e+00
     vertex  1.343868e+02 -1.151863e+02  1.510000e+00
   endloop
 endfacet
 facet normal -9.238795e-01  3.826834e-01  0.000000e+00
   outer loop
     vertex  1.344904e+02 -1.150070e+02  0.000000e+00
     vertex  1.344504e+02 -1.151035e+02  1.510000e+00
     vertex  1.344904e+02 -1.150070e+02  1.510000e+00
   endloop
 endfacet
 facet normal -9.238795e-01  3.826834e-01  0.000000e+00
   outer loop
     vertex  1.344904e+02 -1.150070e+02  0.000000e+00
     vertex  1.344504e+02 -1.151035e+02  0.000000e+00
     vertex  1.344504e+02 -1.151035e+02  1.510000e+00
   endloop
 endfacet
 facet normal -9.914449e-01  1.305262e-01  0.000000e+00
   outer loop
     vertex  1.345040e+02 -1.149035e+02  0.000000e+00
     vertex  1.344904e+02 -1.150070e+02  1.510000e+00
     vertex  1.345040e+02 -1.149035e+02  1.510000e+00
   endloop
 endfacet
 facet normal -9.914449e-01  1.305262e-01  0.000000e+00
   outer loop
     vertex  1.345040e+02 -1.149035e+02  0.000000e+00
     vertex  1.344904e+02 -1.150070e+02  0.000000e+00
     vertex  1.344904e+02 -1.150070e+02  1.510000e+00
   endloop
 endfacet
 facet normal -9.914449e-01 -1.305262e-01  0.000000e+00
   outer loop
     vertex  1.344904e+02 -1.147999e+02  0.000000e+00
     vertex  1.345040e+02 -1.149035e+02  1.510000e+00
     vertex  1.344904e+02 -1.147999e+02  1.510000e+00
   endloop
 endfacet
 facet normal -9.914449e-01 -1.305262e-01  0.000000e+00
   outer loop
     vertex  1.344904e+02 -1.147999e+02  0.000000e+00
     vertex  1.345040e+02 -1.149035e+02  0.000000e+00
     vertex  1.345040e+02 -1.149035e+02  1.510000e+00
   endloop
 endfacet
 facet normal -9.238795e-01 -3.826834e-01  0.000000e+00
   outer loop
     vertex  1.344504e+02 -1.147035e+02  0.000000e+00
     vertex  1.344904e+02 -1.147999e+02  1.510000e+00
     vertex  1.344504e+02 -1.147035e+02  1.510000e+00
   endloop
 endfacet
 facet normal -9.238795e-01 -3.826834e-01  0.000000e+00
   outer loop
     vertex  1.344504e+02 -1.147035e+02  0.000000e+00
     vertex  1.344904e+02 -1.147999e+02  0.000000e+00
     vertex  1.344904e+02 -1.147999e+02  1.510000e+00
   endloop
 endfacet
 facet normal -7.933533e-01 -6.087614e-01  0.000000e+00
   outer loop
     vertex  1.343868e+02 -1.146206e+02  0.000000e+00
     vertex  1.344504e+02 -1.147035e+02  1.510000e+00
     vertex  1.343868e+02 -1.146206e+02  1.510000e+00
   endloop
 endfacet
 facet normal -7.933533e-01 -6.087614e-01  0.000000e+00
   outer loop
     vertex  1.343868e+02 -1.146206e+02  0.000000e+00
     vertex  1.344504e+02 -1.147035e+02  0.000000e+00
     vertex  1.344504e+02 -1.147035e+02  1.510000e+00
   endloop
 endfacet
 facet normal -6.087614e-01 -7.933533e-01  0.000000e+00
   outer loop
     vertex  1.343040e+02 -1.145571e+02  0.000000e+00
     vertex  1.343868e+02 -1.146206e+02  1.510000e+00
     vertex  1.343040e+02 -1.145571e+02  1.510000e+00
   endloop
 endfacet
 facet normal -6.087614e-01 -7.933533e-01  0.000000e+00
   outer loop
     vertex  1.343040e+02 -1.145571e+02  0.000000e+00
     vertex  1.343868e+02 -1.146206e+02  0.000000e+00
     vertex  1.343868e+02 -1.146206e+02  1.510000e+00
   endloop
 endfacet
 facet normal -3.826834e-01 -9.238795e-01  0.000000e+00
   outer loop
     vertex  1.342075e+02 -1.145171e+02  0.000000e+00
     vertex  1.343040e+02 -1.145571e+02  1.510000e+00
     vertex  1.342075e+02 -1.145171e+02  1.510000e+00
   endloop
 endfacet
 facet normal -3.826834e-01 -9.238795e-01  0.000000e+00
   outer loop
     vertex  1.342075e+02 -1.145171e+02  0.000000e+00
     vertex  1.343040e+02 -1.145571e+02  0.000000e+00
     vertex  1.343040e+02 -1.145571e+02  1.510000e+00
   endloop
 endfacet
 facet normal -1.305262e-01 -9.914449e-01  0.000000e+00
   outer loop
     vertex  1.341040e+02 -1.145035e+02  0.000000e+00
     vertex  1.342075e+02 -1.145171e+02  1.510000e+00
     vertex  1.341040e+02 -1.145035e+02  1.510000e+00
   endloop
 endfacet
 facet normal -1.305262e-01 -9.914449e-01  0.000000e+00
   outer loop
     vertex  1.341040e+02 -1.145035e+02  0.000000e+00
     vertex  1.342075e+02 -1.145171e+02  0.000000e+00
     vertex  1.342075e+02 -1.145171e+02  1.510000e+00
   endloop
 endfacet
 facet normal  1.305262e-01 -9.914449e-01  0.000000e+00
   outer loop
     vertex  1.340005e+02 -1.145171e+02  0.000000e+00
     vertex  1.341040e+02 -1.145035e+02  1.510000e+00
     vertex  1.340005e+02 -1.145171e+02  1.510000e+00
   endloop
 endfacet
 facet normal  1.305262e-01 -9.914449e-01  0.000000e+00
   outer loop
     vertex  1.340005e+02 -1.145171e+02  0.000000e+00
     vertex  1.341040e+02 -1.145035e+02  0.000000e+00
     vertex  1.341040e+02 -1.145035e+02  1.510000e+00
   endloop
 endfacet
 facet normal  3.826834e-01 -9.238795e-01  0.000000e+00
   outer loop
     vertex  1.339040e+02 -1.145571e+02  0.000000e+00
     vertex  1.340005e+02 -1.145171e+02  0.000000e+00
     vertex  1.340005e+02 -1.145171e+02  1.510000e+00
   endloop
 endfacet
 facet normal  3.826834e-01 -9.238795e-01  0.000000e+00
   outer loop
     vertex  1.339040e+02 -1.145571e+02  0.000000e+00
     vertex  1.340005e+02 -1.145171e+02  1.510000e+00
     vertex  1.339040e+02 -1.145571e+02  1.510000e+00
   endloop
 endfacet
 facet normal  6.087614e-01 -7.933533e-01  0.000000e+00
   outer loop
     vertex  1.338212e+02 -1.146206e+02  0.000000e+00
     vertex  1.339040e+02 -1.145571e+02  0.000000e+00
     vertex  1.339040e+02 -1.145571e+02  1.510000e+00
   endloop
 endfacet
 facet normal  7.933533e-01 -6.087614e-01  0.000000e+00
   outer loop
     vertex  1.338212e+02 -1.146206e+02  0.000000e+00
     vertex  1.338212e+02 -1.146206e+02  1.510000e+00
     vertex  1.337576e+02 -1.147035e+02  1.510000e+00
   endloop
 endfacet
 facet normal  6.087614e-01 -7.933533e-01  0.000000e+00
   outer loop
     vertex  1.338212e+02 -1.146206e+02  0.000000e+00
     vertex  1.339040e+02 -1.145571e+02  1.510000e+00
     vertex  1.338212e+02 -1.146206e+02  1.510000e+00
   endloop
 endfacet
 facet normal  7.933533e-01 -6.087614e-01  0.000000e+00
   outer loop
     vertex  1.337576e+02 -1.147035e+02  0.000000e+00
     vertex  1.338212e+02 -1.146206e+02  0.000000e+00
     vertex  1.337576e+02 -1.147035e+02  1.510000e+00
   endloop
 endfacet
 facet normal  9.238795e-01 -3.826834e-01  0.000000e+00
   outer loop
     vertex  1.337576e+02 -1.147035e+02  0.000000e+00
     vertex  1.337576e+02 -1.147035e+02  1.510000e+00
     vertex  1.337176e+02 -1.147999e+02  1.510000e+00
   endloop
 endfacet
 facet normal  9.238795e-01 -3.826834e-01  0.000000e+00
   outer loop
     vertex  1.337176e+02 -1.147999e+02  0.000000e+00
     vertex  1.337576e+02 -1.147035e+02  0.000000e+00
     vertex  1.337176e+02 -1.147999e+02  1.510000e+00
   endloop
 endfacet
 facet normal  9.914449e-01 -1.305262e-01  0.000000e+00
   outer loop
     vertex  1.337040e+02 -1.149035e+02  0.000000e+00
     vertex  1.337176e+02 -1.147999e+02  0.000000e+00
     vertex  1.337176e+02 -1.147999e+02  1.510000e+00
   endloop
 endfacet
 facet normal  9.914449e-01 -1.305262e-01  0.000000e+00
   outer loop
     vertex  1.337040e+02 -1.149035e+02  0.000000e+00
     vertex  1.337176e+02 -1.147999e+02  1.510000e+00
     vertex  1.337040e+02 -1.149035e+02  1.510000e+00
   endloop
 endfacet
 facet normal  9.914449e-01  1.305262e-01 -0.000000e+00
   outer loop
     vertex  1.337176e+02 -1.150070e+02  0.000000e+00
     vertex  1.337040e+02 -1.149035e+02  1.510000e+00
     vertex  1.337176e+02 -1.150070e+02  1.510000e+00
   endloop
 endfacet
 facet normal  9.914449e-01  1.305262e-01  0.000000e+00
   outer loop
     vertex  1.337176e+02 -1.150070e+02  0.000000e+00
     vertex  1.337040e+02 -1.149035e+02  0.000000e+00
     vertex  1.337040e+02 -1.149035e+02  1.510000e+00
   endloop
 endfacet
 facet normal  9.238795e-01  3.826834e-01 -0.000000e+00
   outer loop
     vertex  1.337576e+02 -1.151035e+02  0.000000e+00
     vertex  1.337176e+02 -1.150070e+02  1.510000e+00
     vertex  1.337576e+02 -1.151035e+02  1.510000e+00
   endloop
 endfacet
 facet normal  9.238795e-01  3.826834e-01  0.000000e+00
   outer loop
     vertex  1.337576e+02 -1.151035e+02  0.000000e+00
     vertex  1.337176e+02 -1.150070e+02  0.000000e+00
     vertex  1.337176e+02 -1.150070e+02  1.510000e+00
   endloop
 endfacet
 facet normal  6.087614e-01  7.933533e-01 -0.000000e+00
   outer loop
     vertex  1.338212e+02 -1.151863e+02  0.000000e+00
     vertex  1.338212e+02 -1.151863e+02  1.510000e+00
     vertex  1.339040e+02 -1.152499e+02  1.510000e+00
   endloop
 endfacet
 facet normal  7.933533e-01  6.087614e-01 -0.000000e+00
   outer loop
     vertex  1.338212e+02 -1.151863e+02  0.000000e+00
     vertex  1.337576e+02 -1.151035e+02  1.510000e+00
     vertex  1.338212e+02 -1.151863e+02  1.510000e+00
   endloop
 endfacet
 facet normal  7.933533e-01  6.087614e-01  0.000000e+00
   outer loop
     vertex  1.338212e+02 -1.151863e+02  0.000000e+00
     vertex  1.337576e+02 -1.151035e+02  0.000000e+00
     vertex  1.337576e+02 -1.151035e+02  1.510000e+00
   endloop
 endfacet
 facet normal  6.087614e-01  7.933533e-01 -0.000000e+00
   outer loop
     vertex  1.339040e+02 -1.152499e+02  0.000000e+00
     vertex  1.338212e+02 -1.151863e+02  0.000000e+00
     vertex  1.339040e+02 -1.152499e+02  1.510000e+00
   endloop
 endfacet
 facet normal  3.826834e-01  9.238795e-01 -0.000000e+00
   outer loop
     vertex  1.340005e+02 -1.152898e+02  0.000000e+00
     vertex  1.339040e+02 -1.152499e+02  1.510000e+00
     vertex  1.340005e+02 -1.152898e+02  1.510000e+00
   endloop
 endfacet
 facet normal  3.826834e-01  9.238795e-01  0.000000e+00
   outer loop
     vertex  1.340005e+02 -1.152898e+02  0.000000e+00
     vertex  1.339040e+02 -1.152499e+02  0.000000e+00
     vertex  1.339040e+02 -1.152499e+02  1.510000e+00
   endloop
 endfacet
 facet normal  1.305262e-01  9.914449e-01 -0.000000e+00
   outer loop
     vertex  1.341040e+02 -1.153035e+02  0.000000e+00
     vertex  1.340005e+02 -1.152898e+02  1.510000e+00
     vertex  1.341040e+02 -1.153035e+02  1.510000e+00
   endloop
 endfacet
 facet normal  1.305262e-01  9.914449e-01  0.000000e+00
   outer loop
     vertex  1.341040e+02 -1.153035e+02  0.000000e+00
     vertex  1.340005e+02 -1.152898e+02  0.000000e+00
     vertex  1.340005e+02 -1.152898e+02  1.510000e+00
   endloop
 endfacet
 facet normal -1.305262e-01  9.914449e-01  0.000000e+00
   outer loop
     vertex  1.362075e+02 -1.152898e+02  0.000000e+00
     vertex  1.361040e+02 -1.153035e+02  0.000000e+00
     vertex  1.361040e+02 -1.153035e+02  1.510000e+00
   endloop
 endfacet
 facet normal -1.305262e-01  9.914449e-01  0.000000e+00
   outer loop
     vertex  1.362075e+02 -1.152898e+02  0.000000e+00
     vertex  1.361040e+02 -1.153035e+02  1.510000e+00
     vertex  1.362075e+02 -1.152898e+02  1.510000e+00
   endloop
 endfacet
 facet normal -3.826834e-01  9.238795e-01  0.000000e+00
   outer loop
     vertex  1.363040e+02 -1.152499e+02  0.000000e+00
     vertex  1.362075e+02 -1.152898e+02  1.510000e+00
     vertex  1.363040e+02 -1.152499e+02  1.510000e+00
   endloop
 endfacet
 facet normal -3.826834e-01  9.238795e-01  0.000000e+00
   outer loop
     vertex  1.363040e+02 -1.152499e+02  0.000000e+00
     vertex  1.362075e+02 -1.152898e+02  0.000000e+00
     vertex  1.362075e+02 -1.152898e+02  1.510000e+00
   endloop
 endfacet
 facet normal -6.087614e-01  7.933533e-01  0.000000e+00
   outer loop
     vertex  1.363868e+02 -1.151863e+02  0.000000e+00
     vertex  1.363040e+02 -1.152499e+02  1.510000e+00
     vertex  1.363868e+02 -1.151863e+02  1.510000e+00
   endloop
 endfacet
 facet normal -6.087614e-01  7.933533e-01  0.000000e+00
   outer loop
     vertex  1.363868e+02 -1.151863e+02  0.000000e+00
     vertex  1.363040e+02 -1.152499e+02  0.000000e+00
     vertex  1.363040e+02 -1.152499e+02  1.510000e+00
   endloop
 endfacet
 facet normal -7.933533e-01  6.087614e-01  0.000000e+00
   outer loop
     vertex  1.364504e+02 -1.151035e+02  0.000000e+00
     vertex  1.363868e+02 -1.151863e+02  1.510000e+00
     vertex  1.364504e+02 -1.151035e+02  1.510000e+00
   endloop
 endfacet
 facet normal -7.933533e-01  6.087614e-01  0.000000e+00
   outer loop
     vertex  1.364504e+02 -1.151035e+02  0.000000e+00
     vertex  1.363868e+02 -1.151863e+02  0.000000e+00
     vertex  1.363868e+02 -1.151863e+02  1.510000e+00
   endloop
 endfacet
 facet normal -9.238795e-01  3.826834e-01  0.000000e+00
   outer loop
     vertex  1.364904e+02 -1.150070e+02  0.000000e+00
     vertex  1.364504e+02 -1.151035e+02  1.510000e+00
     vertex  1.364904e+02 -1.150070e+02  1.510000e+00
   endloop
 endfacet
 facet normal -9.238795e-01  3.826834e-01  0.000000e+00
   outer loop
     vertex  1.364904e+02 -1.150070e+02  0.000000e+00
     vertex  1.364504e+02 -1.151035e+02  0.000000e+00
     vertex  1.364504e+02 -1.151035e+02  1.510000e+00
   endloop
 endfacet
 facet normal -9.914449e-01  1.305262e-01  0.000000e+00
   outer loop
     vertex  1.365040e+02 -1.149035e+02  0.000000e+00
     vertex  1.364904e+02 -1.150070e+02  1.510000e+00
     vertex  1.365040e+02 -1.149035e+02  1.510000e+00
   endloop
 endfacet
 facet normal -9.914449e-01  1.305262e-01  0.000000e+00
   outer loop
     vertex  1.365040e+02 -1.149035e+02  0.000000e+00
     vertex  1.364904e+02 -1.150070e+02  0.000000e+00
     vertex  1.364904e+02 -1.150070e+02  1.510000e+00
   endloop
 endfacet
 facet normal -9.914449e-01 -1.305262e-01  0.000000e+00
   outer loop
     vertex  1.364904e+02 -1.147999e+02  0.000000e+00
     vertex  1.365040e+02 -1.149035e+02  1.510000e+00
     vertex  1.364904e+02 -1.147999e+02  1.510000e+00
   endloop
 endfacet
 facet normal -9.914449e-01 -1.305262e-01  0.000000e+00
   outer loop
     vertex  1.364904e+02 -1.147999e+02  0.000000e+00
     vertex  1.365040e+02 -1.149035e+02  0.000000e+00
     vertex  1.365040e+02 -1.149035e+02  1.510000e+00
   endloop
 endfacet
 facet normal -9.238795e-01 -3.826834e-01  0.000000e+00
   outer loop
     vertex  1.364504e+02 -1.147035e+02  0.000000e+00
     vertex  1.364904e+02 -1.147999e+02  1.510000e+00
     vertex  1.364504e+02 -1.147035e+02  1.510000e+00
   endloop
 endfacet
 facet normal -9.238795e-01 -3.826834e-01  0.000000e+00
   outer loop
     vertex  1.364504e+02 -1.147035e+02  0.000000e+00
     vertex  1.364904e+02 -1.147999e+02  0.000000e+00
     vertex  1.364904e+02 -1.147999e+02  1.510000e+00
   endloop
 endfacet
 facet normal -7.933533e-01 -6.087614e-01  0.000000e+00
   outer loop
     vertex  1.363868e+02 -1.146206e+02  0.000000e+00
     vertex  1.364504e+02 -1.147035e+02  1.510000e+00
     vertex  1.363868e+02 -1.146206e+02  1.510000e+00
   endloop
 endfacet
 facet normal -7.933533e-01 -6.087614e-01  0.000000e+00
   outer loop
     vertex  1.363868e+02 -1.146206e+02  0.000000e+00
     vertex  1.364504e+02 -1.147035e+02  0.000000e+00
     vertex  1.364504e+02 -1.147035e+02  1.510000e+00
   endloop
 endfacet
 facet normal -6.087614e-01 -7.933533e-01  0.000000e+00
   outer loop
     vertex  1.363040e+02 -1.145571e+02  0.000000e+00
     vertex  1.363868e+02 -1.146206e+02  1.510000e+00
     vertex  1.363040e+02 -1.145571e+02  1.510000e+00
   endloop
 endfacet
 facet normal -6.087614e-01 -7.933533e-01  0.000000e+00
   outer loop
     vertex  1.363040e+02 -1.145571e+02  0.000000e+00
     vertex  1.363868e+02 -1.146206e+02  0.000000e+00
     vertex  1.363868e+02 -1.146206e+02  1.510000e+00
   endloop
 endfacet
 facet normal -3.826834e-01 -9.238795e-01  0.000000e+00
   outer loop
     vertex  1.362075e+02 -1.145171e+02  0.000000e+00
     vertex  1.363040e+02 -1.145571e+02  1.510000e+00
     vertex  1.362075e+02 -1.145171e+02  1.510000e+00
   endloop
 endfacet
 facet normal -3.826834e-01 -9.238795e-01  0.000000e+00
   outer loop
     vertex  1.362075e+02 -1.145171e+02  0.000000e+00
     vertex  1.363040e+02 -1.145571e+02  0.000000e+00
     vertex  1.363040e+02 -1.145571e+02  1.510000e+00
   endloop
 endfacet
 facet normal -1.305262e-01 -9.914449e-01  0.000000e+00
   outer loop
     vertex  1.361040e+02 -1.145035e+02  0.000000e+00
     vertex  1.362075e+02 -1.145171e+02  1.510000e+00
     vertex  1.361040e+02 -1.145035e+02  1.510000e+00
   endloop
 endfacet
 facet normal -1.305262e-01 -9.914449e-01  0.000000e+00
   outer loop
     vertex  1.361040e+02 -1.145035e+02  0.000000e+00
     vertex  1.362075e+02 -1.145171e+02  0.000000e+00
     vertex  1.362075e+02 -1.145171e+02  1.510000e+00
   endloop
 endfacet
 facet normal  1.305262e-01 -9.914449e-01  0.000000e+00
   outer loop
     vertex  1.360005e+02 -1.145171e+02  0.000000e+00
     vertex  1.361040e+02 -1.145035e+02  1.510000e+00
     vertex  1.360005e+02 -1.145171e+02  1.510000e+00
   endloop
 endfacet
 facet normal  1.305262e-01 -9.914449e-01  0.000000e+00
   outer loop
     vertex  1.360005e+02 -1.145171e+02  0.000000e+00
     vertex  1.361040e+02 -1.145035e+02  0.000000e+00
     vertex  1.361040e+02 -1.145035e+02  1.510000e+00
   endloop
 endfacet
 facet normal  3.826834e-01 -9.238795e-01  0.000000e+00
   outer loop
     vertex  1.359040e+02 -1.145571e+02  0.000000e+00
     vertex  1.360005e+02 -1.145171e+02  0.000000e+00
     vertex  1.360005e+02 -1.145171e+02  1.510000e+00
   endloop
 endfacet
 facet normal  3.826834e-01 -9.238795e-01  0.000000e+00
   outer loop
     vertex  1.359040e+02 -1.145571e+02  0.000000e+00
     vertex  1.360005e+02 -1.145171e+02  1.510000e+00
     vertex  1.359040e+02 -1.145571e+02  1.510000e+00
   endloop
 endfacet
 facet normal  6.087614e-01 -7.933533e-01  0.000000e+00
   outer loop
     vertex  1.358212e+02 -1.146206e+02  0.000000e+00
     vertex  1.359040e+02 -1.145571e+02  0.000000e+00
     vertex  1.359040e+02 -1.145571e+02  1.510000e+00
   endloop
 endfacet
 facet normal  7.933533e-01 -6.087614e-01  0.000000e+00
   outer loop
     vertex  1.358212e+02 -1.146206e+02  0.000000e+00
     vertex  1.358212e+02 -1.146206e+02  1.510000e+00
     vertex  1.357576e+02 -1.147035e+02  1.510000e+00
   endloop
 endfacet
 facet normal  6.087614e-01 -7.933533e-01  0.000000e+00
   outer loop
     vertex  1.358212e+02 -1.146206e+02  0.000000e+00
     vertex  1.359040e+02 -1.145571e+02  1.510000e+00
     vertex  1.358212e+02 -1.146206e+02  1.510000e+00
   endloop
 endfacet
 facet normal  7.933533e-01 -6.087614e-01  0.000000e+00
   outer loop
     vertex  1.357576e+02 -1.147035e+02  0.000000e+00
     vertex  1.358212e+02 -1.146206e+02  0.000000e+00
     vertex  1.357576e+02 -1.147035e+02  1.510000e+00
   endloop
 endfacet
 facet normal  9.238795e-01 -3.826834e-01  0.000000e+00
   outer loop
     vertex  1.357576e+02 -1.147035e+02  0.000000e+00
     vertex  1.357576e+02 -1.147035e+02  1.510000e+00
     vertex  1.357176e+02 -1.147999e+02  1.510000e+00
   endloop
 endfacet
 facet normal  9.238795e-01 -3.826834e-01  0.000000e+00
   outer loop
     vertex  1.357176e+02 -1.147999e+02  0.000000e+00
     vertex  1.357576e+02 -1.147035e+02  0.000000e+00
     vertex  1.357176e+02 -1.147999e+02  1.510000e+00
   endloop
 endfacet
 facet normal  9.914449e-01 -1.305262e-01  0.000000e+00
   outer loop
     vertex  1.357040e+02 -1.149035e+02  0.000000e+00
     vertex  1.357176e+02 -1.147999e+02  0.000000e+00
     vertex  1.357176e+02 -1.147999e+02  1.510000e+00
   endloop
 endfacet
 facet normal  9.914449e-01 -1.305262e-01  0.000000e+00
   outer loop
     vertex  1.357040e+02 -1.149035e+02  0.000000e+00
     vertex  1.357176e+02 -1.147999e+02  1.510000e+00
     vertex  1.357040e+02 -1.149035e+02  1.510000e+00
   endloop
 endfacet
 facet normal  9.914449e-01  1.305262e-01 -0.000000e+00
   outer loop
     vertex  1.357176e+02 -1.150070e+02  0.000000e+00
     vertex  1.357040e+02 -1.149035e+02  1.510000e+00
     vertex  1.357176e+02 -1.150070e+02  1.510000e+00
   endloop
 endfacet
 facet normal  9.914449e-01  1.305262e-01  0.000000e+00
   outer loop
     vertex  1.357176e+02 -1.150070e+02  0.000000e+00
     vertex  1.357040e+02 -1.149035e+02  0.000000e+00
     vertex  1.357040e+02 -1.149035e+02  1.510000e+00
   endloop
 endfacet
 facet normal  9.238795e-01  3.826834e-01 -0.000000e+00
   outer loop
     vertex  1.357576e+02 -1.151035e+02  0.000000e+00
     vertex  1.357176e+02 -1.150070e+02  1.510000e+00
     vertex  1.357576e+02 -1.151035e+02  1.510000e+00
   endloop
 endfacet
 facet normal  9.238795e-01  3.826834e-01  0.000000e+00
   outer loop
     vertex  1.357576e+02 -1.151035e+02  0.000000e+00
     vertex  1.357176e+02 -1.150070e+02  0.000000e+00
     vertex  1.357176e+02 -1.150070e+02  1.510000e+00
   endloop
 endfacet
 facet normal  6.087614e-01  7.933533e-01 -0.000000e+00
   outer loop
     vertex  1.358212e+02 -1.151863e+02  0.000000e+00
     vertex  1.358212e+02 -1.151863e+02  1.510000e+00
     vertex  1.359040e+02 -1.152499e+02  1.510000e+00
   endloop
 endfacet
 facet normal  7.933533e-01  6.087614e-01 -0.000000e+00
   outer loop
     vertex  1.358212e+02 -1.151863e+02  0.000000e+00
     vertex  1.357576e+02 -1.151035e+02  1.510000e+00
     vertex  1.358212e+02 -1.151863e+02  1.510000e+00
   endloop
 endfacet
 facet normal  7.933533e-01  6.087614e-01  0.000000e+00
   outer loop
     vertex  1.358212e+02 -1.151863e+02  0.000000e+00
     vertex  1.357576e+02 -1.151035e+02  0.000000e+00
     vertex  1.357576e+02 -1.151035e+02  1.510000e+00
   endloop
 endfacet
 facet normal  6.087614e-01  7.933533e-01 -0.000000e+00
   outer loop
     vertex  1.359040e+02 -1.152499e+02  0.000000e+00
     vertex  1.358212e+02 -1.151863e+02  0.000000e+00
     vertex  1.359040e+02 -1.152499e+02  1.510000e+00
   endloop
 endfacet
 facet normal  3.826834e-01  9.238795e-01 -0.000000e+00
   outer loop
     vertex  1.360005e+02 -1.152898e+02  0.000000e+00
     vertex  1.359040e+02 -1.152499e+02  1.510000e+00
     vertex  1.360005e+02 -1.152898e+02  1.510000e+00
   endloop
 endfacet
 facet normal  3.826834e-01  9.238795e-01  0.000000e+00
   outer loop
     vertex  1.360005e+02 -1.152898e+02  0.000000e+00
     vertex  1.359040e+02 -1.152499e+02  0.000000e+00
     vertex  1.359040e+02 -1.152499e+02  1.510000e+00
   endloop
 endfacet
 facet normal  1.305262e-01  9.914449e-01 -0.000000e+00
   outer loop
     vertex  1.361040e+02 -1.153035e+02  0.000000e+00
     vertex  1.360005e+02 -1.152898e+02  1.510000e+00
     vertex  1.361040e+02 -1.153035e+02  1.510000e+00
   endloop
 endfacet
 facet normal  1.305262e-01  9.914449e-01  0.000000e+00
   outer loop
     vertex  1.361040e+02 -1.153035e+02  0.000000e+00
     vertex  1.360005e+02 -1.152898e+02  0.000000e+00
     vertex  1.360005e+02 -1.152898e+02  1.510000e+00
   endloop
 endfacet
 facet normal -1.305262e-01  9.914449e-01  0.000000e+00
   outer loop
     vertex  1.346075e+02 -8.548984e+01  0.000000e+00
     vertex  1.345040e+02 -8.550347e+01  0.000000e+00
     vertex  1.345040e+02 -8.550347e+01  1.510000e+00
   endloop
 endfacet
 facet normal -1.305262e-01  9.914449e-01  0.000000e+00
   outer loop
     vertex  1.346075e+02 -8.548984e+01  0.000000e+00
     vertex  1.345040e+02 -8.550347e+01  1.510000e+00
     vertex  1.346075e+02 -8.548984e+01  1.510000e+00
   endloop
 endfacet
 facet normal -3.826834e-01  9.238795e-01  0.000000e+00
   outer loop
     vertex  1.347040e+02 -8.544988e+01  0.000000e+00
     vertex  1.346075e+02 -8.548984e+01  1.510000e+00
     vertex  1.347040e+02 -8.544988e+01  1.510000e+00
   endloop
 endfacet
 facet normal -3.826834e-01  9.238795e-01  0.000000e+00
   outer loop
     vertex  1.347040e+02 -8.544988e+01  0.000000e+00
     vertex  1.346075e+02 -8.548984e+01  0.000000e+00
     vertex  1.346075e+02 -8.548984e+01  1.510000e+00
   endloop
 endfacet
 facet normal -6.087614e-01  7.933533e-01  0.000000e+00
   outer loop
     vertex  1.347868e+02 -8.538631e+01  0.000000e+00
     vertex  1.347040e+02 -8.544988e+01  1.510000e+00
     vertex  1.347868e+02 -8.538631e+01  1.510000e+00
   endloop
 endfacet
 facet normal -6.087614e-01  7.933533e-01  0.000000e+00
   outer loop
     vertex  1.347868e+02 -8.538631e+01  0.000000e+00
     vertex  1.347040e+02 -8.544988e+01  0.000000e+00
     vertex  1.347040e+02 -8.544988e+01  1.510000e+00
   endloop
 endfacet
 facet normal -7.933533e-01  6.087614e-01  0.000000e+00
   outer loop
     vertex  1.348504e+02 -8.530347e+01  0.000000e+00
     vertex  1.347868e+02 -8.538631e+01  1.510000e+00
     vertex  1.348504e+02 -8.530347e+01  1.510000e+00
   endloop
 endfacet
 facet normal -7.933533e-01  6.087614e-01  0.000000e+00
   outer loop
     vertex  1.348504e+02 -8.530347e+01  0.000000e+00
     vertex  1.347868e+02 -8.538631e+01  0.000000e+00
     vertex  1.347868e+02 -8.538631e+01  1.510000e+00
   endloop
 endfacet
 facet normal -9.238795e-01  3.826834e-01  0.000000e+00
   outer loop
     vertex  1.348904e+02 -8.520700e+01  0.000000e+00
     vertex  1.348504e+02 -8.530347e+01  1.510000e+00
     vertex  1.348904e+02 -8.520700e+01  1.510000e+00
   endloop
 endfacet
 facet normal -9.238795e-01  3.826834e-01  0.000000e+00
   outer loop
     vertex  1.348904e+02 -8.520700e+01  0.000000e+00
     vertex  1.348504e+02 -8.530347e+01  0.000000e+00
     vertex  1.348504e+02 -8.530347e+01  1.510000e+00
   endloop
 endfacet
 facet normal -9.914449e-01  1.305262e-01  0.000000e+00
   outer loop
     vertex  1.349040e+02 -8.510347e+01  0.000000e+00
     vertex  1.348904e+02 -8.520700e+01  1.510000e+00
     vertex  1.349040e+02 -8.510347e+01  1.510000e+00
   endloop
 endfacet
 facet normal -9.914449e-01  1.305262e-01  0.000000e+00
   outer loop
     vertex  1.349040e+02 -8.510347e+01  0.000000e+00
     vertex  1.348904e+02 -8.520700e+01  0.000000e+00
     vertex  1.348904e+02 -8.520700e+01  1.510000e+00
   endloop
 endfacet
 facet normal -9.914449e-01 -1.305262e-01  0.000000e+00
   outer loop
     vertex  1.348904e+02 -8.499994e+01  0.000000e+00
     vertex  1.349040e+02 -8.510347e+01  1.510000e+00
     vertex  1.348904e+02 -8.499994e+01  1.510000e+00
   endloop
 endfacet
 facet normal -9.914449e-01 -1.305262e-01  0.000000e+00
   outer loop
     vertex  1.348904e+02 -8.499994e+01  0.000000e+00
     vertex  1.349040e+02 -8.510347e+01  0.000000e+00
     vertex  1.349040e+02 -8.510347e+01  1.510000e+00
   endloop
 endfacet
 facet normal -9.238795e-01 -3.826834e-01  0.000000e+00
   outer loop
     vertex  1.348504e+02 -8.490347e+01  0.000000e+00
     vertex  1.348904e+02 -8.499994e+01  1.510000e+00
     vertex  1.348504e+02 -8.490347e+01  1.510000e+00
   endloop
 endfacet
 facet normal -9.238795e-01 -3.826834e-01  0.000000e+00
   outer loop
     vertex  1.348504e+02 -8.490347e+01  0.000000e+00
     vertex  1.348904e+02 -8.499994e+01  0.000000e+00
     vertex  1.348904e+02 -8.499994e+01  1.510000e+00
   endloop
 endfacet
 facet normal -7.933533e-01 -6.087614e-01  0.000000e+00
   outer loop
     vertex  1.347868e+02 -8.482063e+01  0.000000e+00
     vertex  1.348504e+02 -8.490347e+01  1.510000e+00
     vertex  1.347868e+02 -8.482063e+01  1.510000e+00
   endloop
 endfacet
 facet normal -7.933533e-01 -6.087614e-01  0.000000e+00
   outer loop
     vertex  1.347868e+02 -8.482063e+01  0.000000e+00
     vertex  1.348504e+02 -8.490347e+01  0.000000e+00
     vertex  1.348504e+02 -8.490347e+01  1.510000e+00
   endloop
 endfacet
 facet normal -6.087614e-01 -7.933533e-01  0.000000e+00
   outer loop
     vertex  1.347040e+02 -8.475706e+01  0.000000e+00
     vertex  1.347868e+02 -8.482063e+01  1.510000e+00
     vertex  1.347040e+02 -8.475706e+01  1.510000e+00
   endloop
 endfacet
 facet normal -6.087614e-01 -7.933533e-01  0.000000e+00
   outer loop
     vertex  1.347040e+02 -8.475706e+01  0.000000e+00
     vertex  1.347868e+02 -8.482063e+01  0.000000e+00
     vertex  1.347868e+02 -8.482063e+01  1.510000e+00
   endloop
 endfacet
 facet normal -3.826834e-01 -9.238795e-01  0.000000e+00
   outer loop
     vertex  1.346075e+02 -8.471710e+01  0.000000e+00
     vertex  1.347040e+02 -8.475706e+01  1.510000e+00
     vertex  1.346075e+02 -8.471710e+01  1.510000e+00
   endloop
 endfacet
 facet normal -3.826834e-01 -9.238795e-01  0.000000e+00
   outer loop
     vertex  1.346075e+02 -8.471710e+01  0.000000e+00
     vertex  1.347040e+02 -8.475706e+01  0.000000e+00
     vertex  1.347040e+02 -8.475706e+01  1.510000e+00
   endloop
 endfacet
 facet normal -1.305262e-01 -9.914449e-01  0.000000e+00
   outer loop
     vertex  1.345040e+02 -8.470347e+01  0.000000e+00
     vertex  1.346075e+02 -8.471710e+01  1.510000e+00
     vertex  1.345040e+02 -8.470347e+01  1.510000e+00
   endloop
 endfacet
 facet normal -1.305262e-01 -9.914449e-01  0.000000e+00
   outer loop
     vertex  1.345040e+02 -8.470347e+01  0.000000e+00
     vertex  1.346075e+02 -8.471710e+01  0.000000e+00
     vertex  1.346075e+02 -8.471710e+01  1.510000e+00
   endloop
 endfacet
 facet normal  1.305262e-01 -9.914449e-01  0.000000e+00
   outer loop
     vertex  1.344005e+02 -8.471710e+01  0.000000e+00
     vertex  1.345040e+02 -8.470347e+01  1.510000e+00
     vertex  1.344005e+02 -8.471710e+01  1.510000e+00
   endloop
 endfacet
 facet normal  1.305262e-01 -9.914449e-01  0.000000e+00
   outer loop
     vertex  1.344005e+02 -8.471710e+01  0.000000e+00
     vertex  1.345040e+02 -8.470347e+01  0.000000e+00
     vertex  1.345040e+02 -8.470347e+01  1.510000e+00
   endloop
 endfacet
 facet normal  3.826834e-01 -9.238795e-01  0.000000e+00
   outer loop
     vertex  1.343040e+02 -8.475706e+01  0.000000e+00
     vertex  1.344005e+02 -8.471710e+01  0.000000e+00
     vertex  1.344005e+02 -8.471710e+01  1.510000e+00
   endloop
 endfacet
 facet normal  3.826834e-01 -9.238795e-01  0.000000e+00
   outer loop
     vertex  1.343040e+02 -8.475706e+01  0.000000e+00
     vertex  1.344005e+02 -8.471710e+01  1.510000e+00
     vertex  1.343040e+02 -8.475706e+01  1.510000e+00
   endloop
 endfacet
 facet normal  6.087614e-01 -7.933533e-01  0.000000e+00
   outer loop
     vertex  1.342212e+02 -8.482063e+01  0.000000e+00
     vertex  1.343040e+02 -8.475706e+01  0.000000e+00
     vertex  1.343040e+02 -8.475706e+01  1.510000e+00
   endloop
 endfacet
 facet normal  7.933533e-01 -6.087614e-01  0.000000e+00
   outer loop
     vertex  1.342212e+02 -8.482063e+01  0.000000e+00
     vertex  1.342212e+02 -8.482063e+01  1.510000e+00
     vertex  1.341576e+02 -8.490347e+01  1.510000e+00
   endloop
 endfacet
 facet normal  6.087614e-01 -7.933533e-01  0.000000e+00
   outer loop
     vertex  1.342212e+02 -8.482063e+01  0.000000e+00
     vertex  1.343040e+02 -8.475706e+01  1.510000e+00
     vertex  1.342212e+02 -8.482063e+01  1.510000e+00
   endloop
 endfacet
 facet normal  7.933533e-01 -6.087614e-01  0.000000e+00
   outer loop
     vertex  1.341576e+02 -8.490347e+01  0.000000e+00
     vertex  1.342212e+02 -8.482063e+01  0.000000e+00
     vertex  1.341576e+02 -8.490347e+01  1.510000e+00
   endloop
 endfacet
 facet normal  9.238795e-01 -3.826834e-01  0.000000e+00
   outer loop
     vertex  1.341576e+02 -8.490347e+01  0.000000e+00
     vertex  1.341576e+02 -8.490347e+01  1.510000e+00
     vertex  1.341176e+02 -8.499994e+01  1.510000e+00
   endloop
 endfacet
 facet normal  9.238795e-01 -3.826834e-01  0.000000e+00
   outer loop
     vertex  1.341176e+02 -8.499994e+01  0.000000e+00
     vertex  1.341576e+02 -8.490347e+01  0.000000e+00
     vertex  1.341176e+02 -8.499994e+01  1.510000e+00
   endloop
 endfacet
 facet normal  9.914449e-01 -1.305262e-01  0.000000e+00
   outer loop
     vertex  1.341040e+02 -8.510347e+01  0.000000e+00
     vertex  1.341176e+02 -8.499994e+01  0.000000e+00
     vertex  1.341176e+02 -8.499994e+01  1.510000e+00
   endloop
 endfacet
 facet normal  9.914449e-01 -1.305262e-01  0.000000e+00
   outer loop
     vertex  1.341040e+02 -8.510347e+01  0.000000e+00
     vertex  1.341176e+02 -8.499994e+01  1.510000e+00
     vertex  1.341040e+02 -8.510347e+01  1.510000e+00
   endloop
 endfacet
 facet normal  9.914449e-01  1.305262e-01 -0.000000e+00
   outer loop
     vertex  1.341176e+02 -8.520700e+01  0.000000e+00
     vertex  1.341040e+02 -8.510347e+01  1.510000e+00
     vertex  1.341176e+02 -8.520700e+01  1.510000e+00
   endloop
 endfacet
 facet normal  9.914449e-01  1.305262e-01  0.000000e+00
   outer loop
     vertex  1.341176e+02 -8.520700e+01  0.000000e+00
     vertex  1.341040e+02 -8.510347e+01  0.000000e+00
     vertex  1.341040e+02 -8.510347e+01  1.510000e+00
   endloop
 endfacet
 facet normal  9.238795e-01  3.826834e-01 -0.000000e+00
   outer loop
     vertex  1.341576e+02 -8.530347e+01  0.000000e+00
     vertex  1.341176e+02 -8.520700e+01  1.510000e+00
     vertex  1.341576e+02 -8.530347e+01  1.510000e+00
   endloop
 endfacet
 facet normal  9.238795e-01  3.826834e-01  0.000000e+00
   outer loop
     vertex  1.341576e+02 -8.530347e+01  0.000000e+00
     vertex  1.341176e+02 -8.520700e+01  0.000000e+00
     vertex  1.341176e+02 -8.520700e+01  1.510000e+00
   endloop
 endfacet
 facet normal  6.087614e-01  7.933533e-01 -0.000000e+00
   outer loop
     vertex  1.342212e+02 -8.538631e+01  0.000000e+00
     vertex  1.342212e+02 -8.538631e+01  1.510000e+00
     vertex  1.343040e+02 -8.544988e+01  1.510000e+00
   endloop
 endfacet
 facet normal  7.933533e-01  6.087614e-01 -0.000000e+00
   outer loop
     vertex  1.342212e+02 -8.538631e+01  0.000000e+00
     vertex  1.341576e+02 -8.530347e+01  1.510000e+00
     vertex  1.342212e+02 -8.538631e+01  1.510000e+00
   endloop
 endfacet
 facet normal  7.933533e-01  6.087614e-01  0.000000e+00
   outer loop
     vertex  1.342212e+02 -8.538631e+01  0.000000e+00
     vertex  1.341576e+02 -8.530347e+01  0.000000e+00
     vertex  1.341576e+02 -8.530347e+01  1.510000e+00
   endloop
 endfacet
 facet normal  6.087614e-01  7.933533e-01 -0.000000e+00
   outer loop
     vertex  1.343040e+02 -8.544988e+01  0.000000e+00
     vertex  1.342212e+02 -8.538631e+01  0.000000e+00
     vertex  1.343040e+02 -8.544988e+01  1.510000e+00
   endloop
 endfacet
 facet normal  3.826834e-01  9.238795e-01 -0.000000e+00
   outer loop
     vertex  1.344005e+02 -8.548984e+01  0.000000e+00
     vertex  1.343040e+02 -8.544988e+01  1.510000e+00
     vertex  1.344005e+02 -8.548984e+01  1.510000e+00
   endloop
 endfacet
 facet normal  3.826834e-01  9.238795e-01  0.000000e+00
   outer loop
     vertex  1.344005e+02 -8.548984e+01  0.000000e+00
     vertex  1.343040e+02 -8.544988e+01  0.000000e+00
     vertex  1.343040e+02 -8.544988e+01  1.510000e+00
   endloop
 endfacet
 facet normal  1.305262e-01  9.914449e-01 -0.000000e+00
   outer loop
     vertex  1.345040e+02 -8.550347e+01  0.000000e+00
     vertex  1.344005e+02 -8.548984e+01  1.510000e+00
     vertex  1.345040e+02 -8.550347e+01  1.510000e+00
   endloop
 endfacet
 facet normal  1.305262e-01  9.914449e-01  0.000000e+00
   outer loop
     vertex  1.345040e+02 -8.550347e+01  0.000000e+00
     vertex  1.344005e+02 -8.548984e+01  0.000000e+00
     vertex  1.344005e+02 -8.548984e+01  1.510000e+00
   endloop
 endfacet
 facet normal -1.305262e-01  9.914449e-01  0.000000e+00
   outer loop
     vertex  1.346075e+02 -8.348984e+01  0.000000e+00
     vertex  1.345040e+02 -8.350347e+01  0.000000e+00
     vertex  1.345040e+02 -8.350347e+01  1.510000e+00
   endloop
 endfacet
 facet normal -1.305262e-01  9.914449e-01  0.000000e+00
   outer loop
     vertex  1.346075e+02 -8.348984e+01  0.000000e+00
     vertex  1.345040e+02 -8.350347e+01  1.510000e+00
     vertex  1.346075e+02 -8.348984e+01  1.510000e+00
   endloop
 endfacet
 facet normal -3.826834e-01  9.238795e-01  0.000000e+00
   outer loop
     vertex  1.347040e+02 -8.344988e+01  0.000000e+00
     vertex  1.346075e+02 -8.348984e+01  1.510000e+00
     vertex  1.347040e+02 -8.344988e+01  1.510000e+00
   endloop
 endfacet
 facet normal -3.826834e-01  9.238795e-01  0.000000e+00
   outer loop
     vertex  1.347040e+02 -8.344988e+01  0.000000e+00
     vertex  1.346075e+02 -8.348984e+01  0.000000e+00
     vertex  1.346075e+02 -8.348984e+01  1.510000e+00
   endloop
 endfacet
 facet normal -6.087614e-01  7.933533e-01  0.000000e+00
   outer loop
     vertex  1.347868e+02 -8.338631e+01  0.000000e+00
     vertex  1.347040e+02 -8.344988e+01  1.510000e+00
     vertex  1.347868e+02 -8.338631e+01  1.510000e+00
   endloop
 endfacet
 facet normal -6.087614e-01  7.933533e-01  0.000000e+00
   outer loop
     vertex  1.347868e+02 -8.338631e+01  0.000000e+00
     vertex  1.347040e+02 -8.344988e+01  0.000000e+00
     vertex  1.347040e+02 -8.344988e+01  1.510000e+00
   endloop
 endfacet
 facet normal -7.933533e-01  6.087614e-01  0.000000e+00
   outer loop
     vertex  1.348504e+02 -8.330347e+01  0.000000e+00
     vertex  1.347868e+02 -8.338631e+01  1.510000e+00
     vertex  1.348504e+02 -8.330347e+01  1.510000e+00
   endloop
 endfacet
 facet normal -7.933533e-01  6.087614e-01  0.000000e+00
   outer loop
     vertex  1.348504e+02 -8.330347e+01  0.000000e+00
     vertex  1.347868e+02 -8.338631e+01  0.000000e+00
     vertex  1.347868e+02 -8.338631e+01  1.510000e+00
   endloop
 endfacet
 facet normal -9.238795e-01  3.826834e-01  0.000000e+00
   outer loop
     vertex  1.348904e+02 -8.320700e+01  0.000000e+00
     vertex  1.348504e+02 -8.330347e+01  1.510000e+00
     vertex  1.348904e+02 -8.320700e+01  1.510000e+00
   endloop
 endfacet
 facet normal -9.238795e-01  3.826834e-01  0.000000e+00
   outer loop
     vertex  1.348904e+02 -8.320700e+01  0.000000e+00
     vertex  1.348504e+02 -8.330347e+01  0.000000e+00
     vertex  1.348504e+02 -8.330347e+01  1.510000e+00
   endloop
 endfacet
 facet normal -9.914449e-01  1.305262e-01  0.000000e+00
   outer loop
     vertex  1.349040e+02 -8.310347e+01  0.000000e+00
     vertex  1.348904e+02 -8.320700e+01  1.510000e+00
     vertex  1.349040e+02 -8.310347e+01  1.510000e+00
   endloop
 endfacet
 facet normal -9.914449e-01  1.305262e-01  0.000000e+00
   outer loop
     vertex  1.349040e+02 -8.310347e+01  0.000000e+00
     vertex  1.348904e+02 -8.320700e+01  0.000000e+00
     vertex  1.348904e+02 -8.320700e+01  1.510000e+00
   endloop
 endfacet
 facet normal -9.914449e-01 -1.305262e-01  0.000000e+00
   outer loop
     vertex  1.348904e+02 -8.299994e+01  0.000000e+00
     vertex  1.349040e+02 -8.310347e+01  1.510000e+00
     vertex  1.348904e+02 -8.299994e+01  1.510000e+00
   endloop
 endfacet
 facet normal -9.914449e-01 -1.305262e-01  0.000000e+00
   outer loop
     vertex  1.348904e+02 -8.299994e+01  0.000000e+00
     vertex  1.349040e+02 -8.310347e+01  0.000000e+00
     vertex  1.349040e+02 -8.310347e+01  1.510000e+00
   endloop
 endfacet
 facet normal -9.238795e-01 -3.826834e-01  0.000000e+00
   outer loop
     vertex  1.348504e+02 -8.290347e+01  0.000000e+00
     vertex  1.348904e+02 -8.299994e+01  1.510000e+00
     vertex  1.348504e+02 -8.290347e+01  1.510000e+00
   endloop
 endfacet
 facet normal -9.238795e-01 -3.826834e-01  0.000000e+00
   outer loop
     vertex  1.348504e+02 -8.290347e+01  0.000000e+00
     vertex  1.348904e+02 -8.299994e+01  0.000000e+00
     vertex  1.348904e+02 -8.299994e+01  1.510000e+00
   endloop
 endfacet
 facet normal -7.933533e-01 -6.087614e-01  0.000000e+00
   outer loop
     vertex  1.347868e+02 -8.282063e+01  0.000000e+00
     vertex  1.348504e+02 -8.290347e+01  1.510000e+00
     vertex  1.347868e+02 -8.282063e+01  1.510000e+00
   endloop
 endfacet
 facet normal -7.933533e-01 -6.087614e-01  0.000000e+00
   outer loop
     vertex  1.347868e+02 -8.282063e+01  0.000000e+00
     vertex  1.348504e+02 -8.290347e+01  0.000000e+00
     vertex  1.348504e+02 -8.290347e+01  1.510000e+00
   endloop
 endfacet
 facet normal -6.087614e-01 -7.933533e-01  0.000000e+00
   outer loop
     vertex  1.347040e+02 -8.275706e+01  0.000000e+00
     vertex  1.347868e+02 -8.282063e+01  1.510000e+00
     vertex  1.347040e+02 -8.275706e+01  1.510000e+00
   endloop
 endfacet
 facet normal -6.087614e-01 -7.933533e-01  0.000000e+00
   outer loop
     vertex  1.347040e+02 -8.275706e+01  0.000000e+00
     vertex  1.347868e+02 -8.282063e+01  0.000000e+00
     vertex  1.347868e+02 -8.282063e+01  1.510000e+00
   endloop
 endfacet
 facet normal -3.826834e-01 -9.238795e-01  0.000000e+00
   outer loop
     vertex  1.346075e+02 -8.271710e+01  0.000000e+00
     vertex  1.347040e+02 -8.275706e+01  1.510000e+00
     vertex  1.346075e+02 -8.271710e+01  1.510000e+00
   endloop
 endfacet
 facet normal -3.826834e-01 -9.238795e-01  0.000000e+00
   outer loop
     vertex  1.346075e+02 -8.271710e+01  0.000000e+00
     vertex  1.347040e+02 -8.275706e+01  0.000000e+00
     vertex  1.347040e+02 -8.275706e+01  1.510000e+00
   endloop
 endfacet
 facet normal -1.305262e-01 -9.914449e-01  0.000000e+00
   outer loop
     vertex  1.345040e+02 -8.270347e+01  0.000000e+00
     vertex  1.346075e+02 -8.271710e+01  1.510000e+00
     vertex  1.345040e+02 -8.270347e+01  1.510000e+00
   endloop
 endfacet
 facet normal -1.305262e-01 -9.914449e-01  0.000000e+00
   outer loop
     vertex  1.345040e+02 -8.270347e+01  0.000000e+00
     vertex  1.346075e+02 -8.271710e+01  0.000000e+00
     vertex  1.346075e+02 -8.271710e+01  1.510000e+00
   endloop
 endfacet
 facet normal  1.305262e-01 -9.914449e-01  0.000000e+00
   outer loop
     vertex  1.344005e+02 -8.271710e+01  0.000000e+00
     vertex  1.345040e+02 -8.270347e+01  1.510000e+00
     vertex  1.344005e+02 -8.271710e+01  1.510000e+00
   endloop
 endfacet
 facet normal  1.305262e-01 -9.914449e-01  0.000000e+00
   outer loop
     vertex  1.344005e+02 -8.271710e+01  0.000000e+00
     vertex  1.345040e+02 -8.270347e+01  0.000000e+00
     vertex  1.345040e+02 -8.270347e+01  1.510000e+00
   endloop
 endfacet
 facet normal  3.826834e-01 -9.238795e-01  0.000000e+00
   outer loop
     vertex  1.343040e+02 -8.275706e+01  0.000000e+00
     vertex  1.344005e+02 -8.271710e+01  0.000000e+00
     vertex  1.344005e+02 -8.271710e+01  1.510000e+00
   endloop
 endfacet
 facet normal  3.826834e-01 -9.238795e-01  0.000000e+00
   outer loop
     vertex  1.343040e+02 -8.275706e+01  0.000000e+00
     vertex  1.344005e+02 -8.271710e+01  1.510000e+00
     vertex  1.343040e+02 -8.275706e+01  1.510000e+00
   endloop
 endfacet
 facet normal  6.087614e-01 -7.933533e-01  0.000000e+00
   outer loop
     vertex  1.342212e+02 -8.282063e+01  0.000000e+00
     vertex  1.343040e+02 -8.275706e+01  0.000000e+00
     vertex  1.343040e+02 -8.275706e+01  1.510000e+00
   endloop
 endfacet
 facet normal  7.933533e-01 -6.087614e-01  0.000000e+00
   outer loop
     vertex  1.342212e+02 -8.282063e+01  0.000000e+00
     vertex  1.342212e+02 -8.282063e+01  1.510000e+00
     vertex  1.341576e+02 -8.290347e+01  1.510000e+00
   endloop
 endfacet
 facet normal  6.087614e-01 -7.933533e-01  0.000000e+00
   outer loop
     vertex  1.342212e+02 -8.282063e+01  0.000000e+00
     vertex  1.343040e+02 -8.275706e+01  1.510000e+00
     vertex  1.342212e+02 -8.282063e+01  1.510000e+00
   endloop
 endfacet
 facet normal  7.933533e-01 -6.087614e-01  0.000000e+00
   outer loop
     vertex  1.341576e+02 -8.290347e+01  0.000000e+00
     vertex  1.342212e+02 -8.282063e+01  0.000000e+00
     vertex  1.341576e+02 -8.290347e+01  1.510000e+00
   endloop
 endfacet
 facet normal  9.238795e-01 -3.826834e-01  0.000000e+00
   outer loop
     vertex  1.341576e+02 -8.290347e+01  0.000000e+00
     vertex  1.341576e+02 -8.290347e+01  1.510000e+00
     vertex  1.341176e+02 -8.299994e+01  1.510000e+00
   endloop
 endfacet
 facet normal  9.238795e-01 -3.826834e-01  0.000000e+00
   outer loop
     vertex  1.341176e+02 -8.299994e+01  0.000000e+00
     vertex  1.341576e+02 -8.290347e+01  0.000000e+00
     vertex  1.341176e+02 -8.299994e+01  1.510000e+00
   endloop
 endfacet
 facet normal  9.914449e-01 -1.305262e-01  0.000000e+00
   outer loop
     vertex  1.341040e+02 -8.310347e+01  0.000000e+00
     vertex  1.341176e+02 -8.299994e+01  0.000000e+00
     vertex  1.341176e+02 -8.299994e+01  1.510000e+00
   endloop
 endfacet
 facet normal  9.914449e-01 -1.305262e-01  0.000000e+00
   outer loop
     vertex  1.341040e+02 -8.310347e+01  0.000000e+00
     vertex  1.341176e+02 -8.299994e+01  1.510000e+00
     vertex  1.341040e+02 -8.310347e+01  1.510000e+00
   endloop
 endfacet
 facet normal  9.914449e-01  1.305262e-01 -0.000000e+00
   outer loop
     vertex  1.341176e+02 -8.320700e+01  0.000000e+00
     vertex  1.341040e+02 -8.310347e+01  1.510000e+00
     vertex  1.341176e+02 -8.320700e+01  1.510000e+00
   endloop
 endfacet
 facet normal  9.914449e-01  1.305262e-01  0.000000e+00
   outer loop
     vertex  1.341176e+02 -8.320700e+01  0.000000e+00
     vertex  1.341040e+02 -8.310347e+01  0.000000e+00
     vertex  1.341040e+02 -8.310347e+01  1.510000e+00
   endloop
 endfacet
 facet normal  9.238795e-01  3.826834e-01 -0.000000e+00
   outer loop
     vertex  1.341576e+02 -8.330347e+01  0.000000e+00
     vertex  1.341176e+02 -8.320700e+01  1.510000e+00
     vertex  1.341576e+02 -8.330347e+01  1.510000e+00
   endloop
 endfacet
 facet normal  9.238795e-01  3.826834e-01  0.000000e+00
   outer loop
     vertex  1.341576e+02 -8.330347e+01  0.000000e+00
     vertex  1.341176e+02 -8.320700e+01  0.000000e+00
     vertex  1.341176e+02 -8.320700e+01  1.510000e+00
   endloop
 endfacet
 facet normal  6.087614e-01  7.933533e-01 -0.000000e+00
   outer loop
     vertex  1.342212e+02 -8.338631e+01  0.000000e+00
     vertex  1.342212e+02 -8.338631e+01  1.510000e+00
     vertex  1.343040e+02 -8.344988e+01  1.510000e+00
   endloop
 endfacet
 facet normal  7.933533e-01  6.087614e-01 -0.000000e+00
   outer loop
     vertex  1.342212e+02 -8.338631e+01  0.000000e+00
     vertex  1.341576e+02 -8.330347e+01  1.510000e+00
     vertex  1.342212e+02 -8.338631e+01  1.510000e+00
   endloop
 endfacet
 facet normal  7.933533e-01  6.087614e-01  0.000000e+00
   outer loop
     vertex  1.342212e+02 -8.338631e+01  0.000000e+00
     vertex  1.341576e+02 -8.330347e+01  0.000000e+00
     vertex  1.341576e+02 -8.330347e+01  1.510000e+00
   endloop
 endfacet
 facet normal  6.087614e-01  7.933533e-01 -0.000000e+00
   outer loop
     vertex  1.343040e+02 -8.344988e+01  0.000000e+00
     vertex  1.342212e+02 -8.338631e+01  0.000000e+00
     vertex  1.343040e+02 -8.344988e+01  1.510000e+00
   endloop
 endfacet
 facet normal  3.826834e-01  9.238795e-01 -0.000000e+00
   outer loop
     vertex  1.344005e+02 -8.348984e+01  0.000000e+00
     vertex  1.343040e+02 -8.344988e+01  1.510000e+00
     vertex  1.344005e+02 -8.348984e+01  1.510000e+00
   endloop
 endfacet
 facet normal  3.826834e-01  9.238795e-01  0.000000e+00
   outer loop
     vertex  1.344005e+02 -8.348984e+01  0.000000e+00
     vertex  1.343040e+02 -8.344988e+01  0.000000e+00
     vertex  1.343040e+02 -8.344988e+01  1.510000e+00
   endloop
 endfacet
 facet normal  1.305262e-01  9.914449e-01 -0.000000e+00
   outer loop
     vertex  1.345040e+02 -8.350347e+01  0.000000e+00
     vertex  1.344005e+02 -8.348984e+01  1.510000e+00
     vertex  1.345040e+02 -8.350347e+01  1.510000e+00
   endloop
 endfacet
 facet normal  1.305262e-01  9.914449e-01  0.000000e+00
   outer loop
     vertex  1.345040e+02 -8.350347e+01  0.000000e+00
     vertex  1.344005e+02 -8.348984e+01  0.000000e+00
     vertex  1.344005e+02 -8.348984e+01  1.510000e+00
   endloop
 endfacet
 facet normal -1.305262e-01  9.914449e-01  0.000000e+00
   outer loop
     vertex  1.384075e+02 -8.548984e+01  0.000000e+00
     vertex  1.383040e+02 -8.550347e+01  0.000000e+00
     vertex  1.383040e+02 -8.550347e+01  1.510000e+00
   endloop
 endfacet
 facet normal -1.305262e-01  9.914449e-01  0.000000e+00
   outer loop
     vertex  1.384075e+02 -8.548984e+01  0.000000e+00
     vertex  1.383040e+02 -8.550347e+01  1.510000e+00
     vertex  1.384075e+02 -8.548984e+01  1.510000e+00
   endloop
 endfacet
 facet normal -3.826834e-01  9.238795e-01  0.000000e+00
   outer loop
     vertex  1.385040e+02 -8.544988e+01  0.000000e+00
     vertex  1.384075e+02 -8.548984e+01  1.510000e+00
     vertex  1.385040e+02 -8.544988e+01  1.510000e+00
   endloop
 endfacet
 facet normal -3.826834e-01  9.238795e-01  0.000000e+00
   outer loop
     vertex  1.385040e+02 -8.544988e+01  0.000000e+00
     vertex  1.384075e+02 -8.548984e+01  0.000000e+00
     vertex  1.384075e+02 -8.548984e+01  1.510000e+00
   endloop
 endfacet
 facet normal -6.087614e-01  7.933533e-01  0.000000e+00
   outer loop
     vertex  1.385868e+02 -8.538631e+01  0.000000e+00
     vertex  1.385040e+02 -8.544988e+01  1.510000e+00
     vertex  1.385868e+02 -8.538631e+01  1.510000e+00
   endloop
 endfacet
 facet normal -6.087614e-01  7.933533e-01  0.000000e+00
   outer loop
     vertex  1.385868e+02 -8.538631e+01  0.000000e+00
     vertex  1.385040e+02 -8.544988e+01  0.000000e+00
     vertex  1.385040e+02 -8.544988e+01  1.510000e+00
   endloop
 endfacet
 facet normal -7.933533e-01  6.087614e-01  0.000000e+00
   outer loop
     vertex  1.386504e+02 -8.530347e+01  0.000000e+00
     vertex  1.385868e+02 -8.538631e+01  1.510000e+00
     vertex  1.386504e+02 -8.530347e+01  1.510000e+00
   endloop
 endfacet
 facet normal -7.933533e-01  6.087614e-01  0.000000e+00
   outer loop
     vertex  1.386504e+02 -8.530347e+01  0.000000e+00
     vertex  1.385868e+02 -8.538631e+01  0.000000e+00
     vertex  1.385868e+02 -8.538631e+01  1.510000e+00
   endloop
 endfacet
 facet normal -9.238795e-01  3.826834e-01  0.000000e+00
   outer loop
     vertex  1.386904e+02 -8.520700e+01  0.000000e+00
     vertex  1.386504e+02 -8.530347e+01  1.510000e+00
     vertex  1.386904e+02 -8.520700e+01  1.510000e+00
   endloop
 endfacet
 facet normal -9.238795e-01  3.826834e-01  0.000000e+00
   outer loop
     vertex  1.386904e+02 -8.520700e+01  0.000000e+00
     vertex  1.386504e+02 -8.530347e+01  0.000000e+00
     vertex  1.386504e+02 -8.530347e+01  1.510000e+00
   endloop
 endfacet
 facet normal -9.914449e-01  1.305262e-01  0.000000e+00
   outer loop
     vertex  1.387040e+02 -8.510347e+01  0.000000e+00
     vertex  1.386904e+02 -8.520700e+01  1.510000e+00
     vertex  1.387040e+02 -8.510347e+01  1.510000e+00
   endloop
 endfacet
 facet normal -9.914449e-01  1.305262e-01  0.000000e+00
   outer loop
     vertex  1.387040e+02 -8.510347e+01  0.000000e+00
     vertex  1.386904e+02 -8.520700e+01  0.000000e+00
     vertex  1.386904e+02 -8.520700e+01  1.510000e+00
   endloop
 endfacet
 facet normal -9.914449e-01 -1.305262e-01  0.000000e+00
   outer loop
     vertex  1.386904e+02 -8.499994e+01  0.000000e+00
     vertex  1.387040e+02 -8.510347e+01  1.510000e+00
     vertex  1.386904e+02 -8.499994e+01  1.510000e+00
   endloop
 endfacet
 facet normal -9.914449e-01 -1.305262e-01  0.000000e+00
   outer loop
     vertex  1.386904e+02 -8.499994e+01  0.000000e+00
     vertex  1.387040e+02 -8.510347e+01  0.000000e+00
     vertex  1.387040e+02 -8.510347e+01  1.510000e+00
   endloop
 endfacet
 facet normal -9.238795e-01 -3.826834e-01  0.000000e+00
   outer loop
     vertex  1.386504e+02 -8.490347e+01  0.000000e+00
     vertex  1.386904e+02 -8.499994e+01  1.510000e+00
     vertex  1.386504e+02 -8.490347e+01  1.510000e+00
   endloop
 endfacet
 facet normal -9.238795e-01 -3.826834e-01  0.000000e+00
   outer loop
     vertex  1.386504e+02 -8.490347e+01  0.000000e+00
     vertex  1.386904e+02 -8.499994e+01  0.000000e+00
     vertex  1.386904e+02 -8.499994e+01  1.510000e+00
   endloop
 endfacet
 facet normal -7.933533e-01 -6.087614e-01  0.000000e+00
   outer loop
     vertex  1.385868e+02 -8.482063e+01  0.000000e+00
     vertex  1.386504e+02 -8.490347e+01  1.510000e+00
     vertex  1.385868e+02 -8.482063e+01  1.510000e+00
   endloop
 endfacet
 facet normal -7.933533e-01 -6.087614e-01  0.000000e+00
   outer loop
     vertex  1.385868e+02 -8.482063e+01  0.000000e+00
     vertex  1.386504e+02 -8.490347e+01  0.000000e+00
     vertex  1.386504e+02 -8.490347e+01  1.510000e+00
   endloop
 endfacet
 facet normal -6.087614e-01 -7.933533e-01  0.000000e+00
   outer loop
     vertex  1.385040e+02 -8.475706e+01  0.000000e+00
     vertex  1.385868e+02 -8.482063e+01  1.510000e+00
     vertex  1.385040e+02 -8.475706e+01  1.510000e+00
   endloop
 endfacet
 facet normal -6.087614e-01 -7.933533e-01  0.000000e+00
   outer loop
     vertex  1.385040e+02 -8.475706e+01  0.000000e+00
     vertex  1.385868e+02 -8.482063e+01  0.000000e+00
     vertex  1.385868e+02 -8.482063e+01  1.510000e+00
   endloop
 endfacet
 facet normal -3.826834e-01 -9.238795e-01  0.000000e+00
   outer loop
     vertex  1.384075e+02 -8.471710e+01  0.000000e+00
     vertex  1.385040e+02 -8.475706e+01  1.510000e+00
     vertex  1.384075e+02 -8.471710e+01  1.510000e+00
   endloop
 endfacet
 facet normal -3.826834e-01 -9.238795e-01  0.000000e+00
   outer loop
     vertex  1.384075e+02 -8.471710e+01  0.000000e+00
     vertex  1.385040e+02 -8.475706e+01  0.000000e+00
     vertex  1.385040e+02 -8.475706e+01  1.510000e+00
   endloop
 endfacet
 facet normal -1.305262e-01 -9.914449e-01  0.000000e+00
   outer loop
     vertex  1.383040e+02 -8.470347e+01  0.000000e+00
     vertex  1.384075e+02 -8.471710e+01  1.510000e+00
     vertex  1.383040e+02 -8.470347e+01  1.510000e+00
   endloop
 endfacet
 facet normal -1.305262e-01 -9.914449e-01  0.000000e+00
   outer loop
     vertex  1.383040e+02 -8.470347e+01  0.000000e+00
     vertex  1.384075e+02 -8.471710e+01  0.000000e+00
     vertex  1.384075e+02 -8.471710e+01  1.510000e+00
   endloop
 endfacet
 facet normal  1.305262e-01 -9.914449e-01  0.000000e+00
   outer loop
     vertex  1.382005e+02 -8.471710e+01  0.000000e+00
     vertex  1.383040e+02 -8.470347e+01  1.510000e+00
     vertex  1.382005e+02 -8.471710e+01  1.510000e+00
   endloop
 endfacet
 facet normal  1.305262e-01 -9.914449e-01  0.000000e+00
   outer loop
     vertex  1.382005e+02 -8.471710e+01  0.000000e+00
     vertex  1.383040e+02 -8.470347e+01  0.000000e+00
     vertex  1.383040e+02 -8.470347e+01  1.510000e+00
   endloop
 endfacet
 facet normal  3.826834e-01 -9.238795e-01  0.000000e+00
   outer loop
     vertex  1.381040e+02 -8.475706e+01  0.000000e+00
     vertex  1.382005e+02 -8.471710e+01  0.000000e+00
     vertex  1.382005e+02 -8.471710e+01  1.510000e+00
   endloop
 endfacet
 facet normal  3.826834e-01 -9.238795e-01  0.000000e+00
   outer loop
     vertex  1.381040e+02 -8.475706e+01  0.000000e+00
     vertex  1.382005e+02 -8.471710e+01  1.510000e+00
     vertex  1.381040e+02 -8.475706e+01  1.510000e+00
   endloop
 endfacet
 facet normal  6.087614e-01 -7.933533e-01  0.000000e+00
   outer loop
     vertex  1.380212e+02 -8.482063e+01  0.000000e+00
     vertex  1.381040e+02 -8.475706e+01  0.000000e+00
     vertex  1.381040e+02 -8.475706e+01  1.510000e+00
   endloop
 endfacet
 facet normal  7.933533e-01 -6.087614e-01  0.000000e+00
   outer loop
     vertex  1.380212e+02 -8.482063e+01  0.000000e+00
     vertex  1.380212e+02 -8.482063e+01  1.510000e+00
     vertex  1.379576e+02 -8.490347e+01  1.510000e+00
   endloop
 endfacet
 facet normal  6.087614e-01 -7.933533e-01  0.000000e+00
   outer loop
     vertex  1.380212e+02 -8.482063e+01  0.000000e+00
     vertex  1.381040e+02 -8.475706e+01  1.510000e+00
     vertex  1.380212e+02 -8.482063e+01  1.510000e+00
   endloop
 endfacet
 facet normal  7.933533e-01 -6.087614e-01  0.000000e+00
   outer loop
     vertex  1.379576e+02 -8.490347e+01  0.000000e+00
     vertex  1.380212e+02 -8.482063e+01  0.000000e+00
     vertex  1.379576e+02 -8.490347e+01  1.510000e+00
   endloop
 endfacet
 facet normal  9.238795e-01 -3.826834e-01  0.000000e+00
   outer loop
     vertex  1.379576e+02 -8.490347e+01  0.000000e+00
     vertex  1.379576e+02 -8.490347e+01  1.510000e+00
     vertex  1.379176e+02 -8.499994e+01  1.510000e+00
   endloop
 endfacet
 facet normal  9.238795e-01 -3.826834e-01  0.000000e+00
   outer loop
     vertex  1.379176e+02 -8.499994e+01  0.000000e+00
     vertex  1.379576e+02 -8.490347e+01  0.000000e+00
     vertex  1.379176e+02 -8.499994e+01  1.510000e+00
   endloop
 endfacet
 facet normal  9.914449e-01 -1.305262e-01  0.000000e+00
   outer loop
     vertex  1.379040e+02 -8.510347e+01  0.000000e+00
     vertex  1.379176e+02 -8.499994e+01  0.000000e+00
     vertex  1.379176e+02 -8.499994e+01  1.510000e+00
   endloop
 endfacet
 facet normal  9.914449e-01 -1.305262e-01  0.000000e+00
   outer loop
     vertex  1.379040e+02 -8.510347e+01  0.000000e+00
     vertex  1.379176e+02 -8.499994e+01  1.510000e+00
     vertex  1.379040e+02 -8.510347e+01  1.510000e+00
   endloop
 endfacet
 facet normal  9.914449e-01  1.305262e-01 -0.000000e+00
   outer loop
     vertex  1.379176e+02 -8.520700e+01  0.000000e+00
     vertex  1.379040e+02 -8.510347e+01  1.510000e+00
     vertex  1.379176e+02 -8.520700e+01  1.510000e+00
   endloop
 endfacet
 facet normal  9.914449e-01  1.305262e-01  0.000000e+00
   outer loop
     vertex  1.379176e+02 -8.520700e+01  0.000000e+00
     vertex  1.379040e+02 -8.510347e+01  0.000000e+00
     vertex  1.379040e+02 -8.510347e+01  1.510000e+00
   endloop
 endfacet
 facet normal  9.238795e-01  3.826834e-01 -0.000000e+00
   outer loop
     vertex  1.379576e+02 -8.530347e+01  0.000000e+00
     vertex  1.379176e+02 -8.520700e+01  1.510000e+00
     vertex  1.379576e+02 -8.530347e+01  1.510000e+00
   endloop
 endfacet
 facet normal  9.238795e-01  3.826834e-01  0.000000e+00
   outer loop
     vertex  1.379576e+02 -8.530347e+01  0.000000e+00
     vertex  1.379176e+02 -8.520700e+01  0.000000e+00
     vertex  1.379176e+02 -8.520700e+01  1.510000e+00
   endloop
 endfacet
 facet normal  6.087614e-01  7.933533e-01 -0.000000e+00
   outer loop
     vertex  1.380212e+02 -8.538631e+01  0.000000e+00
     vertex  1.380212e+02 -8.538631e+01  1.510000e+00
     vertex  1.381040e+02 -8.544988e+01  1.510000e+00
   endloop
 endfacet
 facet normal  7.933533e-01  6.087614e-01 -0.000000e+00
   outer loop
     vertex  1.380212e+02 -8.538631e+01  0.000000e+00
     vertex  1.379576e+02 -8.530347e+01  1.510000e+00
     vertex  1.380212e+02 -8.538631e+01  1.510000e+00
   endloop
 endfacet
 facet normal  7.933533e-01  6.087614e-01  0.000000e+00
   outer loop
     vertex  1.380212e+02 -8.538631e+01  0.000000e+00
     vertex  1.379576e+02 -8.530347e+01  0.000000e+00
     vertex  1.379576e+02 -8.530347e+01  1.510000e+00
   endloop
 endfacet
 facet normal  6.087614e-01  7.933533e-01 -0.000000e+00
   outer loop
     vertex  1.381040e+02 -8.544988e+01  0.000000e+00
     vertex  1.380212e+02 -8.538631e+01  0.000000e+00
     vertex  1.381040e+02 -8.544988e+01  1.510000e+00
   endloop
 endfacet
 facet normal  3.826834e-01  9.238795e-01 -0.000000e+00
   outer loop
     vertex  1.382005e+02 -8.548984e+01  0.000000e+00
     vertex  1.381040e+02 -8.544988e+01  1.510000e+00
     vertex  1.382005e+02 -8.548984e+01  1.510000e+00
   endloop
 endfacet
 facet normal  3.826834e-01  9.238795e-01  0.000000e+00
   outer loop
     vertex  1.382005e+02 -8.548984e+01  0.000000e+00
     vertex  1.381040e+02 -8.544988e+01  0.000000e+00
     vertex  1.381040e+02 -8.544988e+01  1.510000e+00
   endloop
 endfacet
 facet normal  1.305262e-01  9.914449e-01 -0.000000e+00
   outer loop
     vertex  1.383040e+02 -8.550347e+01  0.000000e+00
     vertex  1.382005e+02 -8.548984e+01  1.510000e+00
     vertex  1.383040e+02 -8.550347e+01  1.510000e+00
   endloop
 endfacet
 facet normal  1.305262e-01  9.914449e-01  0.000000e+00
   outer loop
     vertex  1.383040e+02 -8.550347e+01  0.000000e+00
     vertex  1.382005e+02 -8.548984e+01  0.000000e+00
     vertex  1.382005e+02 -8.548984e+01  1.510000e+00
   endloop
 endfacet
 facet normal -1.305262e-01  9.914449e-01  0.000000e+00
   outer loop
     vertex  1.384075e+02 -8.348984e+01  0.000000e+00
     vertex  1.383040e+02 -8.350347e+01  0.000000e+00
     vertex  1.383040e+02 -8.350347e+01  1.510000e+00
   endloop
 endfacet
 facet normal -1.305262e-01  9.914449e-01  0.000000e+00
   outer loop
     vertex  1.384075e+02 -8.348984e+01  0.000000e+00
     vertex  1.383040e+02 -8.350347e+01  1.510000e+00
     vertex  1.384075e+02 -8.348984e+01  1.510000e+00
   endloop
 endfacet
 facet normal -3.826834e-01  9.238795e-01  0.000000e+00
   outer loop
     vertex  1.385040e+02 -8.344988e+01  0.000000e+00
     vertex  1.384075e+02 -8.348984e+01  1.510000e+00
     vertex  1.385040e+02 -8.344988e+01  1.510000e+00
   endloop
 endfacet
 facet normal -3.826834e-01  9.238795e-01  0.000000e+00
   outer loop
     vertex  1.385040e+02 -8.344988e+01  0.000000e+00
     vertex  1.384075e+02 -8.348984e+01  0.000000e+00
     vertex  1.384075e+02 -8.348984e+01  1.510000e+00
   endloop
 endfacet
 facet normal -6.087614e-01  7.933533e-01  0.000000e+00
   outer loop
     vertex  1.385868e+02 -8.338631e+01  0.000000e+00
     vertex  1.385040e+02 -8.344988e+01  1.510000e+00
     vertex  1.385868e+02 -8.338631e+01  1.510000e+00
   endloop
 endfacet
 facet normal -6.087614e-01  7.933533e-01  0.000000e+00
   outer loop
     vertex  1.385868e+02 -8.338631e+01  0.000000e+00
     vertex  1.385040e+02 -8.344988e+01  0.000000e+00
     vertex  1.385040e+02 -8.344988e+01  1.510000e+00
   endloop
 endfacet
 facet normal -7.933533e-01  6.087614e-01  0.000000e+00
   outer loop
     vertex  1.386504e+02 -8.330347e+01  0.000000e+00
     vertex  1.385868e+02 -8.338631e+01  1.510000e+00
     vertex  1.386504e+02 -8.330347e+01  1.510000e+00
   endloop
 endfacet
 facet normal -7.933533e-01  6.087614e-01  0.000000e+00
   outer loop
     vertex  1.386504e+02 -8.330347e+01  0.000000e+00
     vertex  1.385868e+02 -8.338631e+01  0.000000e+00
     vertex  1.385868e+02 -8.338631e+01  1.510000e+00
   endloop
 endfacet
 facet normal -9.238795e-01  3.826834e-01  0.000000e+00
   outer loop
     vertex  1.386904e+02 -8.320700e+01  0.000000e+00
     vertex  1.386504e+02 -8.330347e+01  1.510000e+00
     vertex  1.386904e+02 -8.320700e+01  1.510000e+00
   endloop
 endfacet
 facet normal -9.238795e-01  3.826834e-01  0.000000e+00
   outer loop
     vertex  1.386904e+02 -8.320700e+01  0.000000e+00
     vertex  1.386504e+02 -8.330347e+01  0.000000e+00
     vertex  1.386504e+02 -8.330347e+01  1.510000e+00
   endloop
 endfacet
 facet normal -9.914449e-01  1.305262e-01  0.000000e+00
   outer loop
     vertex  1.387040e+02 -8.310347e+01  0.000000e+00
     vertex  1.386904e+02 -8.320700e+01  1.510000e+00
     vertex  1.387040e+02 -8.310347e+01  1.510000e+00
   endloop
 endfacet
 facet normal -9.914449e-01  1.305262e-01  0.000000e+00
   outer loop
     vertex  1.387040e+02 -8.310347e+01  0.000000e+00
     vertex  1.386904e+02 -8.320700e+01  0.000000e+00
     vertex  1.386904e+02 -8.320700e+01  1.510000e+00
   endloop
 endfacet
 facet normal -9.914449e-01 -1.305262e-01  0.000000e+00
   outer loop
     vertex  1.386904e+02 -8.299994e+01  0.000000e+00
     vertex  1.387040e+02 -8.310347e+01  1.510000e+00
     vertex  1.386904e+02 -8.299994e+01  1.510000e+00
   endloop
 endfacet
 facet normal -9.914449e-01 -1.305262e-01  0.000000e+00
   outer loop
     vertex  1.386904e+02 -8.299994e+01  0.000000e+00
     vertex  1.387040e+02 -8.310347e+01  0.000000e+00
     vertex  1.387040e+02 -8.310347e+01  1.510000e+00
   endloop
 endfacet
 facet normal -9.238795e-01 -3.826834e-01  0.000000e+00
   outer loop
     vertex  1.386504e+02 -8.290347e+01  0.000000e+00
     vertex  1.386904e+02 -8.299994e+01  1.510000e+00
     vertex  1.386504e+02 -8.290347e+01  1.510000e+00
   endloop
 endfacet
 facet normal -9.238795e-01 -3.826834e-01  0.000000e+00
   outer loop
     vertex  1.386504e+02 -8.290347e+01  0.000000e+00
     vertex  1.386904e+02 -8.299994e+01  0.000000e+00
     vertex  1.386904e+02 -8.299994e+01  1.510000e+00
   endloop
 endfacet
 facet normal -7.933533e-01 -6.087614e-01  0.000000e+00
   outer loop
     vertex  1.385868e+02 -8.282063e+01  0.000000e+00
     vertex  1.386504e+02 -8.290347e+01  1.510000e+00
     vertex  1.385868e+02 -8.282063e+01  1.510000e+00
   endloop
 endfacet
 facet normal -7.933533e-01 -6.087614e-01  0.000000e+00
   outer loop
     vertex  1.385868e+02 -8.282063e+01  0.000000e+00
     vertex  1.386504e+02 -8.290347e+01  0.000000e+00
     vertex  1.386504e+02 -8.290347e+01  1.510000e+00
   endloop
 endfacet
 facet normal -6.087614e-01 -7.933533e-01  0.000000e+00
   outer loop
     vertex  1.385040e+02 -8.275706e+01  0.000000e+00
     vertex  1.385868e+02 -8.282063e+01  1.510000e+00
     vertex  1.385040e+02 -8.275706e+01  1.510000e+00
   endloop
 endfacet
 facet normal -6.087614e-01 -7.933533e-01  0.000000e+00
   outer loop
     vertex  1.385040e+02 -8.275706e+01  0.000000e+00
     vertex  1.385868e+02 -8.282063e+01  0.000000e+00
     vertex  1.385868e+02 -8.282063e+01  1.510000e+00
   endloop
 endfacet
 facet normal -3.826834e-01 -9.238795e-01  0.000000e+00
   outer loop
     vertex  1.384075e+02 -8.271710e+01  0.000000e+00
     vertex  1.385040e+02 -8.275706e+01  1.510000e+00
     vertex  1.384075e+02 -8.271710e+01  1.510000e+00
   endloop
 endfacet
 facet normal -3.826834e-01 -9.238795e-01  0.000000e+00
   outer loop
     vertex  1.384075e+02 -8.271710e+01  0.000000e+00
     vertex  1.385040e+02 -8.275706e+01  0.000000e+00
     vertex  1.385040e+02 -8.275706e+01  1.510000e+00
   endloop
 endfacet
 facet normal -1.305262e-01 -9.914449e-01  0.000000e+00
   outer loop
     vertex  1.383040e+02 -8.270347e+01  0.000000e+00
     vertex  1.384075e+02 -8.271710e+01  1.510000e+00
     vertex  1.383040e+02 -8.270347e+01  1.510000e+00
   endloop
 endfacet
 facet normal -1.305262e-01 -9.914449e-01  0.000000e+00
   outer loop
     vertex  1.383040e+02 -8.270347e+01  0.000000e+00
     vertex  1.384075e+02 -8.271710e+01  0.000000e+00
     vertex  1.384075e+02 -8.271710e+01  1.510000e+00
   endloop
 endfacet
 facet normal  1.305262e-01 -9.914449e-01  0.000000e+00
   outer loop
     vertex  1.382005e+02 -8.271710e+01  0.000000e+00
     vertex  1.383040e+02 -8.270347e+01  1.510000e+00
     vertex  1.382005e+02 -8.271710e+01  1.510000e+00
   endloop
 endfacet
 facet normal  1.305262e-01 -9.914449e-01  0.000000e+00
   outer loop
     vertex  1.382005e+02 -8.271710e+01  0.000000e+00
     vertex  1.383040e+02 -8.270347e+01  0.000000e+00
     vertex  1.383040e+02 -8.270347e+01  1.510000e+00
   endloop
 endfacet
 facet normal  3.826834e-01 -9.238795e-01  0.000000e+00
   outer loop
     vertex  1.381040e+02 -8.275706e+01  0.000000e+00
     vertex  1.382005e+02 -8.271710e+01  0.000000e+00
     vertex  1.382005e+02 -8.271710e+01  1.510000e+00
   endloop
 endfacet
 facet normal  3.826834e-01 -9.238795e-01  0.000000e+00
   outer loop
     vertex  1.381040e+02 -8.275706e+01  0.000000e+00
     vertex  1.382005e+02 -8.271710e+01  1.510000e+00
     vertex  1.381040e+02 -8.275706e+01  1.510000e+00
   endloop
 endfacet
 facet normal  6.087614e-01 -7.933533e-01  0.000000e+00
   outer loop
     vertex  1.380212e+02 -8.282063e+01  0.000000e+00
     vertex  1.381040e+02 -8.275706e+01  0.000000e+00
     vertex  1.381040e+02 -8.275706e+01  1.510000e+00
   endloop
 endfacet
 facet normal  7.933533e-01 -6.087614e-01  0.000000e+00
   outer loop
     vertex  1.380212e+02 -8.282063e+01  0.000000e+00
     vertex  1.380212e+02 -8.282063e+01  1.510000e+00
     vertex  1.379576e+02 -8.290347e+01  1.510000e+00
   endloop
 endfacet
 facet normal  6.087614e-01 -7.933533e-01  0.000000e+00
   outer loop
     vertex  1.380212e+02 -8.282063e+01  0.000000e+00
     vertex  1.381040e+02 -8.275706e+01  1.510000e+00
     vertex  1.380212e+02 -8.282063e+01  1.510000e+00
   endloop
 endfacet
 facet normal  7.933533e-01 -6.087614e-01  0.000000e+00
   outer loop
     vertex  1.379576e+02 -8.290347e+01  0.000000e+00
     vertex  1.380212e+02 -8.282063e+01  0.000000e+00
     vertex  1.379576e+02 -8.290347e+01  1.510000e+00
   endloop
 endfacet
 facet normal  9.238795e-01 -3.826834e-01  0.000000e+00
   outer loop
     vertex  1.379576e+02 -8.290347e+01  0.000000e+00
     vertex  1.379576e+02 -8.290347e+01  1.510000e+00
     vertex  1.379176e+02 -8.299994e+01  1.510000e+00
   endloop
 endfacet
 facet normal  9.238795e-01 -3.826834e-01  0.000000e+00
   outer loop
     vertex  1.379176e+02 -8.299994e+01  0.000000e+00
     vertex  1.379576e+02 -8.290347e+01  0.000000e+00
     vertex  1.379176e+02 -8.299994e+01  1.510000e+00
   endloop
 endfacet
 facet normal  9.914449e-01 -1.305262e-01  0.000000e+00
   outer loop
     vertex  1.379040e+02 -8.310347e+01  0.000000e+00
     vertex  1.379176e+02 -8.299994e+01  0.000000e+00
     vertex  1.379176e+02 -8.299994e+01  1.510000e+00
   endloop
 endfacet
 facet normal  9.914449e-01 -1.305262e-01  0.000000e+00
   outer loop
     vertex  1.379040e+02 -8.310347e+01  0.000000e+00
     vertex  1.379176e+02 -8.299994e+01  1.510000e+00
     vertex  1.379040e+02 -8.310347e+01  1.510000e+00
   endloop
 endfacet
 facet normal  9.914449e-01  1.305262e-01 -0.000000e+00
   outer loop
     vertex  1.379176e+02 -8.320700e+01  0.000000e+00
     vertex  1.379040e+02 -8.310347e+01  1.510000e+00
     vertex  1.379176e+02 -8.320700e+01  1.510000e+00
   endloop
 endfacet
 facet normal  9.914449e-01  1.305262e-01  0.000000e+00
   outer loop
     vertex  1.379176e+02 -8.320700e+01  0.000000e+00
     vertex  1.379040e+02 -8.310347e+01  0.000000e+00
     vertex  1.379040e+02 -8.310347e+01  1.510000e+00
   endloop
 endfacet
 facet normal  9.238795e-01  3.826834e-01 -0.000000e+00
   outer loop
     vertex  1.379576e+02 -8.330347e+01  0.000000e+00
     vertex  1.379176e+02 -8.320700e+01  1.510000e+00
     vertex  1.379576e+02 -8.330347e+01  1.510000e+00
   endloop
 endfacet
 facet normal  9.238795e-01  3.826834e-01  0.000000e+00
   outer loop
     vertex  1.379576e+02 -8.330347e+01  0.000000e+00
     vertex  1.379176e+02 -8.320700e+01  0.000000e+00
     vertex  1.379176e+02 -8.320700e+01  1.510000e+00
   endloop
 endfacet
 facet normal  6.087614e-01  7.933533e-01 -0.000000e+00
   outer loop
     vertex  1.380212e+02 -8.338631e+01  0.000000e+00
     vertex  1.380212e+02 -8.338631e+01  1.510000e+00
     vertex  1.381040e+02 -8.344988e+01  1.510000e+00
   endloop
 endfacet
 facet normal  7.933533e-01  6.087614e-01 -0.000000e+00
   outer loop
     vertex  1.380212e+02 -8.338631e+01  0.000000e+00
     vertex  1.379576e+02 -8.330347e+01  1.510000e+00
     vertex  1.380212e+02 -8.338631e+01  1.510000e+00
   endloop
 endfacet
 facet normal  7.933533e-01  6.087614e-01  0.000000e+00
   outer loop
     vertex  1.380212e+02 -8.338631e+01  0.000000e+00
     vertex  1.379576e+02 -8.330347e+01  0.000000e+00
     vertex  1.379576e+02 -8.330347e+01  1.510000e+00
   endloop
 endfacet
 facet normal  6.087614e-01  7.933533e-01 -0.000000e+00
   outer loop
     vertex  1.381040e+02 -8.344988e+01  0.000000e+00
     vertex  1.380212e+02 -8.338631e+01  0.000000e+00
     vertex  1.381040e+02 -8.344988e+01  1.510000e+00
   endloop
 endfacet
 facet normal  3.826834e-01  9.238795e-01 -0.000000e+00
   outer loop
     vertex  1.382005e+02 -8.348984e+01  0.000000e+00
     vertex  1.381040e+02 -8.344988e+01  1.510000e+00
     vertex  1.382005e+02 -8.348984e+01  1.510000e+00
   endloop
 endfacet
 facet normal  3.826834e-01  9.238795e-01  0.000000e+00
   outer loop
     vertex  1.382005e+02 -8.348984e+01  0.000000e+00
     vertex  1.381040e+02 -8.344988e+01  0.000000e+00
     vertex  1.381040e+02 -8.344988e+01  1.510000e+00
   endloop
 endfacet
 facet normal  1.305262e-01  9.914449e-01 -0.000000e+00
   outer loop
     vertex  1.383040e+02 -8.350347e+01  0.000000e+00
     vertex  1.382005e+02 -8.348984e+01  1.510000e+00
     vertex  1.383040e+02 -8.350347e+01  1.510000e+00
   endloop
 endfacet
 facet normal  1.305262e-01  9.914449e-01  0.000000e+00
   outer loop
     vertex  1.383040e+02 -8.350347e+01  0.000000e+00
     vertex  1.382005e+02 -8.348984e+01  0.000000e+00
     vertex  1.382005e+02 -8.348984e+01  1.510000e+00
   endloop
 endfacet
 facet normal -1.305262e-01  9.914449e-01  0.000000e+00
   outer loop
     vertex  1.510725e+02 -9.948643e+01  0.000000e+00
     vertex  1.509430e+02 -9.950347e+01  0.000000e+00
     vertex  1.509430e+02 -9.950347e+01  1.510000e+00
   endloop
 endfacet
 facet normal -1.305262e-01  9.914449e-01  0.000000e+00
   outer loop
     vertex  1.510725e+02 -9.948643e+01  0.000000e+00
     vertex  1.509430e+02 -9.950347e+01  1.510000e+00
     vertex  1.510725e+02 -9.948643e+01  1.510000e+00
   endloop
 endfacet
 facet normal -3.826834e-01  9.238795e-01  0.000000e+00
   outer loop
     vertex  1.511930e+02 -9.943648e+01  0.000000e+00
     vertex  1.510725e+02 -9.948643e+01  1.510000e+00
     vertex  1.511930e+02 -9.943648e+01  1.510000e+00
   endloop
 endfacet
 facet normal -3.826834e-01  9.238795e-01  0.000000e+00
   outer loop
     vertex  1.511930e+02 -9.943648e+01  0.000000e+00
     vertex  1.510725e+02 -9.948643e+01  0.000000e+00
     vertex  1.510725e+02 -9.948643e+01  1.510000e+00
   endloop
 endfacet
 facet normal -6.087614e-01  7.933533e-01  0.000000e+00
   outer loop
     vertex  1.512966e+02 -9.935702e+01  0.000000e+00
     vertex  1.511930e+02 -9.943648e+01  1.510000e+00
     vertex  1.512966e+02 -9.935702e+01  1.510000e+00
   endloop
 endfacet
 facet normal -6.087614e-01  7.933533e-01  0.000000e+00
   outer loop
     vertex  1.512966e+02 -9.935702e+01  0.000000e+00
     vertex  1.511930e+02 -9.943648e+01  0.000000e+00
     vertex  1.511930e+02 -9.943648e+01  1.510000e+00
   endloop
 endfacet
 facet normal -7.933533e-01  6.087614e-01  0.000000e+00
   outer loop
     vertex  1.513761e+02 -9.925347e+01  0.000000e+00
     vertex  1.512966e+02 -9.935702e+01  1.510000e+00
     vertex  1.513761e+02 -9.925347e+01  1.510000e+00
   endloop
 endfacet
 facet normal -7.933533e-01  6.087614e-01  0.000000e+00
   outer loop
     vertex  1.513761e+02 -9.925347e+01  0.000000e+00
     vertex  1.512966e+02 -9.935702e+01  0.000000e+00
     vertex  1.512966e+02 -9.935702e+01  1.510000e+00
   endloop
 endfacet
 facet normal -9.238795e-01  3.826834e-01  0.000000e+00
   outer loop
     vertex  1.514260e+02 -9.913288e+01  0.000000e+00
     vertex  1.513761e+02 -9.925347e+01  1.510000e+00
     vertex  1.514260e+02 -9.913288e+01  1.510000e+00
   endloop
 endfacet
 facet normal -9.238795e-01  3.826834e-01  0.000000e+00
   outer loop
     vertex  1.514260e+02 -9.913288e+01  0.000000e+00
     vertex  1.513761e+02 -9.925347e+01  0.000000e+00
     vertex  1.513761e+02 -9.925347e+01  1.510000e+00
   endloop
 endfacet
 facet normal -9.914449e-01  1.305262e-01  0.000000e+00
   outer loop
     vertex  1.514430e+02 -9.900347e+01  0.000000e+00
     vertex  1.514260e+02 -9.913288e+01  1.510000e+00
     vertex  1.514430e+02 -9.900347e+01  1.510000e+00
   endloop
 endfacet
 facet normal -9.914449e-01  1.305262e-01  0.000000e+00
   outer loop
     vertex  1.514430e+02 -9.900347e+01  0.000000e+00
     vertex  1.514260e+02 -9.913288e+01  0.000000e+00
     vertex  1.514260e+02 -9.913288e+01  1.510000e+00
   endloop
 endfacet
 facet normal -9.914449e-01 -1.305262e-01  0.000000e+00
   outer loop
     vertex  1.514260e+02 -9.887406e+01  0.000000e+00
     vertex  1.514430e+02 -9.900347e+01  1.510000e+00
     vertex  1.514260e+02 -9.887406e+01  1.510000e+00
   endloop
 endfacet
 facet normal -9.914449e-01 -1.305262e-01  0.000000e+00
   outer loop
     vertex  1.514260e+02 -9.887406e+01  0.000000e+00
     vertex  1.514430e+02 -9.900347e+01  0.000000e+00
     vertex  1.514430e+02 -9.900347e+01  1.510000e+00
   endloop
 endfacet
 facet normal -9.238795e-01 -3.826834e-01  0.000000e+00
   outer loop
     vertex  1.513761e+02 -9.875347e+01  0.000000e+00
     vertex  1.514260e+02 -9.887406e+01  1.510000e+00
     vertex  1.513761e+02 -9.875347e+01  1.510000e+00
   endloop
 endfacet
 facet normal -9.238795e-01 -3.826834e-01  0.000000e+00
   outer loop
     vertex  1.513761e+02 -9.875347e+01  0.000000e+00
     vertex  1.514260e+02 -9.887406e+01  0.000000e+00
     vertex  1.514260e+02 -9.887406e+01  1.510000e+00
   endloop
 endfacet
 facet normal -7.933533e-01 -6.087614e-01  0.000000e+00
   outer loop
     vertex  1.512966e+02 -9.864992e+01  0.000000e+00
     vertex  1.513761e+02 -9.875347e+01  1.510000e+00
     vertex  1.512966e+02 -9.864992e+01  1.510000e+00
   endloop
 endfacet
 facet normal -7.933533e-01 -6.087614e-01  0.000000e+00
   outer loop
     vertex  1.512966e+02 -9.864992e+01  0.000000e+00
     vertex  1.513761e+02 -9.875347e+01  0.000000e+00
     vertex  1.513761e+02 -9.875347e+01  1.510000e+00
   endloop
 endfacet
 facet normal -6.087614e-01 -7.933533e-01  0.000000e+00
   outer loop
     vertex  1.511930e+02 -9.857046e+01  0.000000e+00
     vertex  1.512966e+02 -9.864992e+01  1.510000e+00
     vertex  1.511930e+02 -9.857046e+01  1.510000e+00
   endloop
 endfacet
 facet normal -6.087614e-01 -7.933533e-01  0.000000e+00
   outer loop
     vertex  1.511930e+02 -9.857046e+01  0.000000e+00
     vertex  1.512966e+02 -9.864992e+01  0.000000e+00
     vertex  1.512966e+02 -9.864992e+01  1.510000e+00
   endloop
 endfacet
 facet normal -3.826834e-01 -9.238795e-01  0.000000e+00
   outer loop
     vertex  1.510725e+02 -9.852051e+01  0.000000e+00
     vertex  1.511930e+02 -9.857046e+01  1.510000e+00
     vertex  1.510725e+02 -9.852051e+01  1.510000e+00
   endloop
 endfacet
 facet normal -3.826834e-01 -9.238795e-01  0.000000e+00
   outer loop
     vertex  1.510725e+02 -9.852051e+01  0.000000e+00
     vertex  1.511930e+02 -9.857046e+01  0.000000e+00
     vertex  1.511930e+02 -9.857046e+01  1.510000e+00
   endloop
 endfacet
 facet normal -1.305262e-01 -9.914449e-01  0.000000e+00
   outer loop
     vertex  1.509430e+02 -9.850347e+01  0.000000e+00
     vertex  1.510725e+02 -9.852051e+01  1.510000e+00
     vertex  1.509430e+02 -9.850347e+01  1.510000e+00
   endloop
 endfacet
 facet normal -1.305262e-01 -9.914449e-01  0.000000e+00
   outer loop
     vertex  1.509430e+02 -9.850347e+01  0.000000e+00
     vertex  1.510725e+02 -9.852051e+01  0.000000e+00
     vertex  1.510725e+02 -9.852051e+01  1.510000e+00
   endloop
 endfacet
 facet normal  1.305262e-01 -9.914449e-01  0.000000e+00
   outer loop
     vertex  1.508136e+02 -9.852051e+01  0.000000e+00
     vertex  1.509430e+02 -9.850347e+01  1.510000e+00
     vertex  1.508136e+02 -9.852051e+01  1.510000e+00
   endloop
 endfacet
 facet normal  1.305262e-01 -9.914449e-01  0.000000e+00
   outer loop
     vertex  1.508136e+02 -9.852051e+01  0.000000e+00
     vertex  1.509430e+02 -9.850347e+01  0.000000e+00
     vertex  1.509430e+02 -9.850347e+01  1.510000e+00
   endloop
 endfacet
 facet normal  3.826834e-01 -9.238795e-01  0.000000e+00
   outer loop
     vertex  1.506930e+02 -9.857046e+01  0.000000e+00
     vertex  1.508136e+02 -9.852051e+01  0.000000e+00
     vertex  1.508136e+02 -9.852051e+01  1.510000e+00
   endloop
 endfacet
 facet normal  3.826834e-01 -9.238795e-01  0.000000e+00
   outer loop
     vertex  1.506930e+02 -9.857046e+01  0.000000e+00
     vertex  1.508136e+02 -9.852051e+01  1.510000e+00
     vertex  1.506930e+02 -9.857046e+01  1.510000e+00
   endloop
 endfacet
 facet normal  6.087614e-01 -7.933533e-01  0.000000e+00
   outer loop
     vertex  1.505895e+02 -9.864992e+01  0.000000e+00
     vertex  1.506930e+02 -9.857046e+01  0.000000e+00
     vertex  1.506930e+02 -9.857046e+01  1.510000e+00
   endloop
 endfacet
 facet normal  7.933533e-01 -6.087614e-01  0.000000e+00
   outer loop
     vertex  1.505895e+02 -9.864992e+01  0.000000e+00
     vertex  1.505895e+02 -9.864992e+01  1.510000e+00
     vertex  1.505100e+02 -9.875347e+01  1.510000e+00
   endloop
 endfacet
 facet normal  6.087614e-01 -7.933533e-01  0.000000e+00
   outer loop
     vertex  1.505895e+02 -9.864992e+01  0.000000e+00
     vertex  1.506930e+02 -9.857046e+01  1.510000e+00
     vertex  1.505895e+02 -9.864992e+01  1.510000e+00
   endloop
 endfacet
 facet normal  7.933533e-01 -6.087614e-01  0.000000e+00
   outer loop
     vertex  1.505100e+02 -9.875347e+01  0.000000e+00
     vertex  1.505895e+02 -9.864992e+01  0.000000e+00
     vertex  1.505100e+02 -9.875347e+01  1.510000e+00
   endloop
 endfacet
 facet normal  9.238795e-01 -3.826834e-01  0.000000e+00
   outer loop
     vertex  1.505100e+02 -9.875347e+01  0.000000e+00
     vertex  1.505100e+02 -9.875347e+01  1.510000e+00
     vertex  1.504601e+02 -9.887406e+01  1.510000e+00
   endloop
 endfacet
 facet normal  9.238795e-01 -3.826834e-01  0.000000e+00
   outer loop
     vertex  1.504601e+02 -9.887406e+01  0.000000e+00
     vertex  1.505100e+02 -9.875347e+01  0.000000e+00
     vertex  1.504601e+02 -9.887406e+01  1.510000e+00
   endloop
 endfacet
 facet normal  9.914449e-01 -1.305262e-01  0.000000e+00
   outer loop
     vertex  1.504430e+02 -9.900347e+01  0.000000e+00
     vertex  1.504601e+02 -9.887406e+01  0.000000e+00
     vertex  1.504601e+02 -9.887406e+01  1.510000e+00
   endloop
 endfacet
 facet normal  9.914449e-01 -1.305262e-01  0.000000e+00
   outer loop
     vertex  1.504430e+02 -9.900347e+01  0.000000e+00
     vertex  1.504601e+02 -9.887406e+01  1.510000e+00
     vertex  1.504430e+02 -9.900347e+01  1.510000e+00
   endloop
 endfacet
 facet normal  9.914449e-01  1.305262e-01 -0.000000e+00
   outer loop
     vertex  1.504601e+02 -9.913288e+01  0.000000e+00
     vertex  1.504430e+02 -9.900347e+01  1.510000e+00
     vertex  1.504601e+02 -9.913288e+01  1.510000e+00
   endloop
 endfacet
 facet normal  9.914449e-01  1.305262e-01  0.000000e+00
   outer loop
     vertex  1.504601e+02 -9.913288e+01  0.000000e+00
     vertex  1.504430e+02 -9.900347e+01  0.000000e+00
     vertex  1.504430e+02 -9.900347e+01  1.510000e+00
   endloop
 endfacet
 facet normal  9.238795e-01  3.826834e-01 -0.000000e+00
   outer loop
     vertex  1.505100e+02 -9.925347e+01  0.000000e+00
     vertex  1.504601e+02 -9.913288e+01  1.510000e+00
     vertex  1.505100e+02 -9.925347e+01  1.510000e+00
   endloop
 endfacet
 facet normal  9.238795e-01  3.826834e-01  0.000000e+00
   outer loop
     vertex  1.505100e+02 -9.925347e+01  0.000000e+00
     vertex  1.504601e+02 -9.913288e+01  0.000000e+00
     vertex  1.504601e+02 -9.913288e+01  1.510000e+00
   endloop
 endfacet
 facet normal  6.087614e-01  7.933533e-01 -0.000000e+00
   outer loop
     vertex  1.505895e+02 -9.935702e+01  0.000000e+00
     vertex  1.505895e+02 -9.935702e+01  1.510000e+00
     vertex  1.506930e+02 -9.943648e+01  1.510000e+00
   endloop
 endfacet
 facet normal  7.933533e-01  6.087614e-01 -0.000000e+00
   outer loop
     vertex  1.505895e+02 -9.935702e+01  0.000000e+00
     vertex  1.505100e+02 -9.925347e+01  1.510000e+00
     vertex  1.505895e+02 -9.935702e+01  1.510000e+00
   endloop
 endfacet
 facet normal  7.933533e-01  6.087614e-01  0.000000e+00
   outer loop
     vertex  1.505895e+02 -9.935702e+01  0.000000e+00
     vertex  1.505100e+02 -9.925347e+01  0.000000e+00
     vertex  1.505100e+02 -9.925347e+01  1.510000e+00
   endloop
 endfacet
 facet normal  6.087614e-01  7.933533e-01 -0.000000e+00
   outer loop
     vertex  1.506930e+02 -9.943648e+01  0.000000e+00
     vertex  1.505895e+02 -9.935702e+01  0.000000e+00
     vertex  1.506930e+02 -9.943648e+01  1.510000e+00
   endloop
 endfacet
 facet normal  3.826834e-01  9.238795e-01 -0.000000e+00
   outer loop
     vertex  1.508136e+02 -9.948643e+01  0.000000e+00
     vertex  1.506930e+02 -9.943648e+01  1.510000e+00
     vertex  1.508136e+02 -9.948643e+01  1.510000e+00
   endloop
 endfacet
 facet normal  3.826834e-01  9.238795e-01  0.000000e+00
   outer loop
     vertex  1.508136e+02 -9.948643e+01  0.000000e+00
     vertex  1.506930e+02 -9.943648e+01  0.000000e+00
     vertex  1.506930e+02 -9.943648e+01  1.510000e+00
   endloop
 endfacet
 facet normal  1.305262e-01  9.914449e-01 -0.000000e+00
   outer loop
     vertex  1.509430e+02 -9.950347e+01  0.000000e+00
     vertex  1.508136e+02 -9.948643e+01  1.510000e+00
     vertex  1.509430e+02 -9.950347e+01  1.510000e+00
   endloop
 endfacet
 facet normal  1.305262e-01  9.914449e-01  0.000000e+00
   outer loop
     vertex  1.509430e+02 -9.950347e+01  0.000000e+00
     vertex  1.508136e+02 -9.948643e+01  0.000000e+00
     vertex  1.508136e+02 -9.948643e+01  1.510000e+00
   endloop
 endfacet
 facet normal -1.305262e-01  9.914449e-01  0.000000e+00
   outer loop
     vertex  1.536125e+02 -9.948643e+01  0.000000e+00
     vertex  1.534830e+02 -9.950347e+01  0.000000e+00
     vertex  1.534830e+02 -9.950347e+01  1.510000e+00
   endloop
 endfacet
 facet normal -1.305262e-01  9.914449e-01  0.000000e+00
   outer loop
     vertex  1.536125e+02 -9.948643e+01  0.000000e+00
     vertex  1.534830e+02 -9.950347e+01  1.510000e+00
     vertex  1.536125e+02 -9.948643e+01  1.510000e+00
   endloop
 endfacet
 facet normal -3.826834e-01  9.238795e-01  0.000000e+00
   outer loop
     vertex  1.537330e+02 -9.943648e+01  0.000000e+00
     vertex  1.536125e+02 -9.948643e+01  1.510000e+00
     vertex  1.537330e+02 -9.943648e+01  1.510000e+00
   endloop
 endfacet
 facet normal -3.826834e-01  9.238795e-01  0.000000e+00
   outer loop
     vertex  1.537330e+02 -9.943648e+01  0.000000e+00
     vertex  1.536125e+02 -9.948643e+01  0.000000e+00
     vertex  1.536125e+02 -9.948643e+01  1.510000e+00
   endloop
 endfacet
 facet normal -6.087614e-01  7.933533e-01  0.000000e+00
   outer loop
     vertex  1.538366e+02 -9.935702e+01  0.000000e+00
     vertex  1.537330e+02 -9.943648e+01  1.510000e+00
     vertex  1.538366e+02 -9.935702e+01  1.510000e+00
   endloop
 endfacet
 facet normal -6.087614e-01  7.933533e-01  0.000000e+00
   outer loop
     vertex  1.538366e+02 -9.935702e+01  0.000000e+00
     vertex  1.537330e+02 -9.943648e+01  0.000000e+00
     vertex  1.537330e+02 -9.943648e+01  1.510000e+00
   endloop
 endfacet
 facet normal -7.933533e-01  6.087614e-01  0.000000e+00
   outer loop
     vertex  1.539161e+02 -9.925347e+01  0.000000e+00
     vertex  1.538366e+02 -9.935702e+01  1.510000e+00
     vertex  1.539161e+02 -9.925347e+01  1.510000e+00
   endloop
 endfacet
 facet normal -7.933533e-01  6.087614e-01  0.000000e+00
   outer loop
     vertex  1.539161e+02 -9.925347e+01  0.000000e+00
     vertex  1.538366e+02 -9.935702e+01  0.000000e+00
     vertex  1.538366e+02 -9.935702e+01  1.510000e+00
   endloop
 endfacet
 facet normal -9.238795e-01  3.826834e-01  0.000000e+00
   outer loop
     vertex  1.539660e+02 -9.913288e+01  0.000000e+00
     vertex  1.539161e+02 -9.925347e+01  1.510000e+00
     vertex  1.539660e+02 -9.913288e+01  1.510000e+00
   endloop
 endfacet
 facet normal -9.238795e-01  3.826834e-01  0.000000e+00
   outer loop
     vertex  1.539660e+02 -9.913288e+01  0.000000e+00
     vertex  1.539161e+02 -9.925347e+01  0.000000e+00
     vertex  1.539161e+02 -9.925347e+01  1.510000e+00
   endloop
 endfacet
 facet normal -9.914449e-01  1.305262e-01  0.000000e+00
   outer loop
     vertex  1.539830e+02 -9.900347e+01  0.000000e+00
     vertex  1.539660e+02 -9.913288e+01  1.510000e+00
     vertex  1.539830e+02 -9.900347e+01  1.510000e+00
   endloop
 endfacet
 facet normal -9.914449e-01  1.305262e-01  0.000000e+00
   outer loop
     vertex  1.539830e+02 -9.900347e+01  0.000000e+00
     vertex  1.539660e+02 -9.913288e+01  0.000000e+00
     vertex  1.539660e+02 -9.913288e+01  1.510000e+00
   endloop
 endfacet
 facet normal -9.914449e-01 -1.305262e-01  0.000000e+00
   outer loop
     vertex  1.539660e+02 -9.887406e+01  0.000000e+00
     vertex  1.539830e+02 -9.900347e+01  1.510000e+00
     vertex  1.539660e+02 -9.887406e+01  1.510000e+00
   endloop
 endfacet
 facet normal -9.914449e-01 -1.305262e-01  0.000000e+00
   outer loop
     vertex  1.539660e+02 -9.887406e+01  0.000000e+00
     vertex  1.539830e+02 -9.900347e+01  0.000000e+00
     vertex  1.539830e+02 -9.900347e+01  1.510000e+00
   endloop
 endfacet
 facet normal -9.238795e-01 -3.826834e-01  0.000000e+00
   outer loop
     vertex  1.539161e+02 -9.875347e+01  0.000000e+00
     vertex  1.539660e+02 -9.887406e+01  1.510000e+00
     vertex  1.539161e+02 -9.875347e+01  1.510000e+00
   endloop
 endfacet
 facet normal -9.238795e-01 -3.826834e-01  0.000000e+00
   outer loop
     vertex  1.539161e+02 -9.875347e+01  0.000000e+00
     vertex  1.539660e+02 -9.887406e+01  0.000000e+00
     vertex  1.539660e+02 -9.887406e+01  1.510000e+00
   endloop
 endfacet
 facet normal -7.933533e-01 -6.087614e-01  0.000000e+00
   outer loop
     vertex  1.538366e+02 -9.864992e+01  0.000000e+00
     vertex  1.539161e+02 -9.875347e+01  1.510000e+00
     vertex  1.538366e+02 -9.864992e+01  1.510000e+00
   endloop
 endfacet
 facet normal -7.933533e-01 -6.087614e-01  0.000000e+00
   outer loop
     vertex  1.538366e+02 -9.864992e+01  0.000000e+00
     vertex  1.539161e+02 -9.875347e+01  0.000000e+00
     vertex  1.539161e+02 -9.875347e+01  1.510000e+00
   endloop
 endfacet
 facet normal -6.087614e-01 -7.933533e-01  0.000000e+00
   outer loop
     vertex  1.537330e+02 -9.857046e+01  0.000000e+00
     vertex  1.538366e+02 -9.864992e+01  1.510000e+00
     vertex  1.537330e+02 -9.857046e+01  1.510000e+00
   endloop
 endfacet
 facet normal -6.087614e-01 -7.933533e-01  0.000000e+00
   outer loop
     vertex  1.537330e+02 -9.857046e+01  0.000000e+00
     vertex  1.538366e+02 -9.864992e+01  0.000000e+00
     vertex  1.538366e+02 -9.864992e+01  1.510000e+00
   endloop
 endfacet
 facet normal -3.826834e-01 -9.238795e-01  0.000000e+00
   outer loop
     vertex  1.536125e+02 -9.852051e+01  0.000000e+00
     vertex  1.537330e+02 -9.857046e+01  1.510000e+00
     vertex  1.536125e+02 -9.852051e+01  1.510000e+00
   endloop
 endfacet
 facet normal -3.826834e-01 -9.238795e-01  0.000000e+00
   outer loop
     vertex  1.536125e+02 -9.852051e+01  0.000000e+00
     vertex  1.537330e+02 -9.857046e+01  0.000000e+00
     vertex  1.537330e+02 -9.857046e+01  1.510000e+00
   endloop
 endfacet
 facet normal -1.305262e-01 -9.914449e-01  0.000000e+00
   outer loop
     vertex  1.534830e+02 -9.850347e+01  0.000000e+00
     vertex  1.536125e+02 -9.852051e+01  1.510000e+00
     vertex  1.534830e+02 -9.850347e+01  1.510000e+00
   endloop
 endfacet
 facet normal -1.305262e-01 -9.914449e-01  0.000000e+00
   outer loop
     vertex  1.534830e+02 -9.850347e+01  0.000000e+00
     vertex  1.536125e+02 -9.852051e+01  0.000000e+00
     vertex  1.536125e+02 -9.852051e+01  1.510000e+00
   endloop
 endfacet
 facet normal  1.305262e-01 -9.914449e-01  0.000000e+00
   outer loop
     vertex  1.533536e+02 -9.852051e+01  0.000000e+00
     vertex  1.534830e+02 -9.850347e+01  1.510000e+00
     vertex  1.533536e+02 -9.852051e+01  1.510000e+00
   endloop
 endfacet
 facet normal  1.305262e-01 -9.914449e-01  0.000000e+00
   outer loop
     vertex  1.533536e+02 -9.852051e+01  0.000000e+00
     vertex  1.534830e+02 -9.850347e+01  0.000000e+00
     vertex  1.534830e+02 -9.850347e+01  1.510000e+00
   endloop
 endfacet
 facet normal  3.826834e-01 -9.238795e-01  0.000000e+00
   outer loop
     vertex  1.532330e+02 -9.857046e+01  0.000000e+00
     vertex  1.533536e+02 -9.852051e+01  0.000000e+00
     vertex  1.533536e+02 -9.852051e+01  1.510000e+00
   endloop
 endfacet
 facet normal  3.826834e-01 -9.238795e-01  0.000000e+00
   outer loop
     vertex  1.532330e+02 -9.857046e+01  0.000000e+00
     vertex  1.533536e+02 -9.852051e+01  1.510000e+00
     vertex  1.532330e+02 -9.857046e+01  1.510000e+00
   endloop
 endfacet
 facet normal  6.087614e-01 -7.933533e-01  0.000000e+00
   outer loop
     vertex  1.531295e+02 -9.864992e+01  0.000000e+00
     vertex  1.532330e+02 -9.857046e+01  0.000000e+00
     vertex  1.532330e+02 -9.857046e+01  1.510000e+00
   endloop
 endfacet
 facet normal  7.933533e-01 -6.087614e-01  0.000000e+00
   outer loop
     vertex  1.531295e+02 -9.864992e+01  0.000000e+00
     vertex  1.531295e+02 -9.864992e+01  1.510000e+00
     vertex  1.530500e+02 -9.875347e+01  1.510000e+00
   endloop
 endfacet
 facet normal  6.087614e-01 -7.933533e-01  0.000000e+00
   outer loop
     vertex  1.531295e+02 -9.864992e+01  0.000000e+00
     vertex  1.532330e+02 -9.857046e+01  1.510000e+00
     vertex  1.531295e+02 -9.864992e+01  1.510000e+00
   endloop
 endfacet
 facet normal  7.933533e-01 -6.087614e-01  0.000000e+00
   outer loop
     vertex  1.530500e+02 -9.875347e+01  0.000000e+00
     vertex  1.531295e+02 -9.864992e+01  0.000000e+00
     vertex  1.530500e+02 -9.875347e+01  1.510000e+00
   endloop
 endfacet
 facet normal  9.238795e-01 -3.826834e-01  0.000000e+00
   outer loop
     vertex  1.530500e+02 -9.875347e+01  0.000000e+00
     vertex  1.530500e+02 -9.875347e+01  1.510000e+00
     vertex  1.530001e+02 -9.887406e+01  1.510000e+00
   endloop
 endfacet
 facet normal  9.238795e-01 -3.826834e-01  0.000000e+00
   outer loop
     vertex  1.530001e+02 -9.887406e+01  0.000000e+00
     vertex  1.530500e+02 -9.875347e+01  0.000000e+00
     vertex  1.530001e+02 -9.887406e+01  1.510000e+00
   endloop
 endfacet
 facet normal  9.914449e-01 -1.305262e-01  0.000000e+00
   outer loop
     vertex  1.529830e+02 -9.900347e+01  0.000000e+00
     vertex  1.530001e+02 -9.887406e+01  0.000000e+00
     vertex  1.530001e+02 -9.887406e+01  1.510000e+00
   endloop
 endfacet
 facet normal  9.914449e-01 -1.305262e-01  0.000000e+00
   outer loop
     vertex  1.529830e+02 -9.900347e+01  0.000000e+00
     vertex  1.530001e+02 -9.887406e+01  1.510000e+00
     vertex  1.529830e+02 -9.900347e+01  1.510000e+00
   endloop
 endfacet
 facet normal  9.914449e-01  1.305262e-01 -0.000000e+00
   outer loop
     vertex  1.530001e+02 -9.913288e+01  0.000000e+00
     vertex  1.529830e+02 -9.900347e+01  1.510000e+00
     vertex  1.530001e+02 -9.913288e+01  1.510000e+00
   endloop
 endfacet
 facet normal  9.914449e-01  1.305262e-01  0.000000e+00
   outer loop
     vertex  1.530001e+02 -9.913288e+01  0.000000e+00
     vertex  1.529830e+02 -9.900347e+01  0.000000e+00
     vertex  1.529830e+02 -9.900347e+01  1.510000e+00
   endloop
 endfacet
 facet normal  9.238795e-01  3.826834e-01 -0.000000e+00
   outer loop
     vertex  1.530500e+02 -9.925347e+01  0.000000e+00
     vertex  1.530001e+02 -9.913288e+01  1.510000e+00
     vertex  1.530500e+02 -9.925347e+01  1.510000e+00
   endloop
 endfacet
 facet normal  9.238795e-01  3.826834e-01  0.000000e+00
   outer loop
     vertex  1.530500e+02 -9.925347e+01  0.000000e+00
     vertex  1.530001e+02 -9.913288e+01  0.000000e+00
     vertex  1.530001e+02 -9.913288e+01  1.510000e+00
   endloop
 endfacet
 facet normal  6.087614e-01  7.933533e-01 -0.000000e+00
   outer loop
     vertex  1.531295e+02 -9.935702e+01  0.000000e+00
     vertex  1.531295e+02 -9.935702e+01  1.510000e+00
     vertex  1.532330e+02 -9.943648e+01  1.510000e+00
   endloop
 endfacet
 facet normal  7.933533e-01  6.087614e-01 -0.000000e+00
   outer loop
     vertex  1.531295e+02 -9.935702e+01  0.000000e+00
     vertex  1.530500e+02 -9.925347e+01  1.510000e+00
     vertex  1.531295e+02 -9.935702e+01  1.510000e+00
   endloop
 endfacet
 facet normal  7.933533e-01  6.087614e-01  0.000000e+00
   outer loop
     vertex  1.531295e+02 -9.935702e+01  0.000000e+00
     vertex  1.530500e+02 -9.925347e+01  0.000000e+00
     vertex  1.530500e+02 -9.925347e+01  1.510000e+00
   endloop
 endfacet
 facet normal  6.087614e-01  7.933533e-01 -0.000000e+00
   outer loop
     vertex  1.532330e+02 -9.943648e+01  0.000000e+00
     vertex  1.531295e+02 -9.935702e+01  0.000000e+00
     vertex  1.532330e+02 -9.943648e+01  1.510000e+00
   endloop
 endfacet
 facet normal  3.826834e-01  9.238795e-01 -0.000000e+00
   outer loop
     vertex  1.533536e+02 -9.948643e+01  0.000000e+00
     vertex  1.532330e+02 -9.943648e+01  1.510000e+00
     vertex  1.533536e+02 -9.948643e+01  1.510000e+00
   endloop
 endfacet
 facet normal  3.826834e-01  9.238795e-01  0.000000e+00
   outer loop
     vertex  1.533536e+02 -9.948643e+01  0.000000e+00
     vertex  1.532330e+02 -9.943648e+01  0.000000e+00
     vertex  1.532330e+02 -9.943648e+01  1.510000e+00
   endloop
 endfacet
 facet normal  1.305262e-01  9.914449e-01 -0.000000e+00
   outer loop
     vertex  1.534830e+02 -9.950347e+01  0.000000e+00
     vertex  1.533536e+02 -9.948643e+01  1.510000e+00
     vertex  1.534830e+02 -9.950347e+01  1.510000e+00
   endloop
 endfacet
 facet normal  1.305262e-01  9.914449e-01  0.000000e+00
   outer loop
     vertex  1.534830e+02 -9.950347e+01  0.000000e+00
     vertex  1.533536e+02 -9.948643e+01  0.000000e+00
     vertex  1.533536e+02 -9.948643e+01  1.510000e+00
   endloop
 endfacet
 facet normal -1.305262e-01  9.914449e-01  0.000000e+00
   outer loop
     vertex  1.346075e+02 -8.148984e+01  0.000000e+00
     vertex  1.345040e+02 -8.150347e+01  0.000000e+00
     vertex  1.345040e+02 -8.150347e+01  1.510000e+00
   endloop
 endfacet
 facet normal -1.305262e-01  9.914449e-01  0.000000e+00
   outer loop
     vertex  1.346075e+02 -8.148984e+01  0.000000e+00
     vertex  1.345040e+02 -8.150347e+01  1.510000e+00
     vertex  1.346075e+02 -8.148984e+01  1.510000e+00
   endloop
 endfacet
 facet normal -3.826834e-01  9.238795e-01  0.000000e+00
   outer loop
     vertex  1.347040e+02 -8.144988e+01  0.000000e+00
     vertex  1.346075e+02 -8.148984e+01  1.510000e+00
     vertex  1.347040e+02 -8.144988e+01  1.510000e+00
   endloop
 endfacet
 facet normal -3.826834e-01  9.238795e-01  0.000000e+00
   outer loop
     vertex  1.347040e+02 -8.144988e+01  0.000000e+00
     vertex  1.346075e+02 -8.148984e+01  0.000000e+00
     vertex  1.346075e+02 -8.148984e+01  1.510000e+00
   endloop
 endfacet
 facet normal -6.087614e-01  7.933533e-01  0.000000e+00
   outer loop
     vertex  1.347868e+02 -8.138631e+01  0.000000e+00
     vertex  1.347040e+02 -8.144988e+01  1.510000e+00
     vertex  1.347868e+02 -8.138631e+01  1.510000e+00
   endloop
 endfacet
 facet normal -6.087614e-01  7.933533e-01  0.000000e+00
   outer loop
     vertex  1.347868e+02 -8.138631e+01  0.000000e+00
     vertex  1.347040e+02 -8.144988e+01  0.000000e+00
     vertex  1.347040e+02 -8.144988e+01  1.510000e+00
   endloop
 endfacet
 facet normal -7.933533e-01  6.087614e-01  0.000000e+00
   outer loop
     vertex  1.348504e+02 -8.130347e+01  0.000000e+00
     vertex  1.347868e+02 -8.138631e+01  1.510000e+00
     vertex  1.348504e+02 -8.130347e+01  1.510000e+00
   endloop
 endfacet
 facet normal -7.933533e-01  6.087614e-01  0.000000e+00
   outer loop
     vertex  1.348504e+02 -8.130347e+01  0.000000e+00
     vertex  1.347868e+02 -8.138631e+01  0.000000e+00
     vertex  1.347868e+02 -8.138631e+01  1.510000e+00
   endloop
 endfacet
 facet normal -9.238795e-01  3.826834e-01  0.000000e+00
   outer loop
     vertex  1.348904e+02 -8.120700e+01  0.000000e+00
     vertex  1.348504e+02 -8.130347e+01  1.510000e+00
     vertex  1.348904e+02 -8.120700e+01  1.510000e+00
   endloop
 endfacet
 facet normal -9.238795e-01  3.826834e-01  0.000000e+00
   outer loop
     vertex  1.348904e+02 -8.120700e+01  0.000000e+00
     vertex  1.348504e+02 -8.130347e+01  0.000000e+00
     vertex  1.348504e+02 -8.130347e+01  1.510000e+00
   endloop
 endfacet
 facet normal -9.914449e-01  1.305262e-01  0.000000e+00
   outer loop
     vertex  1.349040e+02 -8.110347e+01  0.000000e+00
     vertex  1.348904e+02 -8.120700e+01  1.510000e+00
     vertex  1.349040e+02 -8.110347e+01  1.510000e+00
   endloop
 endfacet
 facet normal -9.914449e-01  1.305262e-01  0.000000e+00
   outer loop
     vertex  1.349040e+02 -8.110347e+01  0.000000e+00
     vertex  1.348904e+02 -8.120700e+01  0.000000e+00
     vertex  1.348904e+02 -8.120700e+01  1.510000e+00
   endloop
 endfacet
 facet normal -9.914449e-01 -1.305262e-01  0.000000e+00
   outer loop
     vertex  1.348904e+02 -8.099994e+01  0.000000e+00
     vertex  1.349040e+02 -8.110347e+01  1.510000e+00
     vertex  1.348904e+02 -8.099994e+01  1.510000e+00
   endloop
 endfacet
 facet normal -9.914449e-01 -1.305262e-01  0.000000e+00
   outer loop
     vertex  1.348904e+02 -8.099994e+01  0.000000e+00
     vertex  1.349040e+02 -8.110347e+01  0.000000e+00
     vertex  1.349040e+02 -8.110347e+01  1.510000e+00
   endloop
 endfacet
 facet normal -9.238795e-01 -3.826834e-01  0.000000e+00
   outer loop
     vertex  1.348504e+02 -8.090347e+01  0.000000e+00
     vertex  1.348904e+02 -8.099994e+01  1.510000e+00
     vertex  1.348504e+02 -8.090347e+01  1.510000e+00
   endloop
 endfacet
 facet normal -9.238795e-01 -3.826834e-01  0.000000e+00
   outer loop
     vertex  1.348504e+02 -8.090347e+01  0.000000e+00
     vertex  1.348904e+02 -8.099994e+01  0.000000e+00
     vertex  1.348904e+02 -8.099994e+01  1.510000e+00
   endloop
 endfacet
 facet normal -7.933533e-01 -6.087614e-01  0.000000e+00
   outer loop
     vertex  1.347868e+02 -8.082063e+01  0.000000e+00
     vertex  1.348504e+02 -8.090347e+01  1.510000e+00
     vertex  1.347868e+02 -8.082063e+01  1.510000e+00
   endloop
 endfacet
 facet normal -7.933533e-01 -6.087614e-01  0.000000e+00
   outer loop
     vertex  1.347868e+02 -8.082063e+01  0.000000e+00
     vertex  1.348504e+02 -8.090347e+01  0.000000e+00
     vertex  1.348504e+02 -8.090347e+01  1.510000e+00
   endloop
 endfacet
 facet normal -6.087614e-01 -7.933533e-01  0.000000e+00
   outer loop
     vertex  1.347040e+02 -8.075706e+01  0.000000e+00
     vertex  1.347868e+02 -8.082063e+01  1.510000e+00
     vertex  1.347040e+02 -8.075706e+01  1.510000e+00
   endloop
 endfacet
 facet normal -6.087614e-01 -7.933533e-01  0.000000e+00
   outer loop
     vertex  1.347040e+02 -8.075706e+01  0.000000e+00
     vertex  1.347868e+02 -8.082063e+01  0.000000e+00
     vertex  1.347868e+02 -8.082063e+01  1.510000e+00
   endloop
 endfacet
 facet normal -3.826834e-01 -9.238795e-01  0.000000e+00
   outer loop
     vertex  1.346075e+02 -8.071710e+01  0.000000e+00
     vertex  1.347040e+02 -8.075706e+01  1.510000e+00
     vertex  1.346075e+02 -8.071710e+01  1.510000e+00
   endloop
 endfacet
 facet normal -3.826834e-01 -9.238795e-01  0.000000e+00
   outer loop
     vertex  1.346075e+02 -8.071710e+01  0.000000e+00
     vertex  1.347040e+02 -8.075706e+01  0.000000e+00
     vertex  1.347040e+02 -8.075706e+01  1.510000e+00
   endloop
 endfacet
 facet normal -1.305262e-01 -9.914449e-01  0.000000e+00
   outer loop
     vertex  1.345040e+02 -8.070347e+01  0.000000e+00
     vertex  1.346075e+02 -8.071710e+01  1.510000e+00
     vertex  1.345040e+02 -8.070347e+01  1.510000e+00
   endloop
 endfacet
 facet normal -1.305262e-01 -9.914449e-01  0.000000e+00
   outer loop
     vertex  1.345040e+02 -8.070347e+01  0.000000e+00
     vertex  1.346075e+02 -8.071710e+01  0.000000e+00
     vertex  1.346075e+02 -8.071710e+01  1.510000e+00
   endloop
 endfacet
 facet normal  1.305262e-01 -9.914449e-01  0.000000e+00
   outer loop
     vertex  1.344005e+02 -8.071710e+01  0.000000e+00
     vertex  1.345040e+02 -8.070347e+01  1.510000e+00
     vertex  1.344005e+02 -8.071710e+01  1.510000e+00
   endloop
 endfacet
 facet normal  1.305262e-01 -9.914449e-01  0.000000e+00
   outer loop
     vertex  1.344005e+02 -8.071710e+01  0.000000e+00
     vertex  1.345040e+02 -8.070347e+01  0.000000e+00
     vertex  1.345040e+02 -8.070347e+01  1.510000e+00
   endloop
 endfacet
 facet normal  3.826834e-01 -9.238795e-01  0.000000e+00
   outer loop
     vertex  1.343040e+02 -8.075706e+01  0.000000e+00
     vertex  1.344005e+02 -8.071710e+01  0.000000e+00
     vertex  1.344005e+02 -8.071710e+01  1.510000e+00
   endloop
 endfacet
 facet normal  3.826834e-01 -9.238795e-01  0.000000e+00
   outer loop
     vertex  1.343040e+02 -8.075706e+01  0.000000e+00
     vertex  1.344005e+02 -8.071710e+01  1.510000e+00
     vertex  1.343040e+02 -8.075706e+01  1.510000e+00
   endloop
 endfacet
 facet normal  6.087614e-01 -7.933533e-01  0.000000e+00
   outer loop
     vertex  1.342212e+02 -8.082063e+01  0.000000e+00
     vertex  1.343040e+02 -8.075706e+01  0.000000e+00
     vertex  1.343040e+02 -8.075706e+01  1.510000e+00
   endloop
 endfacet
 facet normal  7.933533e-01 -6.087614e-01  0.000000e+00
   outer loop
     vertex  1.342212e+02 -8.082063e+01  0.000000e+00
     vertex  1.342212e+02 -8.082063e+01  1.510000e+00
     vertex  1.341576e+02 -8.090347e+01  1.510000e+00
   endloop
 endfacet
 facet normal  6.087614e-01 -7.933533e-01  0.000000e+00
   outer loop
     vertex  1.342212e+02 -8.082063e+01  0.000000e+00
     vertex  1.343040e+02 -8.075706e+01  1.510000e+00
     vertex  1.342212e+02 -8.082063e+01  1.510000e+00
   endloop
 endfacet
 facet normal  7.933533e-01 -6.087614e-01  0.000000e+00
   outer loop
     vertex  1.341576e+02 -8.090347e+01  0.000000e+00
     vertex  1.342212e+02 -8.082063e+01  0.000000e+00
     vertex  1.341576e+02 -8.090347e+01  1.510000e+00
   endloop
 endfacet
 facet normal  9.238795e-01 -3.826834e-01  0.000000e+00
   outer loop
     vertex  1.341576e+02 -8.090347e+01  0.000000e+00
     vertex  1.341576e+02 -8.090347e+01  1.510000e+00
     vertex  1.341176e+02 -8.099994e+01  1.510000e+00
   endloop
 endfacet
 facet normal  9.238795e-01 -3.826834e-01  0.000000e+00
   outer loop
     vertex  1.341176e+02 -8.099994e+01  0.000000e+00
     vertex  1.341576e+02 -8.090347e+01  0.000000e+00
     vertex  1.341176e+02 -8.099994e+01  1.510000e+00
   endloop
 endfacet
 facet normal  9.914449e-01 -1.305262e-01  0.000000e+00
   outer loop
     vertex  1.341040e+02 -8.110347e+01  0.000000e+00
     vertex  1.341176e+02 -8.099994e+01  0.000000e+00
     vertex  1.341176e+02 -8.099994e+01  1.510000e+00
   endloop
 endfacet
 facet normal  9.914449e-01 -1.305262e-01  0.000000e+00
   outer loop
     vertex  1.341040e+02 -8.110347e+01  0.000000e+00
     vertex  1.341176e+02 -8.099994e+01  1.510000e+00
     vertex  1.341040e+02 -8.110347e+01  1.510000e+00
   endloop
 endfacet
 facet normal  9.914449e-01  1.305262e-01 -0.000000e+00
   outer loop
     vertex  1.341176e+02 -8.120700e+01  0.000000e+00
     vertex  1.341040e+02 -8.110347e+01  1.510000e+00
     vertex  1.341176e+02 -8.120700e+01  1.510000e+00
   endloop
 endfacet
 facet normal  9.914449e-01  1.305262e-01  0.000000e+00
   outer loop
     vertex  1.341176e+02 -8.120700e+01  0.000000e+00
     vertex  1.341040e+02 -8.110347e+01  0.000000e+00
     vertex  1.341040e+02 -8.110347e+01  1.510000e+00
   endloop
 endfacet
 facet normal  9.238795e-01  3.826834e-01 -0.000000e+00
   outer loop
     vertex  1.341576e+02 -8.130347e+01  0.000000e+00
     vertex  1.341176e+02 -8.120700e+01  1.510000e+00
     vertex  1.341576e+02 -8.130347e+01  1.510000e+00
   endloop
 endfacet
 facet normal  9.238795e-01  3.826834e-01  0.000000e+00
   outer loop
     vertex  1.341576e+02 -8.130347e+01  0.000000e+00
     vertex  1.341176e+02 -8.120700e+01  0.000000e+00
     vertex  1.341176e+02 -8.120700e+01  1.510000e+00
   endloop
 endfacet
 facet normal  6.087614e-01  7.933533e-01 -0.000000e+00
   outer loop
     vertex  1.342212e+02 -8.138631e+01  0.000000e+00
     vertex  1.342212e+02 -8.138631e+01  1.510000e+00
     vertex  1.343040e+02 -8.144988e+01  1.510000e+00
   endloop
 endfacet
 facet normal  7.933533e-01  6.087614e-01 -0.000000e+00
   outer loop
     vertex  1.342212e+02 -8.138631e+01  0.000000e+00
     vertex  1.341576e+02 -8.130347e+01  1.510000e+00
     vertex  1.342212e+02 -8.138631e+01  1.510000e+00
   endloop
 endfacet
 facet normal  7.933533e-01  6.087614e-01  0.000000e+00
   outer loop
     vertex  1.342212e+02 -8.138631e+01  0.000000e+00
     vertex  1.341576e+02 -8.130347e+01  0.000000e+00
     vertex  1.341576e+02 -8.130347e+01  1.510000e+00
   endloop
 endfacet
 facet normal  6.087614e-01  7.933533e-01 -0.000000e+00
   outer loop
     vertex  1.343040e+02 -8.144988e+01  0.000000e+00
     vertex  1.342212e+02 -8.138631e+01  0.000000e+00
     vertex  1.343040e+02 -8.144988e+01  1.510000e+00
   endloop
 endfacet
 facet normal  3.826834e-01  9.238795e-01 -0.000000e+00
   outer loop
     vertex  1.344005e+02 -8.148984e+01  0.000000e+00
     vertex  1.343040e+02 -8.144988e+01  1.510000e+00
     vertex  1.344005e+02 -8.148984e+01  1.510000e+00
   endloop
 endfacet
 facet normal  3.826834e-01  9.238795e-01  0.000000e+00
   outer loop
     vertex  1.344005e+02 -8.148984e+01  0.000000e+00
     vertex  1.343040e+02 -8.144988e+01  0.000000e+00
     vertex  1.343040e+02 -8.144988e+01  1.510000e+00
   endloop
 endfacet
 facet normal  1.305262e-01  9.914449e-01 -0.000000e+00
   outer loop
     vertex  1.345040e+02 -8.150347e+01  0.000000e+00
     vertex  1.344005e+02 -8.148984e+01  1.510000e+00
     vertex  1.345040e+02 -8.150347e+01  1.510000e+00
   endloop
 endfacet
 facet normal  1.305262e-01  9.914449e-01  0.000000e+00
   outer loop
     vertex  1.345040e+02 -8.150347e+01  0.000000e+00
     vertex  1.344005e+02 -8.148984e+01  0.000000e+00
     vertex  1.344005e+02 -8.148984e+01  1.510000e+00
   endloop
 endfacet
 facet normal -1.305262e-01  9.914449e-01  0.000000e+00
   outer loop
     vertex  1.384075e+02 -8.148984e+01  0.000000e+00
     vertex  1.383040e+02 -8.150347e+01  0.000000e+00
     vertex  1.383040e+02 -8.150347e+01  1.510000e+00
   endloop
 endfacet
 facet normal -1.305262e-01  9.914449e-01  0.000000e+00
   outer loop
     vertex  1.384075e+02 -8.148984e+01  0.000000e+00
     vertex  1.383040e+02 -8.150347e+01  1.510000e+00
     vertex  1.384075e+02 -8.148984e+01  1.510000e+00
   endloop
 endfacet
 facet normal -3.826834e-01  9.238795e-01  0.000000e+00
   outer loop
     vertex  1.385040e+02 -8.144988e+01  0.000000e+00
     vertex  1.384075e+02 -8.148984e+01  1.510000e+00
     vertex  1.385040e+02 -8.144988e+01  1.510000e+00
   endloop
 endfacet
 facet normal -3.826834e-01  9.238795e-01  0.000000e+00
   outer loop
     vertex  1.385040e+02 -8.144988e+01  0.000000e+00
     vertex  1.384075e+02 -8.148984e+01  0.000000e+00
     vertex  1.384075e+02 -8.148984e+01  1.510000e+00
   endloop
 endfacet
 facet normal -6.087614e-01  7.933533e-01  0.000000e+00
   outer loop
     vertex  1.385868e+02 -8.138631e+01  0.000000e+00
     vertex  1.385040e+02 -8.144988e+01  1.510000e+00
     vertex  1.385868e+02 -8.138631e+01  1.510000e+00
   endloop
 endfacet
 facet normal -6.087614e-01  7.933533e-01  0.000000e+00
   outer loop
     vertex  1.385868e+02 -8.138631e+01  0.000000e+00
     vertex  1.385040e+02 -8.144988e+01  0.000000e+00
     vertex  1.385040e+02 -8.144988e+01  1.510000e+00
   endloop
 endfacet
 facet normal -7.933533e-01  6.087614e-01  0.000000e+00
   outer loop
     vertex  1.386504e+02 -8.130347e+01  0.000000e+00
     vertex  1.385868e+02 -8.138631e+01  1.510000e+00
     vertex  1.386504e+02 -8.130347e+01  1.510000e+00
   endloop
 endfacet
 facet normal -7.933533e-01  6.087614e-01  0.000000e+00
   outer loop
     vertex  1.386504e+02 -8.130347e+01  0.000000e+00
     vertex  1.385868e+02 -8.138631e+01  0.000000e+00
     vertex  1.385868e+02 -8.138631e+01  1.510000e+00
   endloop
 endfacet
 facet normal -9.238795e-01  3.826834e-01  0.000000e+00
   outer loop
     vertex  1.386904e+02 -8.120700e+01  0.000000e+00
     vertex  1.386504e+02 -8.130347e+01  1.510000e+00
     vertex  1.386904e+02 -8.120700e+01  1.510000e+00
   endloop
 endfacet
 facet normal -9.238795e-01  3.826834e-01  0.000000e+00
   outer loop
     vertex  1.386904e+02 -8.120700e+01  0.000000e+00
     vertex  1.386504e+02 -8.130347e+01  0.000000e+00
     vertex  1.386504e+02 -8.130347e+01  1.510000e+00
   endloop
 endfacet
 facet normal -9.914449e-01  1.305262e-01  0.000000e+00
   outer loop
     vertex  1.387040e+02 -8.110347e+01  0.000000e+00
     vertex  1.386904e+02 -8.120700e+01  1.510000e+00
     vertex  1.387040e+02 -8.110347e+01  1.510000e+00
   endloop
 endfacet
 facet normal -9.914449e-01  1.305262e-01  0.000000e+00
   outer loop
     vertex  1.387040e+02 -8.110347e+01  0.000000e+00
     vertex  1.386904e+02 -8.120700e+01  0.000000e+00
     vertex  1.386904e+02 -8.120700e+01  1.510000e+00
   endloop
 endfacet
 facet normal -9.914449e-01 -1.305262e-01  0.000000e+00
   outer loop
     vertex  1.386904e+02 -8.099994e+01  0.000000e+00
     vertex  1.387040e+02 -8.110347e+01  1.510000e+00
     vertex  1.386904e+02 -8.099994e+01  1.510000e+00
   endloop
 endfacet
 facet normal -9.914449e-01 -1.305262e-01  0.000000e+00
   outer loop
     vertex  1.386904e+02 -8.099994e+01  0.000000e+00
     vertex  1.387040e+02 -8.110347e+01  0.000000e+00
     vertex  1.387040e+02 -8.110347e+01  1.510000e+00
   endloop
 endfacet
 facet normal -9.238795e-01 -3.826834e-01  0.000000e+00
   outer loop
     vertex  1.386504e+02 -8.090347e+01  0.000000e+00
     vertex  1.386904e+02 -8.099994e+01  1.510000e+00
     vertex  1.386504e+02 -8.090347e+01  1.510000e+00
   endloop
 endfacet
 facet normal -9.238795e-01 -3.826834e-01  0.000000e+00
   outer loop
     vertex  1.386504e+02 -8.090347e+01  0.000000e+00
     vertex  1.386904e+02 -8.099994e+01  0.000000e+00
     vertex  1.386904e+02 -8.099994e+01  1.510000e+00
   endloop
 endfacet
 facet normal -7.933533e-01 -6.087614e-01  0.000000e+00
   outer loop
     vertex  1.385868e+02 -8.082063e+01  0.000000e+00
     vertex  1.386504e+02 -8.090347e+01  1.510000e+00
     vertex  1.385868e+02 -8.082063e+01  1.510000e+00
   endloop
 endfacet
 facet normal -7.933533e-01 -6.087614e-01  0.000000e+00
   outer loop
     vertex  1.385868e+02 -8.082063e+01  0.000000e+00
     vertex  1.386504e+02 -8.090347e+01  0.000000e+00
     vertex  1.386504e+02 -8.090347e+01  1.510000e+00
   endloop
 endfacet
 facet normal -6.087614e-01 -7.933533e-01  0.000000e+00
   outer loop
     vertex  1.385040e+02 -8.075706e+01  0.000000e+00
     vertex  1.385868e+02 -8.082063e+01  1.510000e+00
     vertex  1.385040e+02 -8.075706e+01  1.510000e+00
   endloop
 endfacet
 facet normal -6.087614e-01 -7.933533e-01  0.000000e+00
   outer loop
     vertex  1.385040e+02 -8.075706e+01  0.000000e+00
     vertex  1.385868e+02 -8.082063e+01  0.000000e+00
     vertex  1.385868e+02 -8.082063e+01  1.510000e+00
   endloop
 endfacet
 facet normal -3.826834e-01 -9.238795e-01  0.000000e+00
   outer loop
     vertex  1.384075e+02 -8.071710e+01  0.000000e+00
     vertex  1.385040e+02 -8.075706e+01  1.510000e+00
     vertex  1.384075e+02 -8.071710e+01  1.510000e+00
   endloop
 endfacet
 facet normal -3.826834e-01 -9.238795e-01  0.000000e+00
   outer loop
     vertex  1.384075e+02 -8.071710e+01  0.000000e+00
     vertex  1.385040e+02 -8.075706e+01  0.000000e+00
     vertex  1.385040e+02 -8.075706e+01  1.510000e+00
   endloop
 endfacet
 facet normal -1.305262e-01 -9.914449e-01  0.000000e+00
   outer loop
     vertex  1.383040e+02 -8.070347e+01  0.000000e+00
     vertex  1.384075e+02 -8.071710e+01  1.510000e+00
     vertex  1.383040e+02 -8.070347e+01  1.510000e+00
   endloop
 endfacet
 facet normal -1.305262e-01 -9.914449e-01  0.000000e+00
   outer loop
     vertex  1.383040e+02 -8.070347e+01  0.000000e+00
     vertex  1.384075e+02 -8.071710e+01  0.000000e+00
     vertex  1.384075e+02 -8.071710e+01  1.510000e+00
   endloop
 endfacet
 facet normal  1.305262e-01 -9.914449e-01  0.000000e+00
   outer loop
     vertex  1.382005e+02 -8.071710e+01  0.000000e+00
     vertex  1.383040e+02 -8.070347e+01  1.510000e+00
     vertex  1.382005e+02 -8.071710e+01  1.510000e+00
   endloop
 endfacet
 facet normal  1.305262e-01 -9.914449e-01  0.000000e+00
   outer loop
     vertex  1.382005e+02 -8.071710e+01  0.000000e+00
     vertex  1.383040e+02 -8.070347e+01  0.000000e+00
     vertex  1.383040e+02 -8.070347e+01  1.510000e+00
   endloop
 endfacet
 facet normal  3.826834e-01 -9.238795e-01  0.000000e+00
   outer loop
     vertex  1.381040e+02 -8.075706e+01  0.000000e+00
     vertex  1.382005e+02 -8.071710e+01  0.000000e+00
     vertex  1.382005e+02 -8.071710e+01  1.510000e+00
   endloop
 endfacet
 facet normal  3.826834e-01 -9.238795e-01  0.000000e+00
   outer loop
     vertex  1.381040e+02 -8.075706e+01  0.000000e+00
     vertex  1.382005e+02 -8.071710e+01  1.510000e+00
     vertex  1.381040e+02 -8.075706e+01  1.510000e+00
   endloop
 endfacet
 facet normal  6.087614e-01 -7.933533e-01  0.000000e+00
   outer loop
     vertex  1.380212e+02 -8.082063e+01  0.000000e+00
     vertex  1.381040e+02 -8.075706e+01  0.000000e+00
     vertex  1.381040e+02 -8.075706e+01  1.510000e+00
   endloop
 endfacet
 facet normal  7.933533e-01 -6.087614e-01  0.000000e+00
   outer loop
     vertex  1.380212e+02 -8.082063e+01  0.000000e+00
     vertex  1.380212e+02 -8.082063e+01  1.510000e+00
     vertex  1.379576e+02 -8.090347e+01  1.510000e+00
   endloop
 endfacet
 facet normal  6.087614e-01 -7.933533e-01  0.000000e+00
   outer loop
     vertex  1.380212e+02 -8.082063e+01  0.000000e+00
     vertex  1.381040e+02 -8.075706e+01  1.510000e+00
     vertex  1.380212e+02 -8.082063e+01  1.510000e+00
   endloop
 endfacet
 facet normal  7.933533e-01 -6.087614e-01  0.000000e+00
   outer loop
     vertex  1.379576e+02 -8.090347e+01  0.000000e+00
     vertex  1.380212e+02 -8.082063e+01  0.000000e+00
     vertex  1.379576e+02 -8.090347e+01  1.510000e+00
   endloop
 endfacet
 facet normal  9.238795e-01 -3.826834e-01  0.000000e+00
   outer loop
     vertex  1.379576e+02 -8.090347e+01  0.000000e+00
     vertex  1.379576e+02 -8.090347e+01  1.510000e+00
     vertex  1.379176e+02 -8.099994e+01  1.510000e+00
   endloop
 endfacet
 facet normal  9.238795e-01 -3.826834e-01  0.000000e+00
   outer loop
     vertex  1.379176e+02 -8.099994e+01  0.000000e+00
     vertex  1.379576e+02 -8.090347e+01  0.000000e+00
     vertex  1.379176e+02 -8.099994e+01  1.510000e+00
   endloop
 endfacet
 facet normal  9.914449e-01 -1.305262e-01  0.000000e+00
   outer loop
     vertex  1.379040e+02 -8.110347e+01  0.000000e+00
     vertex  1.379176e+02 -8.099994e+01  0.000000e+00
     vertex  1.379176e+02 -8.099994e+01  1.510000e+00
   endloop
 endfacet
 facet normal  9.914449e-01 -1.305262e-01  0.000000e+00
   outer loop
     vertex  1.379040e+02 -8.110347e+01  0.000000e+00
     vertex  1.379176e+02 -8.099994e+01  1.510000e+00
     vertex  1.379040e+02 -8.110347e+01  1.510000e+00
   endloop
 endfacet
 facet normal  9.914449e-01  1.305262e-01 -0.000000e+00
   outer loop
     vertex  1.379176e+02 -8.120700e+01  0.000000e+00
     vertex  1.379040e+02 -8.110347e+01  1.510000e+00
     vertex  1.379176e+02 -8.120700e+01  1.510000e+00
   endloop
 endfacet
 facet normal  9.914449e-01  1.305262e-01  0.000000e+00
   outer loop
     vertex  1.379176e+02 -8.120700e+01  0.000000e+00
     vertex  1.379040e+02 -8.110347e+01  0.000000e+00
     vertex  1.379040e+02 -8.110347e+01  1.510000e+00
   endloop
 endfacet
 facet normal  9.238795e-01  3.826834e-01 -0.000000e+00
   outer loop
     vertex  1.379576e+02 -8.130347e+01  0.000000e+00
     vertex  1.379176e+02 -8.120700e+01  1.510000e+00
     vertex  1.379576e+02 -8.130347e+01  1.510000e+00
   endloop
 endfacet
 facet normal  9.238795e-01  3.826834e-01  0.000000e+00
   outer loop
     vertex  1.379576e+02 -8.130347e+01  0.000000e+00
     vertex  1.379176e+02 -8.120700e+01  0.000000e+00
     vertex  1.379176e+02 -8.120700e+01  1.510000e+00
   endloop
 endfacet
 facet normal  6.087614e-01  7.933533e-01 -0.000000e+00
   outer loop
     vertex  1.380212e+02 -8.138631e+01  0.000000e+00
     vertex  1.380212e+02 -8.138631e+01  1.510000e+00
     vertex  1.381040e+02 -8.144988e+01  1.510000e+00
   endloop
 endfacet
 facet normal  7.933533e-01  6.087614e-01 -0.000000e+00
   outer loop
     vertex  1.380212e+02 -8.138631e+01  0.000000e+00
     vertex  1.379576e+02 -8.130347e+01  1.510000e+00
     vertex  1.380212e+02 -8.138631e+01  1.510000e+00
   endloop
 endfacet
 facet normal  7.933533e-01  6.087614e-01  0.000000e+00
   outer loop
     vertex  1.380212e+02 -8.138631e+01  0.000000e+00
     vertex  1.379576e+02 -8.130347e+01  0.000000e+00
     vertex  1.379576e+02 -8.130347e+01  1.510000e+00
   endloop
 endfacet
 facet normal  6.087614e-01  7.933533e-01 -0.000000e+00
   outer loop
     vertex  1.381040e+02 -8.144988e+01  0.000000e+00
     vertex  1.380212e+02 -8.138631e+01  0.000000e+00
     vertex  1.381040e+02 -8.144988e+01  1.510000e+00
   endloop
 endfacet
 facet normal  3.826834e-01  9.238795e-01 -0.000000e+00
   outer loop
     vertex  1.382005e+02 -8.148984e+01  0.000000e+00
     vertex  1.381040e+02 -8.144988e+01  1.510000e+00
     vertex  1.382005e+02 -8.148984e+01  1.510000e+00
   endloop
 endfacet
 facet normal  3.826834e-01  9.238795e-01  0.000000e+00
   outer loop
     vertex  1.382005e+02 -8.148984e+01  0.000000e+00
     vertex  1.381040e+02 -8.144988e+01  0.000000e+00
     vertex  1.381040e+02 -8.144988e+01  1.510000e+00
   endloop
 endfacet
 facet normal  1.305262e-01  9.914449e-01 -0.000000e+00
   outer loop
     vertex  1.383040e+02 -8.150347e+01  0.000000e+00
     vertex  1.382005e+02 -8.148984e+01  1.510000e+00
     vertex  1.383040e+02 -8.150347e+01  1.510000e+00
   endloop
 endfacet
 facet normal  1.305262e-01  9.914449e-01  0.000000e+00
   outer loop
     vertex  1.383040e+02 -8.150347e+01  0.000000e+00
     vertex  1.382005e+02 -8.148984e+01  0.000000e+00
     vertex  1.382005e+02 -8.148984e+01  1.510000e+00
   endloop
 endfacet
 facet normal  1.000000e+00  0.000000e+00  0.000000e+00
   outer loop
     vertex  1.327404e+02 -7.222825e+01  0.000000e+00
     vertex  1.327404e+02 -6.603289e+01  0.000000e+00
     vertex  1.327404e+02 -6.603289e+01  1.510000e+00
   endloop
 endfacet
 facet normal  1.000000e+00  0.000000e+00  0.000000e+00
   outer loop
     vertex  1.327404e+02 -7.222825e+01  0.000000e+00
     vertex  1.327404e+02 -6.603289e+01  1.510000e+00
     vertex  1.327404e+02 -7.222825e+01  1.510000e+00
   endloop
 endfacet
 facet normal  6.910844e-01 -7.227741e-01  0.000000e+00
   outer loop
     vertex  1.327404e+02 -6.603289e+01  0.000000e+00
     vertex  1.353894e+02 -6.350000e+01  0.000000e+00
     vertex  1.353894e+02 -6.350000e+01  1.510000e+00
   endloop
 endfacet
 facet normal  6.910844e-01 -7.227741e-01  0.000000e+00
   outer loop
     vertex  1.327404e+02 -6.603289e+01  0.000000e+00
     vertex  1.353894e+02 -6.350000e+01  1.510000e+00
     vertex  1.327404e+02 -6.603289e+01  1.510000e+00
   endloop
 endfacet
 facet normal  7.071026e-01  7.071109e-01  0.000000e+00
   outer loop
     vertex  1.339352e+02 -7.342308e+01  0.000000e+00
     vertex  1.327404e+02 -7.222825e+01  0.000000e+00
     vertex  1.327404e+02 -7.222825e+01  1.510000e+00
   endloop
 endfacet
 facet normal  7.071026e-01  7.071109e-01 -0.000000e+00
   outer loop
     vertex  1.339352e+02 -7.342308e+01  0.000000e+00
     vertex  1.327404e+02 -7.222825e+01  1.510000e+00
     vertex  1.339352e+02 -7.342308e+01  1.510000e+00
   endloop
 endfacet
 facet normal  0.000000e+00 -1.000000e+00  0.000000e+00
   outer loop
     vertex  1.353894e+02 -6.350000e+01  0.000000e+00
     vertex  1.414070e+02 -6.350000e+01  0.000000e+00
     vertex  1.414070e+02 -6.350000e+01  1.510000e+00
   endloop
 endfacet
 facet normal  0.000000e+00 -1.000000e+00  0.000000e+00
   outer loop
     vertex  1.353894e+02 -6.350000e+01  0.000000e+00
     vertex  1.414070e+02 -6.350000e+01  1.510000e+00
     vertex  1.353894e+02 -6.350000e+01  1.510000e+00
   endloop
 endfacet
 facet normal  0.000000e+00  1.000000e+00  0.000000e+00
   outer loop
     vertex  1.350298e+02 -7.342308e+01  0.000000e+00
     vertex  1.339352e+02 -7.342308e+01  0.000000e+00
     vertex  1.339352e+02 -7.342308e+01  1.510000e+00
   endloop
 endfacet
 facet normal  0.000000e+00  1.000000e+00 -0.000000e+00
   outer loop
     vertex  1.350298e+02 -7.342308e+01  0.000000e+00
     vertex  1.339352e+02 -7.342308e+01  1.510000e+00
     vertex  1.350298e+02 -7.342308e+01  1.510000e+00
   endloop
 endfacet
 facet normal -6.783542e-01 -7.347350e-01  0.000000e+00
   outer loop
     vertex  1.414070e+02 -6.350000e+01  0.000000e+00
     vertex  1.426816e+02 -6.467674e+01  0.000000e+00
     vertex  1.426816e+02 -6.467674e+01  1.510000e+00
   endloop
 endfacet
 facet normal -6.783542e-01 -7.347350e-01  0.000000e+00
   outer loop
     vertex  1.414070e+02 -6.350000e+01  0.000000e+00
     vertex  1.426816e+02 -6.467674e+01  1.510000e+00
     vertex  1.414070e+02 -6.350000e+01  1.510000e+00
   endloop
 endfacet
 facet normal -7.071070e-01  7.071066e-01  0.000000e+00
   outer loop
     vertex  1.426816e+02 -6.577126e+01  0.000000e+00
     vertex  1.350298e+02 -7.342308e+01  0.000000e+00
     vertex  1.350298e+02 -7.342308e+01  1.510000e+00
   endloop
 endfacet
 facet normal -7.071070e-01  7.071066e-01  0.000000e+00
   outer loop
     vertex  1.426816e+02 -6.577126e+01  0.000000e+00
     vertex  1.350298e+02 -7.342308e+01  1.510000e+00
     vertex  1.426816e+02 -6.577126e+01  1.510000e+00
   endloop
 endfacet
 facet normal -1.000000e+00  0.000000e+00  0.000000e+00
   outer loop
     vertex  1.426816e+02 -6.467674e+01  0.000000e+00
     vertex  1.426816e+02 -6.577126e+01  0.000000e+00
     vertex  1.426816e+02 -6.577126e+01  1.510000e+00
   endloop
 endfacet
 facet normal -1.000000e+00  0.000000e+00  0.000000e+00
   outer loop
     vertex  1.426816e+02 -6.467674e+01  0.000000e+00
     vertex  1.426816e+02 -6.577126e+01  1.510000e+00
     vertex  1.426816e+02 -6.467674e+01  1.510000e+00
   endloop
 endfacet
 facet normal -1.305262e-01  9.914449e-01  0.000000e+00
   outer loop
     vertex  1.561525e+02 -9.948643e+01  0.000000e+00
     vertex  1.560231e+02 -9.950347e+01  0.000000e+00
     vertex  1.560231e+02 -9.950347e+01  1.510000e+00
   endloop
 endfacet
 facet normal -1.305262e-01  9.914449e-01  0.000000e+00
   outer loop
     vertex  1.561525e+02 -9.948643e+01  0.000000e+00
     vertex  1.560231e+02 -9.950347e+01  1.510000e+00
     vertex  1.561525e+02 -9.948643e+01  1.510000e+00
   endloop
 endfacet
 facet normal -3.826834e-01  9.238795e-01  0.000000e+00
   outer loop
     vertex  1.562731e+02 -9.943648e+01  0.000000e+00
     vertex  1.561525e+02 -9.948643e+01  1.510000e+00
     vertex  1.562731e+02 -9.943648e+01  1.510000e+00
   endloop
 endfacet
 facet normal -3.826834e-01  9.238795e-01  0.000000e+00
   outer loop
     vertex  1.562731e+02 -9.943648e+01  0.000000e+00
     vertex  1.561525e+02 -9.948643e+01  0.000000e+00
     vertex  1.561525e+02 -9.948643e+01  1.510000e+00
   endloop
 endfacet
 facet normal -6.087614e-01  7.933533e-01  0.000000e+00
   outer loop
     vertex  1.563766e+02 -9.935702e+01  0.000000e+00
     vertex  1.562731e+02 -9.943648e+01  1.510000e+00
     vertex  1.563766e+02 -9.935702e+01  1.510000e+00
   endloop
 endfacet
 facet normal -6.087614e-01  7.933533e-01  0.000000e+00
   outer loop
     vertex  1.563766e+02 -9.935702e+01  0.000000e+00
     vertex  1.562731e+02 -9.943648e+01  0.000000e+00
     vertex  1.562731e+02 -9.943648e+01  1.510000e+00
   endloop
 endfacet
 facet normal -7.933533e-01  6.087614e-01  0.000000e+00
   outer loop
     vertex  1.564561e+02 -9.925347e+01  0.000000e+00
     vertex  1.563766e+02 -9.935702e+01  1.510000e+00
     vertex  1.564561e+02 -9.925347e+01  1.510000e+00
   endloop
 endfacet
 facet normal -7.933533e-01  6.087614e-01  0.000000e+00
   outer loop
     vertex  1.564561e+02 -9.925347e+01  0.000000e+00
     vertex  1.563766e+02 -9.935702e+01  0.000000e+00
     vertex  1.563766e+02 -9.935702e+01  1.510000e+00
   endloop
 endfacet
 facet normal -9.238795e-01  3.826834e-01  0.000000e+00
   outer loop
     vertex  1.565060e+02 -9.913288e+01  0.000000e+00
     vertex  1.564561e+02 -9.925347e+01  1.510000e+00
     vertex  1.565060e+02 -9.913288e+01  1.510000e+00
   endloop
 endfacet
 facet normal -9.238795e-01  3.826834e-01  0.000000e+00
   outer loop
     vertex  1.565060e+02 -9.913288e+01  0.000000e+00
     vertex  1.564561e+02 -9.925347e+01  0.000000e+00
     vertex  1.564561e+02 -9.925347e+01  1.510000e+00
   endloop
 endfacet
 facet normal -9.914449e-01  1.305262e-01  0.000000e+00
   outer loop
     vertex  1.565231e+02 -9.900347e+01  0.000000e+00
     vertex  1.565060e+02 -9.913288e+01  1.510000e+00
     vertex  1.565231e+02 -9.900347e+01  1.510000e+00
   endloop
 endfacet
 facet normal -9.914449e-01  1.305262e-01  0.000000e+00
   outer loop
     vertex  1.565231e+02 -9.900347e+01  0.000000e+00
     vertex  1.565060e+02 -9.913288e+01  0.000000e+00
     vertex  1.565060e+02 -9.913288e+01  1.510000e+00
   endloop
 endfacet
 facet normal -9.914449e-01 -1.305262e-01  0.000000e+00
   outer loop
     vertex  1.565060e+02 -9.887406e+01  0.000000e+00
     vertex  1.565231e+02 -9.900347e+01  1.510000e+00
     vertex  1.565060e+02 -9.887406e+01  1.510000e+00
   endloop
 endfacet
 facet normal -9.914449e-01 -1.305262e-01  0.000000e+00
   outer loop
     vertex  1.565060e+02 -9.887406e+01  0.000000e+00
     vertex  1.565231e+02 -9.900347e+01  0.000000e+00
     vertex  1.565231e+02 -9.900347e+01  1.510000e+00
   endloop
 endfacet
 facet normal -9.238795e-01 -3.826834e-01  0.000000e+00
   outer loop
     vertex  1.564561e+02 -9.875347e+01  0.000000e+00
     vertex  1.565060e+02 -9.887406e+01  1.510000e+00
     vertex  1.564561e+02 -9.875347e+01  1.510000e+00
   endloop
 endfacet
 facet normal -9.238795e-01 -3.826834e-01  0.000000e+00
   outer loop
     vertex  1.564561e+02 -9.875347e+01  0.000000e+00
     vertex  1.565060e+02 -9.887406e+01  0.000000e+00
     vertex  1.565060e+02 -9.887406e+01  1.510000e+00
   endloop
 endfacet
 facet normal -7.933533e-01 -6.087614e-01  0.000000e+00
   outer loop
     vertex  1.563766e+02 -9.864992e+01  0.000000e+00
     vertex  1.564561e+02 -9.875347e+01  1.510000e+00
     vertex  1.563766e+02 -9.864992e+01  1.510000e+00
   endloop
 endfacet
 facet normal -7.933533e-01 -6.087614e-01  0.000000e+00
   outer loop
     vertex  1.563766e+02 -9.864992e+01  0.000000e+00
     vertex  1.564561e+02 -9.875347e+01  0.000000e+00
     vertex  1.564561e+02 -9.875347e+01  1.510000e+00
   endloop
 endfacet
 facet normal -6.087614e-01 -7.933533e-01  0.000000e+00
   outer loop
     vertex  1.562731e+02 -9.857046e+01  0.000000e+00
     vertex  1.563766e+02 -9.864992e+01  1.510000e+00
     vertex  1.562731e+02 -9.857046e+01  1.510000e+00
   endloop
 endfacet
 facet normal -6.087614e-01 -7.933533e-01  0.000000e+00
   outer loop
     vertex  1.562731e+02 -9.857046e+01  0.000000e+00
     vertex  1.563766e+02 -9.864992e+01  0.000000e+00
     vertex  1.563766e+02 -9.864992e+01  1.510000e+00
   endloop
 endfacet
 facet normal -3.826834e-01 -9.238795e-01  0.000000e+00
   outer loop
     vertex  1.561525e+02 -9.852051e+01  0.000000e+00
     vertex  1.562731e+02 -9.857046e+01  1.510000e+00
     vertex  1.561525e+02 -9.852051e+01  1.510000e+00
   endloop
 endfacet
 facet normal -3.826834e-01 -9.238795e-01  0.000000e+00
   outer loop
     vertex  1.561525e+02 -9.852051e+01  0.000000e+00
     vertex  1.562731e+02 -9.857046e+01  0.000000e+00
     vertex  1.562731e+02 -9.857046e+01  1.510000e+00
   endloop
 endfacet
 facet normal -1.305262e-01 -9.914449e-01  0.000000e+00
   outer loop
     vertex  1.560231e+02 -9.850347e+01  0.000000e+00
     vertex  1.561525e+02 -9.852051e+01  1.510000e+00
     vertex  1.560231e+02 -9.850347e+01  1.510000e+00
   endloop
 endfacet
 facet normal -1.305262e-01 -9.914449e-01  0.000000e+00
   outer loop
     vertex  1.560231e+02 -9.850347e+01  0.000000e+00
     vertex  1.561525e+02 -9.852051e+01  0.000000e+00
     vertex  1.561525e+02 -9.852051e+01  1.510000e+00
   endloop
 endfacet
 facet normal  1.305262e-01 -9.914449e-01  0.000000e+00
   outer loop
     vertex  1.558936e+02 -9.852051e+01  0.000000e+00
     vertex  1.560231e+02 -9.850347e+01  1.510000e+00
     vertex  1.558936e+02 -9.852051e+01  1.510000e+00
   endloop
 endfacet
 facet normal  1.305262e-01 -9.914449e-01  0.000000e+00
   outer loop
     vertex  1.558936e+02 -9.852051e+01  0.000000e+00
     vertex  1.560231e+02 -9.850347e+01  0.000000e+00
     vertex  1.560231e+02 -9.850347e+01  1.510000e+00
   endloop
 endfacet
 facet normal  3.826834e-01 -9.238795e-01  0.000000e+00
   outer loop
     vertex  1.557731e+02 -9.857046e+01  0.000000e+00
     vertex  1.558936e+02 -9.852051e+01  0.000000e+00
     vertex  1.558936e+02 -9.852051e+01  1.510000e+00
   endloop
 endfacet
 facet normal  3.826834e-01 -9.238795e-01  0.000000e+00
   outer loop
     vertex  1.557731e+02 -9.857046e+01  0.000000e+00
     vertex  1.558936e+02 -9.852051e+01  1.510000e+00
     vertex  1.557731e+02 -9.857046e+01  1.510000e+00
   endloop
 endfacet
 facet normal  6.087614e-01 -7.933533e-01  0.000000e+00
   outer loop
     vertex  1.556695e+02 -9.864992e+01  0.000000e+00
     vertex  1.557731e+02 -9.857046e+01  0.000000e+00
     vertex  1.557731e+02 -9.857046e+01  1.510000e+00
   endloop
 endfacet
 facet normal  7.933533e-01 -6.087614e-01  0.000000e+00
   outer loop
     vertex  1.556695e+02 -9.864992e+01  0.000000e+00
     vertex  1.556695e+02 -9.864992e+01  1.510000e+00
     vertex  1.555900e+02 -9.875347e+01  1.510000e+00
   endloop
 endfacet
 facet normal  6.087614e-01 -7.933533e-01  0.000000e+00
   outer loop
     vertex  1.556695e+02 -9.864992e+01  0.000000e+00
     vertex  1.557731e+02 -9.857046e+01  1.510000e+00
     vertex  1.556695e+02 -9.864992e+01  1.510000e+00
   endloop
 endfacet
 facet normal  7.933533e-01 -6.087614e-01  0.000000e+00
   outer loop
     vertex  1.555900e+02 -9.875347e+01  0.000000e+00
     vertex  1.556695e+02 -9.864992e+01  0.000000e+00
     vertex  1.555900e+02 -9.875347e+01  1.510000e+00
   endloop
 endfacet
 facet normal  9.238795e-01 -3.826834e-01  0.000000e+00
   outer loop
     vertex  1.555900e+02 -9.875347e+01  0.000000e+00
     vertex  1.555900e+02 -9.875347e+01  1.510000e+00
     vertex  1.555401e+02 -9.887406e+01  1.510000e+00
   endloop
 endfacet
 facet normal  9.238795e-01 -3.826834e-01  0.000000e+00
   outer loop
     vertex  1.555401e+02 -9.887406e+01  0.000000e+00
     vertex  1.555900e+02 -9.875347e+01  0.000000e+00
     vertex  1.555401e+02 -9.887406e+01  1.510000e+00
   endloop
 endfacet
 facet normal  9.914449e-01 -1.305262e-01  0.000000e+00
   outer loop
     vertex  1.555231e+02 -9.900347e+01  0.000000e+00
     vertex  1.555401e+02 -9.887406e+01  0.000000e+00
     vertex  1.555401e+02 -9.887406e+01  1.510000e+00
   endloop
 endfacet
 facet normal  9.914449e-01 -1.305262e-01  0.000000e+00
   outer loop
     vertex  1.555231e+02 -9.900347e+01  0.000000e+00
     vertex  1.555401e+02 -9.887406e+01  1.510000e+00
     vertex  1.555231e+02 -9.900347e+01  1.510000e+00
   endloop
 endfacet
 facet normal  9.914449e-01  1.305262e-01 -0.000000e+00
   outer loop
     vertex  1.555401e+02 -9.913288e+01  0.000000e+00
     vertex  1.555231e+02 -9.900347e+01  1.510000e+00
     vertex  1.555401e+02 -9.913288e+01  1.510000e+00
   endloop
 endfacet
 facet normal  9.914449e-01  1.305262e-01  0.000000e+00
   outer loop
     vertex  1.555401e+02 -9.913288e+01  0.000000e+00
     vertex  1.555231e+02 -9.900347e+01  0.000000e+00
     vertex  1.555231e+02 -9.900347e+01  1.510000e+00
   endloop
 endfacet
 facet normal  9.238795e-01  3.826834e-01 -0.000000e+00
   outer loop
     vertex  1.555900e+02 -9.925347e+01  0.000000e+00
     vertex  1.555401e+02 -9.913288e+01  1.510000e+00
     vertex  1.555900e+02 -9.925347e+01  1.510000e+00
   endloop
 endfacet
 facet normal  9.238795e-01  3.826834e-01  0.000000e+00
   outer loop
     vertex  1.555900e+02 -9.925347e+01  0.000000e+00
     vertex  1.555401e+02 -9.913288e+01  0.000000e+00
     vertex  1.555401e+02 -9.913288e+01  1.510000e+00
   endloop
 endfacet
 facet normal  6.087614e-01  7.933533e-01 -0.000000e+00
   outer loop
     vertex  1.556695e+02 -9.935702e+01  0.000000e+00
     vertex  1.556695e+02 -9.935702e+01  1.510000e+00
     vertex  1.557731e+02 -9.943648e+01  1.510000e+00
   endloop
 endfacet
 facet normal  7.933533e-01  6.087614e-01 -0.000000e+00
   outer loop
     vertex  1.556695e+02 -9.935702e+01  0.000000e+00
     vertex  1.555900e+02 -9.925347e+01  1.510000e+00
     vertex  1.556695e+02 -9.935702e+01  1.510000e+00
   endloop
 endfacet
 facet normal  7.933533e-01  6.087614e-01  0.000000e+00
   outer loop
     vertex  1.556695e+02 -9.935702e+01  0.000000e+00
     vertex  1.555900e+02 -9.925347e+01  0.000000e+00
     vertex  1.555900e+02 -9.925347e+01  1.510000e+00
   endloop
 endfacet
 facet normal  6.087614e-01  7.933533e-01 -0.000000e+00
   outer loop
     vertex  1.557731e+02 -9.943648e+01  0.000000e+00
     vertex  1.556695e+02 -9.935702e+01  0.000000e+00
     vertex  1.557731e+02 -9.943648e+01  1.510000e+00
   endloop
 endfacet
 facet normal  3.826834e-01  9.238795e-01 -0.000000e+00
   outer loop
     vertex  1.558936e+02 -9.948643e+01  0.000000e+00
     vertex  1.557731e+02 -9.943648e+01  1.510000e+00
     vertex  1.558936e+02 -9.948643e+01  1.510000e+00
   endloop
 endfacet
 facet normal  3.826834e-01  9.238795e-01  0.000000e+00
   outer loop
     vertex  1.558936e+02 -9.948643e+01  0.000000e+00
     vertex  1.557731e+02 -9.943648e+01  0.000000e+00
     vertex  1.557731e+02 -9.943648e+01  1.510000e+00
   endloop
 endfacet
 facet normal  1.305262e-01  9.914449e-01 -0.000000e+00
   outer loop
     vertex  1.560231e+02 -9.950347e+01  0.000000e+00
     vertex  1.558936e+02 -9.948643e+01  1.510000e+00
     vertex  1.560231e+02 -9.950347e+01  1.510000e+00
   endloop
 endfacet
 facet normal  1.305262e-01  9.914449e-01  0.000000e+00
   outer loop
     vertex  1.560231e+02 -9.950347e+01  0.000000e+00
     vertex  1.558936e+02 -9.948643e+01  0.000000e+00
     vertex  1.558936e+02 -9.948643e+01  1.510000e+00
   endloop
 endfacet
 facet normal -1.305262e-01  9.914449e-01  0.000000e+00
   outer loop
     vertex  1.586925e+02 -9.948643e+01  0.000000e+00
     vertex  1.585631e+02 -9.950347e+01  0.000000e+00
     vertex  1.585631e+02 -9.950347e+01  1.510000e+00
   endloop
 endfacet
 facet normal -1.305262e-01  9.914449e-01  0.000000e+00
   outer loop
     vertex  1.586925e+02 -9.948643e+01  0.000000e+00
     vertex  1.585631e+02 -9.950347e+01  1.510000e+00
     vertex  1.586925e+02 -9.948643e+01  1.510000e+00
   endloop
 endfacet
 facet normal -3.826834e-01  9.238795e-01  0.000000e+00
   outer loop
     vertex  1.588131e+02 -9.943648e+01  0.000000e+00
     vertex  1.586925e+02 -9.948643e+01  1.510000e+00
     vertex  1.588131e+02 -9.943648e+01  1.510000e+00
   endloop
 endfacet
 facet normal -3.826834e-01  9.238795e-01  0.000000e+00
   outer loop
     vertex  1.588131e+02 -9.943648e+01  0.000000e+00
     vertex  1.586925e+02 -9.948643e+01  0.000000e+00
     vertex  1.586925e+02 -9.948643e+01  1.510000e+00
   endloop
 endfacet
 facet normal -6.087614e-01  7.933533e-01  0.000000e+00
   outer loop
     vertex  1.589166e+02 -9.935702e+01  0.000000e+00
     vertex  1.588131e+02 -9.943648e+01  1.510000e+00
     vertex  1.589166e+02 -9.935702e+01  1.510000e+00
   endloop
 endfacet
 facet normal -6.087614e-01  7.933533e-01  0.000000e+00
   outer loop
     vertex  1.589166e+02 -9.935702e+01  0.000000e+00
     vertex  1.588131e+02 -9.943648e+01  0.000000e+00
     vertex  1.588131e+02 -9.943648e+01  1.510000e+00
   endloop
 endfacet
 facet normal -7.933533e-01  6.087614e-01  0.000000e+00
   outer loop
     vertex  1.589961e+02 -9.925347e+01  0.000000e+00
     vertex  1.589166e+02 -9.935702e+01  1.510000e+00
     vertex  1.589961e+02 -9.925347e+01  1.510000e+00
   endloop
 endfacet
 facet normal -7.933533e-01  6.087614e-01  0.000000e+00
   outer loop
     vertex  1.589961e+02 -9.925347e+01  0.000000e+00
     vertex  1.589166e+02 -9.935702e+01  0.000000e+00
     vertex  1.589166e+02 -9.935702e+01  1.510000e+00
   endloop
 endfacet
 facet normal -9.238795e-01  3.826834e-01  0.000000e+00
   outer loop
     vertex  1.590460e+02 -9.913288e+01  0.000000e+00
     vertex  1.589961e+02 -9.925347e+01  1.510000e+00
     vertex  1.590460e+02 -9.913288e+01  1.510000e+00
   endloop
 endfacet
 facet normal -9.238795e-01  3.826834e-01  0.000000e+00
   outer loop
     vertex  1.590460e+02 -9.913288e+01  0.000000e+00
     vertex  1.589961e+02 -9.925347e+01  0.000000e+00
     vertex  1.589961e+02 -9.925347e+01  1.510000e+00
   endloop
 endfacet
 facet normal -9.914449e-01  1.305262e-01  0.000000e+00
   outer loop
     vertex  1.590631e+02 -9.900347e+01  0.000000e+00
     vertex  1.590460e+02 -9.913288e+01  1.510000e+00
     vertex  1.590631e+02 -9.900347e+01  1.510000e+00
   endloop
 endfacet
 facet normal -9.914449e-01  1.305262e-01  0.000000e+00
   outer loop
     vertex  1.590631e+02 -9.900347e+01  0.000000e+00
     vertex  1.590460e+02 -9.913288e+01  0.000000e+00
     vertex  1.590460e+02 -9.913288e+01  1.510000e+00
   endloop
 endfacet
 facet normal -9.914449e-01 -1.305262e-01  0.000000e+00
   outer loop
     vertex  1.590460e+02 -9.887406e+01  0.000000e+00
     vertex  1.590631e+02 -9.900347e+01  1.510000e+00
     vertex  1.590460e+02 -9.887406e+01  1.510000e+00
   endloop
 endfacet
 facet normal -9.914449e-01 -1.305262e-01  0.000000e+00
   outer loop
     vertex  1.590460e+02 -9.887406e+01  0.000000e+00
     vertex  1.590631e+02 -9.900347e+01  0.000000e+00
     vertex  1.590631e+02 -9.900347e+01  1.510000e+00
   endloop
 endfacet
 facet normal -9.238795e-01 -3.826834e-01  0.000000e+00
   outer loop
     vertex  1.589961e+02 -9.875347e+01  0.000000e+00
     vertex  1.590460e+02 -9.887406e+01  1.510000e+00
     vertex  1.589961e+02 -9.875347e+01  1.510000e+00
   endloop
 endfacet
 facet normal -9.238795e-01 -3.826834e-01  0.000000e+00
   outer loop
     vertex  1.589961e+02 -9.875347e+01  0.000000e+00
     vertex  1.590460e+02 -9.887406e+01  0.000000e+00
     vertex  1.590460e+02 -9.887406e+01  1.510000e+00
   endloop
 endfacet
 facet normal -7.933533e-01 -6.087614e-01  0.000000e+00
   outer loop
     vertex  1.589166e+02 -9.864992e+01  0.000000e+00
     vertex  1.589961e+02 -9.875347e+01  1.510000e+00
     vertex  1.589166e+02 -9.864992e+01  1.510000e+00
   endloop
 endfacet
 facet normal -7.933533e-01 -6.087614e-01  0.000000e+00
   outer loop
     vertex  1.589166e+02 -9.864992e+01  0.000000e+00
     vertex  1.589961e+02 -9.875347e+01  0.000000e+00
     vertex  1.589961e+02 -9.875347e+01  1.510000e+00
   endloop
 endfacet
 facet normal -6.087614e-01 -7.933533e-01  0.000000e+00
   outer loop
     vertex  1.588131e+02 -9.857046e+01  0.000000e+00
     vertex  1.589166e+02 -9.864992e+01  1.510000e+00
     vertex  1.588131e+02 -9.857046e+01  1.510000e+00
   endloop
 endfacet
 facet normal -6.087614e-01 -7.933533e-01  0.000000e+00
   outer loop
     vertex  1.588131e+02 -9.857046e+01  0.000000e+00
     vertex  1.589166e+02 -9.864992e+01  0.000000e+00
     vertex  1.589166e+02 -9.864992e+01  1.510000e+00
   endloop
 endfacet
 facet normal -3.826834e-01 -9.238795e-01  0.000000e+00
   outer loop
     vertex  1.586925e+02 -9.852051e+01  0.000000e+00
     vertex  1.588131e+02 -9.857046e+01  1.510000e+00
     vertex  1.586925e+02 -9.852051e+01  1.510000e+00
   endloop
 endfacet
 facet normal -3.826834e-01 -9.238795e-01  0.000000e+00
   outer loop
     vertex  1.586925e+02 -9.852051e+01  0.000000e+00
     vertex  1.588131e+02 -9.857046e+01  0.000000e+00
     vertex  1.588131e+02 -9.857046e+01  1.510000e+00
   endloop
 endfacet
 facet normal -1.305262e-01 -9.914449e-01  0.000000e+00
   outer loop
     vertex  1.585631e+02 -9.850347e+01  0.000000e+00
     vertex  1.586925e+02 -9.852051e+01  1.510000e+00
     vertex  1.585631e+02 -9.850347e+01  1.510000e+00
   endloop
 endfacet
 facet normal -1.305262e-01 -9.914449e-01  0.000000e+00
   outer loop
     vertex  1.585631e+02 -9.850347e+01  0.000000e+00
     vertex  1.586925e+02 -9.852051e+01  0.000000e+00
     vertex  1.586925e+02 -9.852051e+01  1.510000e+00
   endloop
 endfacet
 facet normal  1.305262e-01 -9.914449e-01  0.000000e+00
   outer loop
     vertex  1.584336e+02 -9.852051e+01  0.000000e+00
     vertex  1.585631e+02 -9.850347e+01  1.510000e+00
     vertex  1.584336e+02 -9.852051e+01  1.510000e+00
   endloop
 endfacet
 facet normal  1.305262e-01 -9.914449e-01  0.000000e+00
   outer loop
     vertex  1.584336e+02 -9.852051e+01  0.000000e+00
     vertex  1.585631e+02 -9.850347e+01  0.000000e+00
     vertex  1.585631e+02 -9.850347e+01  1.510000e+00
   endloop
 endfacet
 facet normal  3.826834e-01 -9.238795e-01  0.000000e+00
   outer loop
     vertex  1.583131e+02 -9.857046e+01  0.000000e+00
     vertex  1.584336e+02 -9.852051e+01  0.000000e+00
     vertex  1.584336e+02 -9.852051e+01  1.510000e+00
   endloop
 endfacet
 facet normal  3.826834e-01 -9.238795e-01  0.000000e+00
   outer loop
     vertex  1.583131e+02 -9.857046e+01  0.000000e+00
     vertex  1.584336e+02 -9.852051e+01  1.510000e+00
     vertex  1.583131e+02 -9.857046e+01  1.510000e+00
   endloop
 endfacet
 facet normal  6.087614e-01 -7.933533e-01  0.000000e+00
   outer loop
     vertex  1.582095e+02 -9.864992e+01  0.000000e+00
     vertex  1.583131e+02 -9.857046e+01  0.000000e+00
     vertex  1.583131e+02 -9.857046e+01  1.510000e+00
   endloop
 endfacet
 facet normal  7.933533e-01 -6.087614e-01  0.000000e+00
   outer loop
     vertex  1.582095e+02 -9.864992e+01  0.000000e+00
     vertex  1.582095e+02 -9.864992e+01  1.510000e+00
     vertex  1.581300e+02 -9.875347e+01  1.510000e+00
   endloop
 endfacet
 facet normal  6.087614e-01 -7.933533e-01  0.000000e+00
   outer loop
     vertex  1.582095e+02 -9.864992e+01  0.000000e+00
     vertex  1.583131e+02 -9.857046e+01  1.510000e+00
     vertex  1.582095e+02 -9.864992e+01  1.510000e+00
   endloop
 endfacet
 facet normal  7.933533e-01 -6.087614e-01  0.000000e+00
   outer loop
     vertex  1.581300e+02 -9.875347e+01  0.000000e+00
     vertex  1.582095e+02 -9.864992e+01  0.000000e+00
     vertex  1.581300e+02 -9.875347e+01  1.510000e+00
   endloop
 endfacet
 facet normal  9.238795e-01 -3.826834e-01  0.000000e+00
   outer loop
     vertex  1.581300e+02 -9.875347e+01  0.000000e+00
     vertex  1.581300e+02 -9.875347e+01  1.510000e+00
     vertex  1.580801e+02 -9.887406e+01  1.510000e+00
   endloop
 endfacet
 facet normal  9.238795e-01 -3.826834e-01  0.000000e+00
   outer loop
     vertex  1.580801e+02 -9.887406e+01  0.000000e+00
     vertex  1.581300e+02 -9.875347e+01  0.000000e+00
     vertex  1.580801e+02 -9.887406e+01  1.510000e+00
   endloop
 endfacet
 facet normal  9.914449e-01 -1.305262e-01  0.000000e+00
   outer loop
     vertex  1.580631e+02 -9.900347e+01  0.000000e+00
     vertex  1.580801e+02 -9.887406e+01  0.000000e+00
     vertex  1.580801e+02 -9.887406e+01  1.510000e+00
   endloop
 endfacet
 facet normal  9.914449e-01 -1.305262e-01  0.000000e+00
   outer loop
     vertex  1.580631e+02 -9.900347e+01  0.000000e+00
     vertex  1.580801e+02 -9.887406e+01  1.510000e+00
     vertex  1.580631e+02 -9.900347e+01  1.510000e+00
   endloop
 endfacet
 facet normal  9.914449e-01  1.305262e-01 -0.000000e+00
   outer loop
     vertex  1.580801e+02 -9.913288e+01  0.000000e+00
     vertex  1.580631e+02 -9.900347e+01  1.510000e+00
     vertex  1.580801e+02 -9.913288e+01  1.510000e+00
   endloop
 endfacet
 facet normal  9.914449e-01  1.305262e-01  0.000000e+00
   outer loop
     vertex  1.580801e+02 -9.913288e+01  0.000000e+00
     vertex  1.580631e+02 -9.900347e+01  0.000000e+00
     vertex  1.580631e+02 -9.900347e+01  1.510000e+00
   endloop
 endfacet
 facet normal  9.238795e-01  3.826834e-01 -0.000000e+00
   outer loop
     vertex  1.581300e+02 -9.925347e+01  0.000000e+00
     vertex  1.580801e+02 -9.913288e+01  1.510000e+00
     vertex  1.581300e+02 -9.925347e+01  1.510000e+00
   endloop
 endfacet
 facet normal  9.238795e-01  3.826834e-01  0.000000e+00
   outer loop
     vertex  1.581300e+02 -9.925347e+01  0.000000e+00
     vertex  1.580801e+02 -9.913288e+01  0.000000e+00
     vertex  1.580801e+02 -9.913288e+01  1.510000e+00
   endloop
 endfacet
 facet normal  6.087614e-01  7.933533e-01 -0.000000e+00
   outer loop
     vertex  1.582095e+02 -9.935702e+01  0.000000e+00
     vertex  1.582095e+02 -9.935702e+01  1.510000e+00
     vertex  1.583131e+02 -9.943648e+01  1.510000e+00
   endloop
 endfacet
 facet normal  7.933533e-01  6.087614e-01 -0.000000e+00
   outer loop
     vertex  1.582095e+02 -9.935702e+01  0.000000e+00
     vertex  1.581300e+02 -9.925347e+01  1.510000e+00
     vertex  1.582095e+02 -9.935702e+01  1.510000e+00
   endloop
 endfacet
 facet normal  7.933533e-01  6.087614e-01  0.000000e+00
   outer loop
     vertex  1.582095e+02 -9.935702e+01  0.000000e+00
     vertex  1.581300e+02 -9.925347e+01  0.000000e+00
     vertex  1.581300e+02 -9.925347e+01  1.510000e+00
   endloop
 endfacet
 facet normal  6.087614e-01  7.933533e-01 -0.000000e+00
   outer loop
     vertex  1.583131e+02 -9.943648e+01  0.000000e+00
     vertex  1.582095e+02 -9.935702e+01  0.000000e+00
     vertex  1.583131e+02 -9.943648e+01  1.510000e+00
   endloop
 endfacet
 facet normal  3.826834e-01  9.238795e-01 -0.000000e+00
   outer loop
     vertex  1.584336e+02 -9.948643e+01  0.000000e+00
     vertex  1.583131e+02 -9.943648e+01  1.510000e+00
     vertex  1.584336e+02 -9.948643e+01  1.510000e+00
   endloop
 endfacet
 facet normal  3.826834e-01  9.238795e-01  0.000000e+00
   outer loop
     vertex  1.584336e+02 -9.948643e+01  0.000000e+00
     vertex  1.583131e+02 -9.943648e+01  0.000000e+00
     vertex  1.583131e+02 -9.943648e+01  1.510000e+00
   endloop
 endfacet
 facet normal  1.305262e-01  9.914449e-01 -0.000000e+00
   outer loop
     vertex  1.585631e+02 -9.950347e+01  0.000000e+00
     vertex  1.584336e+02 -9.948643e+01  1.510000e+00
     vertex  1.585631e+02 -9.950347e+01  1.510000e+00
   endloop
 endfacet
 facet normal  1.305262e-01  9.914449e-01  0.000000e+00
   outer loop
     vertex  1.585631e+02 -9.950347e+01  0.000000e+00
     vertex  1.584336e+02 -9.948643e+01  0.000000e+00
     vertex  1.584336e+02 -9.948643e+01  1.510000e+00
   endloop
 endfacet
 facet normal -1.305262e-01  9.914449e-01  0.000000e+00
   outer loop
     vertex  1.752981e+02 -8.052792e+01  0.000000e+00
     vertex  1.751040e+02 -8.055347e+01  0.000000e+00
     vertex  1.751040e+02 -8.055347e+01  1.510000e+00
   endloop
 endfacet
 facet normal -1.305262e-01  9.914449e-01  0.000000e+00
   outer loop
     vertex  1.752981e+02 -8.052792e+01  0.000000e+00
     vertex  1.751040e+02 -8.055347e+01  1.510000e+00
     vertex  1.752981e+02 -8.052792e+01  1.510000e+00
   endloop
 endfacet
 facet normal -3.826834e-01  9.238795e-01  0.000000e+00
   outer loop
     vertex  1.754790e+02 -8.045299e+01  0.000000e+00
     vertex  1.752981e+02 -8.052792e+01  1.510000e+00
     vertex  1.754790e+02 -8.045299e+01  1.510000e+00
   endloop
 endfacet
 facet normal -3.826834e-01  9.238795e-01  0.000000e+00
   outer loop
     vertex  1.754790e+02 -8.045299e+01  0.000000e+00
     vertex  1.752981e+02 -8.052792e+01  0.000000e+00
     vertex  1.752981e+02 -8.052792e+01  1.510000e+00
   endloop
 endfacet
 facet normal -6.087614e-01  7.933533e-01  0.000000e+00
   outer loop
     vertex  1.756343e+02 -8.033380e+01  0.000000e+00
     vertex  1.754790e+02 -8.045299e+01  1.510000e+00
     vertex  1.756343e+02 -8.033380e+01  1.510000e+00
   endloop
 endfacet
 facet normal -6.087614e-01  7.933533e-01  0.000000e+00
   outer loop
     vertex  1.756343e+02 -8.033380e+01  0.000000e+00
     vertex  1.754790e+02 -8.045299e+01  0.000000e+00
     vertex  1.754790e+02 -8.045299e+01  1.510000e+00
   endloop
 endfacet
 facet normal -7.933533e-01  6.087614e-01  0.000000e+00
   outer loop
     vertex  1.757535e+02 -8.017847e+01  0.000000e+00
     vertex  1.756343e+02 -8.033380e+01  1.510000e+00
     vertex  1.757535e+02 -8.017847e+01  1.510000e+00
   endloop
 endfacet
 facet normal -7.933533e-01  6.087614e-01  0.000000e+00
   outer loop
     vertex  1.757535e+02 -8.017847e+01  0.000000e+00
     vertex  1.756343e+02 -8.033380e+01  0.000000e+00
     vertex  1.756343e+02 -8.033380e+01  1.510000e+00
   endloop
 endfacet
 facet normal -9.238795e-01  3.826834e-01  0.000000e+00
   outer loop
     vertex  1.758284e+02 -7.999759e+01  0.000000e+00
     vertex  1.757535e+02 -8.017847e+01  1.510000e+00
     vertex  1.758284e+02 -7.999759e+01  1.510000e+00
   endloop
 endfacet
 facet normal -9.238795e-01  3.826834e-01  0.000000e+00
   outer loop
     vertex  1.758284e+02 -7.999759e+01  0.000000e+00
     vertex  1.757535e+02 -8.017847e+01  0.000000e+00
     vertex  1.757535e+02 -8.017847e+01  1.510000e+00
   endloop
 endfacet
 facet normal -9.914449e-01  1.305262e-01  0.000000e+00
   outer loop
     vertex  1.758540e+02 -7.980347e+01  0.000000e+00
     vertex  1.758284e+02 -7.999759e+01  1.510000e+00
     vertex  1.758540e+02 -7.980347e+01  1.510000e+00
   endloop
 endfacet
 facet normal -9.914449e-01  1.305262e-01  0.000000e+00
   outer loop
     vertex  1.758540e+02 -7.980347e+01  0.000000e+00
     vertex  1.758284e+02 -7.999759e+01  0.000000e+00
     vertex  1.758284e+02 -7.999759e+01  1.510000e+00
   endloop
 endfacet
 facet normal -9.914449e-01 -1.305262e-01  0.000000e+00
   outer loop
     vertex  1.758284e+02 -7.960936e+01  0.000000e+00
     vertex  1.758540e+02 -7.980347e+01  1.510000e+00
     vertex  1.758284e+02 -7.960936e+01  1.510000e+00
   endloop
 endfacet
 facet normal -9.914449e-01 -1.305262e-01  0.000000e+00
   outer loop
     vertex  1.758284e+02 -7.960936e+01  0.000000e+00
     vertex  1.758540e+02 -7.980347e+01  0.000000e+00
     vertex  1.758540e+02 -7.980347e+01  1.510000e+00
   endloop
 endfacet
 facet normal -9.238795e-01 -3.826834e-01  0.000000e+00
   outer loop
     vertex  1.757535e+02 -7.942847e+01  0.000000e+00
     vertex  1.758284e+02 -7.960936e+01  1.510000e+00
     vertex  1.757535e+02 -7.942847e+01  1.510000e+00
   endloop
 endfacet
 facet normal -9.238795e-01 -3.826834e-01  0.000000e+00
   outer loop
     vertex  1.757535e+02 -7.942847e+01  0.000000e+00
     vertex  1.758284e+02 -7.960936e+01  0.000000e+00
     vertex  1.758284e+02 -7.960936e+01  1.510000e+00
   endloop
 endfacet
 facet normal -7.933533e-01 -6.087614e-01  0.000000e+00
   outer loop
     vertex  1.756343e+02 -7.927314e+01  0.000000e+00
     vertex  1.757535e+02 -7.942847e+01  1.510000e+00
     vertex  1.756343e+02 -7.927314e+01  1.510000e+00
   endloop
 endfacet
 facet normal -7.933533e-01 -6.087614e-01  0.000000e+00
   outer loop
     vertex  1.756343e+02 -7.927314e+01  0.000000e+00
     vertex  1.757535e+02 -7.942847e+01  0.000000e+00
     vertex  1.757535e+02 -7.942847e+01  1.510000e+00
   endloop
 endfacet
 facet normal -6.087614e-01 -7.933533e-01  0.000000e+00
   outer loop
     vertex  1.754790e+02 -7.915395e+01  0.000000e+00
     vertex  1.756343e+02 -7.927314e+01  1.510000e+00
     vertex  1.754790e+02 -7.915395e+01  1.510000e+00
   endloop
 endfacet
 facet normal -6.087614e-01 -7.933533e-01  0.000000e+00
   outer loop
     vertex  1.754790e+02 -7.915395e+01  0.000000e+00
     vertex  1.756343e+02 -7.927314e+01  0.000000e+00
     vertex  1.756343e+02 -7.927314e+01  1.510000e+00
   endloop
 endfacet
 facet normal -3.826834e-01 -9.238795e-01  0.000000e+00
   outer loop
     vertex  1.752981e+02 -7.907903e+01  0.000000e+00
     vertex  1.754790e+02 -7.915395e+01  1.510000e+00
     vertex  1.752981e+02 -7.907903e+01  1.510000e+00
   endloop
 endfacet
 facet normal -3.826834e-01 -9.238795e-01  0.000000e+00
   outer loop
     vertex  1.752981e+02 -7.907903e+01  0.000000e+00
     vertex  1.754790e+02 -7.915395e+01  0.000000e+00
     vertex  1.754790e+02 -7.915395e+01  1.510000e+00
   endloop
 endfacet
 facet normal -1.305262e-01 -9.914449e-01  0.000000e+00
   outer loop
     vertex  1.751040e+02 -7.905347e+01  0.000000e+00
     vertex  1.752981e+02 -7.907903e+01  1.510000e+00
     vertex  1.751040e+02 -7.905347e+01  1.510000e+00
   endloop
 endfacet
 facet normal -1.305262e-01 -9.914449e-01  0.000000e+00
   outer loop
     vertex  1.751040e+02 -7.905347e+01  0.000000e+00
     vertex  1.752981e+02 -7.907903e+01  0.000000e+00
     vertex  1.752981e+02 -7.907903e+01  1.510000e+00
   endloop
 endfacet
 facet normal  1.305262e-01 -9.914449e-01  0.000000e+00
   outer loop
     vertex  1.749099e+02 -7.907903e+01  0.000000e+00
     vertex  1.751040e+02 -7.905347e+01  1.510000e+00
     vertex  1.749099e+02 -7.907903e+01  1.510000e+00
   endloop
 endfacet
 facet normal  1.305262e-01 -9.914449e-01  0.000000e+00
   outer loop
     vertex  1.749099e+02 -7.907903e+01  0.000000e+00
     vertex  1.751040e+02 -7.905347e+01  0.000000e+00
     vertex  1.751040e+02 -7.905347e+01  1.510000e+00
   endloop
 endfacet
 facet normal  3.826834e-01 -9.238795e-01  0.000000e+00
   outer loop
     vertex  1.747290e+02 -7.915395e+01  0.000000e+00
     vertex  1.749099e+02 -7.907903e+01  0.000000e+00
     vertex  1.749099e+02 -7.907903e+01  1.510000e+00
   endloop
 endfacet
 facet normal  3.826834e-01 -9.238795e-01  0.000000e+00
   outer loop
     vertex  1.747290e+02 -7.915395e+01  0.000000e+00
     vertex  1.749099e+02 -7.907903e+01  1.510000e+00
     vertex  1.747290e+02 -7.915395e+01  1.510000e+00
   endloop
 endfacet
 facet normal  6.087614e-01 -7.933533e-01  0.000000e+00
   outer loop
     vertex  1.745737e+02 -7.927314e+01  0.000000e+00
     vertex  1.747290e+02 -7.915395e+01  0.000000e+00
     vertex  1.747290e+02 -7.915395e+01  1.510000e+00
   endloop
 endfacet
 facet normal  7.933533e-01 -6.087614e-01  0.000000e+00
   outer loop
     vertex  1.745737e+02 -7.927314e+01  0.000000e+00
     vertex  1.745737e+02 -7.927314e+01  1.510000e+00
     vertex  1.744545e+02 -7.942847e+01  1.510000e+00
   endloop
 endfacet
 facet normal  6.087614e-01 -7.933533e-01  0.000000e+00
   outer loop
     vertex  1.745737e+02 -7.927314e+01  0.000000e+00
     vertex  1.747290e+02 -7.915395e+01  1.510000e+00
     vertex  1.745737e+02 -7.927314e+01  1.510000e+00
   endloop
 endfacet
 facet normal  7.933533e-01 -6.087614e-01  0.000000e+00
   outer loop
     vertex  1.744545e+02 -7.942847e+01  0.000000e+00
     vertex  1.745737e+02 -7.927314e+01  0.000000e+00
     vertex  1.744545e+02 -7.942847e+01  1.510000e+00
   endloop
 endfacet
 facet normal  9.238795e-01 -3.826834e-01  0.000000e+00
   outer loop
     vertex  1.744545e+02 -7.942847e+01  0.000000e+00
     vertex  1.744545e+02 -7.942847e+01  1.510000e+00
     vertex  1.743796e+02 -7.960936e+01  1.510000e+00
   endloop
 endfacet
 facet normal  9.238795e-01 -3.826834e-01  0.000000e+00
   outer loop
     vertex  1.743796e+02 -7.960936e+01  0.000000e+00
     vertex  1.744545e+02 -7.942847e+01  0.000000e+00
     vertex  1.743796e+02 -7.960936e+01  1.510000e+00
   endloop
 endfacet
 facet normal  9.914449e-01 -1.305262e-01  0.000000e+00
   outer loop
     vertex  1.743540e+02 -7.980347e+01  0.000000e+00
     vertex  1.743796e+02 -7.960936e+01  0.000000e+00
     vertex  1.743796e+02 -7.960936e+01  1.510000e+00
   endloop
 endfacet
 facet normal  9.914449e-01 -1.305262e-01  0.000000e+00
   outer loop
     vertex  1.743540e+02 -7.980347e+01  0.000000e+00
     vertex  1.743796e+02 -7.960936e+01  1.510000e+00
     vertex  1.743540e+02 -7.980347e+01  1.510000e+00
   endloop
 endfacet
 facet normal  9.914449e-01  1.305262e-01 -0.000000e+00
   outer loop
     vertex  1.743796e+02 -7.999759e+01  0.000000e+00
     vertex  1.743540e+02 -7.980347e+01  1.510000e+00
     vertex  1.743796e+02 -7.999759e+01  1.510000e+00
   endloop
 endfacet
 facet normal  9.914449e-01  1.305262e-01  0.000000e+00
   outer loop
     vertex  1.743796e+02 -7.999759e+01  0.000000e+00
     vertex  1.743540e+02 -7.980347e+01  0.000000e+00
     vertex  1.743540e+02 -7.980347e+01  1.510000e+00
   endloop
 endfacet
 facet normal  9.238795e-01  3.826834e-01 -0.000000e+00
   outer loop
     vertex  1.744545e+02 -8.017847e+01  0.000000e+00
     vertex  1.743796e+02 -7.999759e+01  1.510000e+00
     vertex  1.744545e+02 -8.017847e+01  1.510000e+00
   endloop
 endfacet
 facet normal  9.238795e-01  3.826834e-01  0.000000e+00
   outer loop
     vertex  1.744545e+02 -8.017847e+01  0.000000e+00
     vertex  1.743796e+02 -7.999759e+01  0.000000e+00
     vertex  1.743796e+02 -7.999759e+01  1.510000e+00
   endloop
 endfacet
 facet normal  6.087614e-01  7.933533e-01 -0.000000e+00
   outer loop
     vertex  1.745737e+02 -8.033380e+01  0.000000e+00
     vertex  1.745737e+02 -8.033380e+01  1.510000e+00
     vertex  1.747290e+02 -8.045299e+01  1.510000e+00
   endloop
 endfacet
 facet normal  7.933533e-01  6.087614e-01 -0.000000e+00
   outer loop
     vertex  1.745737e+02 -8.033380e+01  0.000000e+00
     vertex  1.744545e+02 -8.017847e+01  1.510000e+00
     vertex  1.745737e+02 -8.033380e+01  1.510000e+00
   endloop
 endfacet
 facet normal  7.933533e-01  6.087614e-01  0.000000e+00
   outer loop
     vertex  1.745737e+02 -8.033380e+01  0.000000e+00
     vertex  1.744545e+02 -8.017847e+01  0.000000e+00
     vertex  1.744545e+02 -8.017847e+01  1.510000e+00
   endloop
 endfacet
 facet normal  6.087614e-01  7.933533e-01 -0.000000e+00
   outer loop
     vertex  1.747290e+02 -8.045299e+01  0.000000e+00
     vertex  1.745737e+02 -8.033380e+01  0.000000e+00
     vertex  1.747290e+02 -8.045299e+01  1.510000e+00
   endloop
 endfacet
 facet normal  3.826834e-01  9.238795e-01 -0.000000e+00
   outer loop
     vertex  1.749099e+02 -8.052792e+01  0.000000e+00
     vertex  1.747290e+02 -8.045299e+01  1.510000e+00
     vertex  1.749099e+02 -8.052792e+01  1.510000e+00
   endloop
 endfacet
 facet normal  3.826834e-01  9.238795e-01  0.000000e+00
   outer loop
     vertex  1.749099e+02 -8.052792e+01  0.000000e+00
     vertex  1.747290e+02 -8.045299e+01  0.000000e+00
     vertex  1.747290e+02 -8.045299e+01  1.510000e+00
   endloop
 endfacet
 facet normal  1.305262e-01  9.914449e-01 -0.000000e+00
   outer loop
     vertex  1.751040e+02 -8.055347e+01  0.000000e+00
     vertex  1.749099e+02 -8.052792e+01  1.510000e+00
     vertex  1.751040e+02 -8.055347e+01  1.510000e+00
   endloop
 endfacet
 facet normal  1.305262e-01  9.914449e-01  0.000000e+00
   outer loop
     vertex  1.751040e+02 -8.055347e+01  0.000000e+00
     vertex  1.749099e+02 -8.052792e+01  0.000000e+00
     vertex  1.749099e+02 -8.052792e+01  1.510000e+00
   endloop
 endfacet
 facet normal -1.305262e-01  9.914449e-01  0.000000e+00
   outer loop
     vertex  1.752205e+02 -7.813814e+01  0.000000e+00
     vertex  1.751040e+02 -7.815347e+01  0.000000e+00
     vertex  1.751040e+02 -7.815347e+01  1.510000e+00
   endloop
 endfacet
 facet normal -1.305262e-01  9.914449e-01  0.000000e+00
   outer loop
     vertex  1.752205e+02 -7.813814e+01  0.000000e+00
     vertex  1.751040e+02 -7.815347e+01  1.510000e+00
     vertex  1.752205e+02 -7.813814e+01  1.510000e+00
   endloop
 endfacet
 facet normal -3.826834e-01  9.238795e-01  0.000000e+00
   outer loop
     vertex  1.753290e+02 -7.809318e+01  0.000000e+00
     vertex  1.752205e+02 -7.813814e+01  1.510000e+00
     vertex  1.753290e+02 -7.809318e+01  1.510000e+00
   endloop
 endfacet
 facet normal -3.826834e-01  9.238795e-01  0.000000e+00
   outer loop
     vertex  1.753290e+02 -7.809318e+01  0.000000e+00
     vertex  1.752205e+02 -7.813814e+01  0.000000e+00
     vertex  1.752205e+02 -7.813814e+01  1.510000e+00
   endloop
 endfacet
 facet normal -6.087614e-01  7.933533e-01  0.000000e+00
   outer loop
     vertex  1.754222e+02 -7.802167e+01  0.000000e+00
     vertex  1.753290e+02 -7.809318e+01  1.510000e+00
     vertex  1.754222e+02 -7.802167e+01  1.510000e+00
   endloop
 endfacet
 facet normal -6.087614e-01  7.933533e-01  0.000000e+00
   outer loop
     vertex  1.754222e+02 -7.802167e+01  0.000000e+00
     vertex  1.753290e+02 -7.809318e+01  0.000000e+00
     vertex  1.753290e+02 -7.809318e+01  1.510000e+00
   endloop
 endfacet
 facet normal -7.933533e-01  6.087614e-01  0.000000e+00
   outer loop
     vertex  1.754937e+02 -7.792847e+01  0.000000e+00
     vertex  1.754222e+02 -7.802167e+01  1.510000e+00
     vertex  1.754937e+02 -7.792847e+01  1.510000e+00
   endloop
 endfacet
 facet normal -7.933533e-01  6.087614e-01  0.000000e+00
   outer loop
     vertex  1.754937e+02 -7.792847e+01  0.000000e+00
     vertex  1.754222e+02 -7.802167e+01  0.000000e+00
     vertex  1.754222e+02 -7.802167e+01  1.510000e+00
   endloop
 endfacet
 facet normal -9.238795e-01  3.826834e-01  0.000000e+00
   outer loop
     vertex  1.755387e+02 -7.781994e+01  0.000000e+00
     vertex  1.754937e+02 -7.792847e+01  1.510000e+00
     vertex  1.755387e+02 -7.781994e+01  1.510000e+00
   endloop
 endfacet
 facet normal -9.238795e-01  3.826834e-01  0.000000e+00
   outer loop
     vertex  1.755387e+02 -7.781994e+01  0.000000e+00
     vertex  1.754937e+02 -7.792847e+01  0.000000e+00
     vertex  1.754937e+02 -7.792847e+01  1.510000e+00
   endloop
 endfacet
 facet normal -9.914449e-01  1.305262e-01  0.000000e+00
   outer loop
     vertex  1.755540e+02 -7.770347e+01  0.000000e+00
     vertex  1.755387e+02 -7.781994e+01  1.510000e+00
     vertex  1.755540e+02 -7.770347e+01  1.510000e+00
   endloop
 endfacet
 facet normal -9.914449e-01  1.305262e-01  0.000000e+00
   outer loop
     vertex  1.755540e+02 -7.770347e+01  0.000000e+00
     vertex  1.755387e+02 -7.781994e+01  0.000000e+00
     vertex  1.755387e+02 -7.781994e+01  1.510000e+00
   endloop
 endfacet
 facet normal -9.914449e-01 -1.305262e-01  0.000000e+00
   outer loop
     vertex  1.755387e+02 -7.758700e+01  0.000000e+00
     vertex  1.755540e+02 -7.770347e+01  1.510000e+00
     vertex  1.755387e+02 -7.758700e+01  1.510000e+00
   endloop
 endfacet
 facet normal -9.914449e-01 -1.305262e-01  0.000000e+00
   outer loop
     vertex  1.755387e+02 -7.758700e+01  0.000000e+00
     vertex  1.755540e+02 -7.770347e+01  0.000000e+00
     vertex  1.755540e+02 -7.770347e+01  1.510000e+00
   endloop
 endfacet
 facet normal -9.238795e-01 -3.826834e-01  0.000000e+00
   outer loop
     vertex  1.754937e+02 -7.747847e+01  0.000000e+00
     vertex  1.755387e+02 -7.758700e+01  1.510000e+00
     vertex  1.754937e+02 -7.747847e+01  1.510000e+00
   endloop
 endfacet
 facet normal -9.238795e-01 -3.826834e-01  0.000000e+00
   outer loop
     vertex  1.754937e+02 -7.747847e+01  0.000000e+00
     vertex  1.755387e+02 -7.758700e+01  0.000000e+00
     vertex  1.755387e+02 -7.758700e+01  1.510000e+00
   endloop
 endfacet
 facet normal -7.933533e-01 -6.087614e-01  0.000000e+00
   outer loop
     vertex  1.754222e+02 -7.738527e+01  0.000000e+00
     vertex  1.754937e+02 -7.747847e+01  1.510000e+00
     vertex  1.754222e+02 -7.738527e+01  1.510000e+00
   endloop
 endfacet
 facet normal -7.933533e-01 -6.087614e-01  0.000000e+00
   outer loop
     vertex  1.754222e+02 -7.738527e+01  0.000000e+00
     vertex  1.754937e+02 -7.747847e+01  0.000000e+00
     vertex  1.754937e+02 -7.747847e+01  1.510000e+00
   endloop
 endfacet
 facet normal -6.087614e-01 -7.933533e-01  0.000000e+00
   outer loop
     vertex  1.753290e+02 -7.731376e+01  0.000000e+00
     vertex  1.754222e+02 -7.738527e+01  1.510000e+00
     vertex  1.753290e+02 -7.731376e+01  1.510000e+00
   endloop
 endfacet
 facet normal -6.087614e-01 -7.933533e-01  0.000000e+00
   outer loop
     vertex  1.753290e+02 -7.731376e+01  0.000000e+00
     vertex  1.754222e+02 -7.738527e+01  0.000000e+00
     vertex  1.754222e+02 -7.738527e+01  1.510000e+00
   endloop
 endfacet
 facet normal -3.826834e-01 -9.238795e-01  0.000000e+00
   outer loop
     vertex  1.752205e+02 -7.726880e+01  0.000000e+00
     vertex  1.753290e+02 -7.731376e+01  1.510000e+00
     vertex  1.752205e+02 -7.726880e+01  1.510000e+00
   endloop
 endfacet
 facet normal -3.826834e-01 -9.238795e-01  0.000000e+00
   outer loop
     vertex  1.752205e+02 -7.726880e+01  0.000000e+00
     vertex  1.753290e+02 -7.731376e+01  0.000000e+00
     vertex  1.753290e+02 -7.731376e+01  1.510000e+00
   endloop
 endfacet
 facet normal -1.305262e-01 -9.914449e-01  0.000000e+00
   outer loop
     vertex  1.751040e+02 -7.725347e+01  0.000000e+00
     vertex  1.752205e+02 -7.726880e+01  1.510000e+00
     vertex  1.751040e+02 -7.725347e+01  1.510000e+00
   endloop
 endfacet
 facet normal -1.305262e-01 -9.914449e-01  0.000000e+00
   outer loop
     vertex  1.751040e+02 -7.725347e+01  0.000000e+00
     vertex  1.752205e+02 -7.726880e+01  0.000000e+00
     vertex  1.752205e+02 -7.726880e+01  1.510000e+00
   endloop
 endfacet
 facet normal  1.305262e-01 -9.914449e-01  0.000000e+00
   outer loop
     vertex  1.749875e+02 -7.726880e+01  0.000000e+00
     vertex  1.751040e+02 -7.725347e+01  1.510000e+00
     vertex  1.749875e+02 -7.726880e+01  1.510000e+00
   endloop
 endfacet
 facet normal  1.305262e-01 -9.914449e-01  0.000000e+00
   outer loop
     vertex  1.749875e+02 -7.726880e+01  0.000000e+00
     vertex  1.751040e+02 -7.725347e+01  0.000000e+00
     vertex  1.751040e+02 -7.725347e+01  1.510000e+00
   endloop
 endfacet
 facet normal  3.826834e-01 -9.238795e-01  0.000000e+00
   outer loop
     vertex  1.748790e+02 -7.731376e+01  0.000000e+00
     vertex  1.749875e+02 -7.726880e+01  0.000000e+00
     vertex  1.749875e+02 -7.726880e+01  1.510000e+00
   endloop
 endfacet
 facet normal  3.826834e-01 -9.238795e-01  0.000000e+00
   outer loop
     vertex  1.748790e+02 -7.731376e+01  0.000000e+00
     vertex  1.749875e+02 -7.726880e+01  1.510000e+00
     vertex  1.748790e+02 -7.731376e+01  1.510000e+00
   endloop
 endfacet
 facet normal  6.087614e-01 -7.933533e-01  0.000000e+00
   outer loop
     vertex  1.747858e+02 -7.738527e+01  0.000000e+00
     vertex  1.748790e+02 -7.731376e+01  0.000000e+00
     vertex  1.748790e+02 -7.731376e+01  1.510000e+00
   endloop
 endfacet
 facet normal  7.933533e-01 -6.087614e-01  0.000000e+00
   outer loop
     vertex  1.747858e+02 -7.738527e+01  0.000000e+00
     vertex  1.747858e+02 -7.738527e+01  1.510000e+00
     vertex  1.747143e+02 -7.747847e+01  1.510000e+00
   endloop
 endfacet
 facet normal  6.087614e-01 -7.933533e-01  0.000000e+00
   outer loop
     vertex  1.747858e+02 -7.738527e+01  0.000000e+00
     vertex  1.748790e+02 -7.731376e+01  1.510000e+00
     vertex  1.747858e+02 -7.738527e+01  1.510000e+00
   endloop
 endfacet
 facet normal  7.933533e-01 -6.087614e-01  0.000000e+00
   outer loop
     vertex  1.747143e+02 -7.747847e+01  0.000000e+00
     vertex  1.747858e+02 -7.738527e+01  0.000000e+00
     vertex  1.747143e+02 -7.747847e+01  1.510000e+00
   endloop
 endfacet
 facet normal  9.238795e-01 -3.826834e-01  0.000000e+00
   outer loop
     vertex  1.747143e+02 -7.747847e+01  0.000000e+00
     vertex  1.747143e+02 -7.747847e+01  1.510000e+00
     vertex  1.746693e+02 -7.758700e+01  1.510000e+00
   endloop
 endfacet
 facet normal  9.238795e-01 -3.826834e-01  0.000000e+00
   outer loop
     vertex  1.746693e+02 -7.758700e+01  0.000000e+00
     vertex  1.747143e+02 -7.747847e+01  0.000000e+00
     vertex  1.746693e+02 -7.758700e+01  1.510000e+00
   endloop
 endfacet
 facet normal  9.914449e-01 -1.305262e-01  0.000000e+00
   outer loop
     vertex  1.746540e+02 -7.770347e+01  0.000000e+00
     vertex  1.746693e+02 -7.758700e+01  0.000000e+00
     vertex  1.746693e+02 -7.758700e+01  1.510000e+00
   endloop
 endfacet
 facet normal  9.914449e-01 -1.305262e-01  0.000000e+00
   outer loop
     vertex  1.746540e+02 -7.770347e+01  0.000000e+00
     vertex  1.746693e+02 -7.758700e+01  1.510000e+00
     vertex  1.746540e+02 -7.770347e+01  1.510000e+00
   endloop
 endfacet
 facet normal  9.914449e-01  1.305262e-01 -0.000000e+00
   outer loop
     vertex  1.746693e+02 -7.781994e+01  0.000000e+00
     vertex  1.746540e+02 -7.770347e+01  1.510000e+00
     vertex  1.746693e+02 -7.781994e+01  1.510000e+00
   endloop
 endfacet
 facet normal  9.914449e-01  1.305262e-01  0.000000e+00
   outer loop
     vertex  1.746693e+02 -7.781994e+01  0.000000e+00
     vertex  1.746540e+02 -7.770347e+01  0.000000e+00
     vertex  1.746540e+02 -7.770347e+01  1.510000e+00
   endloop
 endfacet
 facet normal  9.238795e-01  3.826834e-01 -0.000000e+00
   outer loop
     vertex  1.747143e+02 -7.792847e+01  0.000000e+00
     vertex  1.746693e+02 -7.781994e+01  1.510000e+00
     vertex  1.747143e+02 -7.792847e+01  1.510000e+00
   endloop
 endfacet
 facet normal  9.238795e-01  3.826834e-01  0.000000e+00
   outer loop
     vertex  1.747143e+02 -7.792847e+01  0.000000e+00
     vertex  1.746693e+02 -7.781994e+01  0.000000e+00
     vertex  1.746693e+02 -7.781994e+01  1.510000e+00
   endloop
 endfacet
 facet normal  6.087614e-01  7.933533e-01 -0.000000e+00
   outer loop
     vertex  1.747858e+02 -7.802167e+01  0.000000e+00
     vertex  1.747858e+02 -7.802167e+01  1.510000e+00
     vertex  1.748790e+02 -7.809318e+01  1.510000e+00
   endloop
 endfacet
 facet normal  7.933533e-01  6.087614e-01 -0.000000e+00
   outer loop
     vertex  1.747858e+02 -7.802167e+01  0.000000e+00
     vertex  1.747143e+02 -7.792847e+01  1.510000e+00
     vertex  1.747858e+02 -7.802167e+01  1.510000e+00
   endloop
 endfacet
 facet normal  7.933533e-01  6.087614e-01  0.000000e+00
   outer loop
     vertex  1.747858e+02 -7.802167e+01  0.000000e+00
     vertex  1.747143e+02 -7.792847e+01  0.000000e+00
     vertex  1.747143e+02 -7.792847e+01  1.510000e+00
   endloop
 endfacet
 facet normal  6.087614e-01  7.933533e-01 -0.000000e+00
   outer loop
     vertex  1.748790e+02 -7.809318e+01  0.000000e+00
     vertex  1.747858e+02 -7.802167e+01  0.000000e+00
     vertex  1.748790e+02 -7.809318e+01  1.510000e+00
   endloop
 endfacet
 facet normal  3.826834e-01  9.238795e-01 -0.000000e+00
   outer loop
     vertex  1.749875e+02 -7.813814e+01  0.000000e+00
     vertex  1.748790e+02 -7.809318e+01  1.510000e+00
     vertex  1.749875e+02 -7.813814e+01  1.510000e+00
   endloop
 endfacet
 facet normal  3.826834e-01  9.238795e-01  0.000000e+00
   outer loop
     vertex  1.749875e+02 -7.813814e+01  0.000000e+00
     vertex  1.748790e+02 -7.809318e+01  0.000000e+00
     vertex  1.748790e+02 -7.809318e+01  1.510000e+00
   endloop
 endfacet
 facet normal  1.305262e-01  9.914449e-01 -0.000000e+00
   outer loop
     vertex  1.751040e+02 -7.815347e+01  0.000000e+00
     vertex  1.749875e+02 -7.813814e+01  1.510000e+00
     vertex  1.751040e+02 -7.815347e+01  1.510000e+00
   endloop
 endfacet
 facet normal  1.305262e-01  9.914449e-01  0.000000e+00
   outer loop
     vertex  1.751040e+02 -7.815347e+01  0.000000e+00
     vertex  1.749875e+02 -7.813814e+01  0.000000e+00
     vertex  1.749875e+02 -7.813814e+01  1.510000e+00
   endloop
 endfacet
 facet normal -1.305262e-01  9.914449e-01  0.000000e+00
   outer loop
     vertex  1.708075e+02 -7.688984e+01  0.000000e+00
     vertex  1.707040e+02 -7.690347e+01  0.000000e+00
     vertex  1.707040e+02 -7.690347e+01  1.510000e+00
   endloop
 endfacet
 facet normal -1.305262e-01  9.914449e-01  0.000000e+00
   outer loop
     vertex  1.708075e+02 -7.688984e+01  0.000000e+00
     vertex  1.707040e+02 -7.690347e+01  1.510000e+00
     vertex  1.708075e+02 -7.688984e+01  1.510000e+00
   endloop
 endfacet
 facet normal -3.826834e-01  9.238795e-01  0.000000e+00
   outer loop
     vertex  1.709040e+02 -7.684988e+01  0.000000e+00
     vertex  1.708075e+02 -7.688984e+01  1.510000e+00
     vertex  1.709040e+02 -7.684988e+01  1.510000e+00
   endloop
 endfacet
 facet normal -3.826834e-01  9.238795e-01  0.000000e+00
   outer loop
     vertex  1.709040e+02 -7.684988e+01  0.000000e+00
     vertex  1.708075e+02 -7.688984e+01  0.000000e+00
     vertex  1.708075e+02 -7.688984e+01  1.510000e+00
   endloop
 endfacet
 facet normal -6.087614e-01  7.933533e-01  0.000000e+00
   outer loop
     vertex  1.709868e+02 -7.678631e+01  0.000000e+00
     vertex  1.709040e+02 -7.684988e+01  1.510000e+00
     vertex  1.709868e+02 -7.678631e+01  1.510000e+00
   endloop
 endfacet
 facet normal -6.087614e-01  7.933533e-01  0.000000e+00
   outer loop
     vertex  1.709868e+02 -7.678631e+01  0.000000e+00
     vertex  1.709040e+02 -7.684988e+01  0.000000e+00
     vertex  1.709040e+02 -7.684988e+01  1.510000e+00
   endloop
 endfacet
 facet normal -7.933533e-01  6.087614e-01  0.000000e+00
   outer loop
     vertex  1.710504e+02 -7.670347e+01  0.000000e+00
     vertex  1.709868e+02 -7.678631e+01  1.510000e+00
     vertex  1.710504e+02 -7.670347e+01  1.510000e+00
   endloop
 endfacet
 facet normal -7.933533e-01  6.087614e-01  0.000000e+00
   outer loop
     vertex  1.710504e+02 -7.670347e+01  0.000000e+00
     vertex  1.709868e+02 -7.678631e+01  0.000000e+00
     vertex  1.709868e+02 -7.678631e+01  1.510000e+00
   endloop
 endfacet
 facet normal -9.238795e-01  3.826834e-01  0.000000e+00
   outer loop
     vertex  1.710904e+02 -7.660700e+01  0.000000e+00
     vertex  1.710504e+02 -7.670347e+01  1.510000e+00
     vertex  1.710904e+02 -7.660700e+01  1.510000e+00
   endloop
 endfacet
 facet normal -9.238795e-01  3.826834e-01  0.000000e+00
   outer loop
     vertex  1.710904e+02 -7.660700e+01  0.000000e+00
     vertex  1.710504e+02 -7.670347e+01  0.000000e+00
     vertex  1.710504e+02 -7.670347e+01  1.510000e+00
   endloop
 endfacet
 facet normal -9.914449e-01  1.305262e-01  0.000000e+00
   outer loop
     vertex  1.711040e+02 -7.650347e+01  0.000000e+00
     vertex  1.710904e+02 -7.660700e+01  1.510000e+00
     vertex  1.711040e+02 -7.650347e+01  1.510000e+00
   endloop
 endfacet
 facet normal -9.914449e-01  1.305262e-01  0.000000e+00
   outer loop
     vertex  1.711040e+02 -7.650347e+01  0.000000e+00
     vertex  1.710904e+02 -7.660700e+01  0.000000e+00
     vertex  1.710904e+02 -7.660700e+01  1.510000e+00
   endloop
 endfacet
 facet normal -9.914449e-01 -1.305262e-01  0.000000e+00
   outer loop
     vertex  1.710904e+02 -7.639994e+01  0.000000e+00
     vertex  1.711040e+02 -7.650347e+01  1.510000e+00
     vertex  1.710904e+02 -7.639994e+01  1.510000e+00
   endloop
 endfacet
 facet normal -9.914449e-01 -1.305262e-01  0.000000e+00
   outer loop
     vertex  1.710904e+02 -7.639994e+01  0.000000e+00
     vertex  1.711040e+02 -7.650347e+01  0.000000e+00
     vertex  1.711040e+02 -7.650347e+01  1.510000e+00
   endloop
 endfacet
 facet normal -9.238795e-01 -3.826834e-01  0.000000e+00
   outer loop
     vertex  1.710504e+02 -7.630347e+01  0.000000e+00
     vertex  1.710904e+02 -7.639994e+01  1.510000e+00
     vertex  1.710504e+02 -7.630347e+01  1.510000e+00
   endloop
 endfacet
 facet normal -9.238795e-01 -3.826834e-01  0.000000e+00
   outer loop
     vertex  1.710504e+02 -7.630347e+01  0.000000e+00
     vertex  1.710904e+02 -7.639994e+01  0.000000e+00
     vertex  1.710904e+02 -7.639994e+01  1.510000e+00
   endloop
 endfacet
 facet normal -7.933533e-01 -6.087614e-01  0.000000e+00
   outer loop
     vertex  1.709868e+02 -7.622063e+01  0.000000e+00
     vertex  1.710504e+02 -7.630347e+01  1.510000e+00
     vertex  1.709868e+02 -7.622063e+01  1.510000e+00
   endloop
 endfacet
 facet normal -7.933533e-01 -6.087614e-01  0.000000e+00
   outer loop
     vertex  1.709868e+02 -7.622063e+01  0.000000e+00
     vertex  1.710504e+02 -7.630347e+01  0.000000e+00
     vertex  1.710504e+02 -7.630347e+01  1.510000e+00
   endloop
 endfacet
 facet normal -6.087614e-01 -7.933533e-01  0.000000e+00
   outer loop
     vertex  1.709040e+02 -7.615706e+01  0.000000e+00
     vertex  1.709868e+02 -7.622063e+01  1.510000e+00
     vertex  1.709040e+02 -7.615706e+01  1.510000e+00
   endloop
 endfacet
 facet normal -6.087614e-01 -7.933533e-01  0.000000e+00
   outer loop
     vertex  1.709040e+02 -7.615706e+01  0.000000e+00
     vertex  1.709868e+02 -7.622063e+01  0.000000e+00
     vertex  1.709868e+02 -7.622063e+01  1.510000e+00
   endloop
 endfacet
 facet normal -3.826834e-01 -9.238795e-01  0.000000e+00
   outer loop
     vertex  1.708075e+02 -7.611710e+01  0.000000e+00
     vertex  1.709040e+02 -7.615706e+01  1.510000e+00
     vertex  1.708075e+02 -7.611710e+01  1.510000e+00
   endloop
 endfacet
 facet normal -3.826834e-01 -9.238795e-01  0.000000e+00
   outer loop
     vertex  1.708075e+02 -7.611710e+01  0.000000e+00
     vertex  1.709040e+02 -7.615706e+01  0.000000e+00
     vertex  1.709040e+02 -7.615706e+01  1.510000e+00
   endloop
 endfacet
 facet normal -1.305262e-01 -9.914449e-01  0.000000e+00
   outer loop
     vertex  1.707040e+02 -7.610347e+01  0.000000e+00
     vertex  1.708075e+02 -7.611710e+01  1.510000e+00
     vertex  1.707040e+02 -7.610347e+01  1.510000e+00
   endloop
 endfacet
 facet normal -1.305262e-01 -9.914449e-01  0.000000e+00
   outer loop
     vertex  1.707040e+02 -7.610347e+01  0.000000e+00
     vertex  1.708075e+02 -7.611710e+01  0.000000e+00
     vertex  1.708075e+02 -7.611710e+01  1.510000e+00
   endloop
 endfacet
 facet normal  1.305262e-01 -9.914449e-01  0.000000e+00
   outer loop
     vertex  1.706005e+02 -7.611710e+01  0.000000e+00
     vertex  1.707040e+02 -7.610347e+01  1.510000e+00
     vertex  1.706005e+02 -7.611710e+01  1.510000e+00
   endloop
 endfacet
 facet normal  1.305262e-01 -9.914449e-01  0.000000e+00
   outer loop
     vertex  1.706005e+02 -7.611710e+01  0.000000e+00
     vertex  1.707040e+02 -7.610347e+01  0.000000e+00
     vertex  1.707040e+02 -7.610347e+01  1.510000e+00
   endloop
 endfacet
 facet normal  3.826834e-01 -9.238795e-01  0.000000e+00
   outer loop
     vertex  1.705040e+02 -7.615706e+01  0.000000e+00
     vertex  1.706005e+02 -7.611710e+01  0.000000e+00
     vertex  1.706005e+02 -7.611710e+01  1.510000e+00
   endloop
 endfacet
 facet normal  3.826834e-01 -9.238795e-01  0.000000e+00
   outer loop
     vertex  1.705040e+02 -7.615706e+01  0.000000e+00
     vertex  1.706005e+02 -7.611710e+01  1.510000e+00
     vertex  1.705040e+02 -7.615706e+01  1.510000e+00
   endloop
 endfacet
 facet normal  6.087614e-01 -7.933533e-01  0.000000e+00
   outer loop
     vertex  1.704212e+02 -7.622063e+01  0.000000e+00
     vertex  1.705040e+02 -7.615706e+01  0.000000e+00
     vertex  1.705040e+02 -7.615706e+01  1.510000e+00
   endloop
 endfacet
 facet normal  7.933533e-01 -6.087614e-01  0.000000e+00
   outer loop
     vertex  1.704212e+02 -7.622063e+01  0.000000e+00
     vertex  1.704212e+02 -7.622063e+01  1.510000e+00
     vertex  1.703576e+02 -7.630347e+01  1.510000e+00
   endloop
 endfacet
 facet normal  6.087614e-01 -7.933533e-01  0.000000e+00
   outer loop
     vertex  1.704212e+02 -7.622063e+01  0.000000e+00
     vertex  1.705040e+02 -7.615706e+01  1.510000e+00
     vertex  1.704212e+02 -7.622063e+01  1.510000e+00
   endloop
 endfacet
 facet normal  7.933533e-01 -6.087614e-01  0.000000e+00
   outer loop
     vertex  1.703576e+02 -7.630347e+01  0.000000e+00
     vertex  1.704212e+02 -7.622063e+01  0.000000e+00
     vertex  1.703576e+02 -7.630347e+01  1.510000e+00
   endloop
 endfacet
 facet normal  9.238795e-01 -3.826834e-01  0.000000e+00
   outer loop
     vertex  1.703576e+02 -7.630347e+01  0.000000e+00
     vertex  1.703576e+02 -7.630347e+01  1.510000e+00
     vertex  1.703176e+02 -7.639994e+01  1.510000e+00
   endloop
 endfacet
 facet normal  9.238795e-01 -3.826834e-01  0.000000e+00
   outer loop
     vertex  1.703176e+02 -7.639994e+01  0.000000e+00
     vertex  1.703576e+02 -7.630347e+01  0.000000e+00
     vertex  1.703176e+02 -7.639994e+01  1.510000e+00
   endloop
 endfacet
 facet normal  9.914449e-01 -1.305262e-01  0.000000e+00
   outer loop
     vertex  1.703040e+02 -7.650347e+01  0.000000e+00
     vertex  1.703176e+02 -7.639994e+01  0.000000e+00
     vertex  1.703176e+02 -7.639994e+01  1.510000e+00
   endloop
 endfacet
 facet normal  9.914449e-01 -1.305262e-01  0.000000e+00
   outer loop
     vertex  1.703040e+02 -7.650347e+01  0.000000e+00
     vertex  1.703176e+02 -7.639994e+01  1.510000e+00
     vertex  1.703040e+02 -7.650347e+01  1.510000e+00
   endloop
 endfacet
 facet normal  9.914449e-01  1.305262e-01 -0.000000e+00
   outer loop
     vertex  1.703176e+02 -7.660700e+01  0.000000e+00
     vertex  1.703040e+02 -7.650347e+01  1.510000e+00
     vertex  1.703176e+02 -7.660700e+01  1.510000e+00
   endloop
 endfacet
 facet normal  9.914449e-01  1.305262e-01  0.000000e+00
   outer loop
     vertex  1.703176e+02 -7.660700e+01  0.000000e+00
     vertex  1.703040e+02 -7.650347e+01  0.000000e+00
     vertex  1.703040e+02 -7.650347e+01  1.510000e+00
   endloop
 endfacet
 facet normal  9.238795e-01  3.826834e-01 -0.000000e+00
   outer loop
     vertex  1.703576e+02 -7.670347e+01  0.000000e+00
     vertex  1.703176e+02 -7.660700e+01  1.510000e+00
     vertex  1.703576e+02 -7.670347e+01  1.510000e+00
   endloop
 endfacet
 facet normal  9.238795e-01  3.826834e-01  0.000000e+00
   outer loop
     vertex  1.703576e+02 -7.670347e+01  0.000000e+00
     vertex  1.703176e+02 -7.660700e+01  0.000000e+00
     vertex  1.703176e+02 -7.660700e+01  1.510000e+00
   endloop
 endfacet
 facet normal  6.087614e-01  7.933533e-01 -0.000000e+00
   outer loop
     vertex  1.704212e+02 -7.678631e+01  0.000000e+00
     vertex  1.704212e+02 -7.678631e+01  1.510000e+00
     vertex  1.705040e+02 -7.684988e+01  1.510000e+00
   endloop
 endfacet
 facet normal  7.933533e-01  6.087614e-01 -0.000000e+00
   outer loop
     vertex  1.704212e+02 -7.678631e+01  0.000000e+00
     vertex  1.703576e+02 -7.670347e+01  1.510000e+00
     vertex  1.704212e+02 -7.678631e+01  1.510000e+00
   endloop
 endfacet
 facet normal  7.933533e-01  6.087614e-01  0.000000e+00
   outer loop
     vertex  1.704212e+02 -7.678631e+01  0.000000e+00
     vertex  1.703576e+02 -7.670347e+01  0.000000e+00
     vertex  1.703576e+02 -7.670347e+01  1.510000e+00
   endloop
 endfacet
 facet normal  6.087614e-01  7.933533e-01 -0.000000e+00
   outer loop
     vertex  1.705040e+02 -7.684988e+01  0.000000e+00
     vertex  1.704212e+02 -7.678631e+01  0.000000e+00
     vertex  1.705040e+02 -7.684988e+01  1.510000e+00
   endloop
 endfacet
 facet normal  3.826834e-01  9.238795e-01 -0.000000e+00
   outer loop
     vertex  1.706005e+02 -7.688984e+01  0.000000e+00
     vertex  1.705040e+02 -7.684988e+01  1.510000e+00
     vertex  1.706005e+02 -7.688984e+01  1.510000e+00
   endloop
 endfacet
 facet normal  3.826834e-01  9.238795e-01  0.000000e+00
   outer loop
     vertex  1.706005e+02 -7.688984e+01  0.000000e+00
     vertex  1.705040e+02 -7.684988e+01  0.000000e+00
     vertex  1.705040e+02 -7.684988e+01  1.510000e+00
   endloop
 endfacet
 facet normal  1.305262e-01  9.914449e-01 -0.000000e+00
   outer loop
     vertex  1.707040e+02 -7.690347e+01  0.000000e+00
     vertex  1.706005e+02 -7.688984e+01  1.510000e+00
     vertex  1.707040e+02 -7.690347e+01  1.510000e+00
   endloop
 endfacet
 facet normal  1.305262e-01  9.914449e-01  0.000000e+00
   outer loop
     vertex  1.707040e+02 -7.690347e+01  0.000000e+00
     vertex  1.706005e+02 -7.688984e+01  0.000000e+00
     vertex  1.706005e+02 -7.688984e+01  1.510000e+00
   endloop
 endfacet
 facet normal -1.305262e-01  9.914449e-01  0.000000e+00
   outer loop
     vertex  1.708075e+02 -7.488984e+01  0.000000e+00
     vertex  1.707040e+02 -7.490347e+01  0.000000e+00
     vertex  1.707040e+02 -7.490347e+01  1.510000e+00
   endloop
 endfacet
 facet normal -1.305262e-01  9.914449e-01  0.000000e+00
   outer loop
     vertex  1.708075e+02 -7.488984e+01  0.000000e+00
     vertex  1.707040e+02 -7.490347e+01  1.510000e+00
     vertex  1.708075e+02 -7.488984e+01  1.510000e+00
   endloop
 endfacet
 facet normal -3.826834e-01  9.238795e-01  0.000000e+00
   outer loop
     vertex  1.709040e+02 -7.484988e+01  0.000000e+00
     vertex  1.708075e+02 -7.488984e+01  1.510000e+00
     vertex  1.709040e+02 -7.484988e+01  1.510000e+00
   endloop
 endfacet
 facet normal -3.826834e-01  9.238795e-01  0.000000e+00
   outer loop
     vertex  1.709040e+02 -7.484988e+01  0.000000e+00
     vertex  1.708075e+02 -7.488984e+01  0.000000e+00
     vertex  1.708075e+02 -7.488984e+01  1.510000e+00
   endloop
 endfacet
 facet normal -6.087614e-01  7.933533e-01  0.000000e+00
   outer loop
     vertex  1.709868e+02 -7.478631e+01  0.000000e+00
     vertex  1.709040e+02 -7.484988e+01  1.510000e+00
     vertex  1.709868e+02 -7.478631e+01  1.510000e+00
   endloop
 endfacet
 facet normal -6.087614e-01  7.933533e-01  0.000000e+00
   outer loop
     vertex  1.709868e+02 -7.478631e+01  0.000000e+00
     vertex  1.709040e+02 -7.484988e+01  0.000000e+00
     vertex  1.709040e+02 -7.484988e+01  1.510000e+00
   endloop
 endfacet
 facet normal -7.933533e-01  6.087614e-01  0.000000e+00
   outer loop
     vertex  1.710504e+02 -7.470347e+01  0.000000e+00
     vertex  1.709868e+02 -7.478631e+01  1.510000e+00
     vertex  1.710504e+02 -7.470347e+01  1.510000e+00
   endloop
 endfacet
 facet normal -7.933533e-01  6.087614e-01  0.000000e+00
   outer loop
     vertex  1.710504e+02 -7.470347e+01  0.000000e+00
     vertex  1.709868e+02 -7.478631e+01  0.000000e+00
     vertex  1.709868e+02 -7.478631e+01  1.510000e+00
   endloop
 endfacet
 facet normal -9.238795e-01  3.826834e-01  0.000000e+00
   outer loop
     vertex  1.710904e+02 -7.460700e+01  0.000000e+00
     vertex  1.710504e+02 -7.470347e+01  1.510000e+00
     vertex  1.710904e+02 -7.460700e+01  1.510000e+00
   endloop
 endfacet
 facet normal -9.238795e-01  3.826834e-01  0.000000e+00
   outer loop
     vertex  1.710904e+02 -7.460700e+01  0.000000e+00
     vertex  1.710504e+02 -7.470347e+01  0.000000e+00
     vertex  1.710504e+02 -7.470347e+01  1.510000e+00
   endloop
 endfacet
 facet normal -9.914449e-01  1.305262e-01  0.000000e+00
   outer loop
     vertex  1.711040e+02 -7.450347e+01  0.000000e+00
     vertex  1.710904e+02 -7.460700e+01  1.510000e+00
     vertex  1.711040e+02 -7.450347e+01  1.510000e+00
   endloop
 endfacet
 facet normal -9.914449e-01  1.305262e-01  0.000000e+00
   outer loop
     vertex  1.711040e+02 -7.450347e+01  0.000000e+00
     vertex  1.710904e+02 -7.460700e+01  0.000000e+00
     vertex  1.710904e+02 -7.460700e+01  1.510000e+00
   endloop
 endfacet
 facet normal -9.914449e-01 -1.305262e-01  0.000000e+00
   outer loop
     vertex  1.710904e+02 -7.439994e+01  0.000000e+00
     vertex  1.711040e+02 -7.450347e+01  1.510000e+00
     vertex  1.710904e+02 -7.439994e+01  1.510000e+00
   endloop
 endfacet
 facet normal -9.914449e-01 -1.305262e-01  0.000000e+00
   outer loop
     vertex  1.710904e+02 -7.439994e+01  0.000000e+00
     vertex  1.711040e+02 -7.450347e+01  0.000000e+00
     vertex  1.711040e+02 -7.450347e+01  1.510000e+00
   endloop
 endfacet
 facet normal -9.238795e-01 -3.826834e-01  0.000000e+00
   outer loop
     vertex  1.710504e+02 -7.430347e+01  0.000000e+00
     vertex  1.710904e+02 -7.439994e+01  1.510000e+00
     vertex  1.710504e+02 -7.430347e+01  1.510000e+00
   endloop
 endfacet
 facet normal -9.238795e-01 -3.826834e-01  0.000000e+00
   outer loop
     vertex  1.710504e+02 -7.430347e+01  0.000000e+00
     vertex  1.710904e+02 -7.439994e+01  0.000000e+00
     vertex  1.710904e+02 -7.439994e+01  1.510000e+00
   endloop
 endfacet
 facet normal -7.933533e-01 -6.087614e-01  0.000000e+00
   outer loop
     vertex  1.709868e+02 -7.422063e+01  0.000000e+00
     vertex  1.710504e+02 -7.430347e+01  1.510000e+00
     vertex  1.709868e+02 -7.422063e+01  1.510000e+00
   endloop
 endfacet
 facet normal -7.933533e-01 -6.087614e-01  0.000000e+00
   outer loop
     vertex  1.709868e+02 -7.422063e+01  0.000000e+00
     vertex  1.710504e+02 -7.430347e+01  0.000000e+00
     vertex  1.710504e+02 -7.430347e+01  1.510000e+00
   endloop
 endfacet
 facet normal -6.087614e-01 -7.933533e-01  0.000000e+00
   outer loop
     vertex  1.709040e+02 -7.415706e+01  0.000000e+00
     vertex  1.709868e+02 -7.422063e+01  1.510000e+00
     vertex  1.709040e+02 -7.415706e+01  1.510000e+00
   endloop
 endfacet
 facet normal -6.087614e-01 -7.933533e-01  0.000000e+00
   outer loop
     vertex  1.709040e+02 -7.415706e+01  0.000000e+00
     vertex  1.709868e+02 -7.422063e+01  0.000000e+00
     vertex  1.709868e+02 -7.422063e+01  1.510000e+00
   endloop
 endfacet
 facet normal -3.826834e-01 -9.238795e-01  0.000000e+00
   outer loop
     vertex  1.708075e+02 -7.411710e+01  0.000000e+00
     vertex  1.709040e+02 -7.415706e+01  1.510000e+00
     vertex  1.708075e+02 -7.411710e+01  1.510000e+00
   endloop
 endfacet
 facet normal -3.826834e-01 -9.238795e-01  0.000000e+00
   outer loop
     vertex  1.708075e+02 -7.411710e+01  0.000000e+00
     vertex  1.709040e+02 -7.415706e+01  0.000000e+00
     vertex  1.709040e+02 -7.415706e+01  1.510000e+00
   endloop
 endfacet
 facet normal -1.305262e-01 -9.914449e-01  0.000000e+00
   outer loop
     vertex  1.707040e+02 -7.410347e+01  0.000000e+00
     vertex  1.708075e+02 -7.411710e+01  1.510000e+00
     vertex  1.707040e+02 -7.410347e+01  1.510000e+00
   endloop
 endfacet
 facet normal -1.305262e-01 -9.914449e-01  0.000000e+00
   outer loop
     vertex  1.707040e+02 -7.410347e+01  0.000000e+00
     vertex  1.708075e+02 -7.411710e+01  0.000000e+00
     vertex  1.708075e+02 -7.411710e+01  1.510000e+00
   endloop
 endfacet
 facet normal  1.305262e-01 -9.914449e-01  0.000000e+00
   outer loop
     vertex  1.706005e+02 -7.411710e+01  0.000000e+00
     vertex  1.707040e+02 -7.410347e+01  1.510000e+00
     vertex  1.706005e+02 -7.411710e+01  1.510000e+00
   endloop
 endfacet
 facet normal  1.305262e-01 -9.914449e-01  0.000000e+00
   outer loop
     vertex  1.706005e+02 -7.411710e+01  0.000000e+00
     vertex  1.707040e+02 -7.410347e+01  0.000000e+00
     vertex  1.707040e+02 -7.410347e+01  1.510000e+00
   endloop
 endfacet
 facet normal  3.826834e-01 -9.238795e-01  0.000000e+00
   outer loop
     vertex  1.705040e+02 -7.415706e+01  0.000000e+00
     vertex  1.706005e+02 -7.411710e+01  0.000000e+00
     vertex  1.706005e+02 -7.411710e+01  1.510000e+00
   endloop
 endfacet
 facet normal  3.826834e-01 -9.238795e-01  0.000000e+00
   outer loop
     vertex  1.705040e+02 -7.415706e+01  0.000000e+00
     vertex  1.706005e+02 -7.411710e+01  1.510000e+00
     vertex  1.705040e+02 -7.415706e+01  1.510000e+00
   endloop
 endfacet
 facet normal  6.087614e-01 -7.933533e-01  0.000000e+00
   outer loop
     vertex  1.704212e+02 -7.422063e+01  0.000000e+00
     vertex  1.705040e+02 -7.415706e+01  0.000000e+00
     vertex  1.705040e+02 -7.415706e+01  1.510000e+00
   endloop
 endfacet
 facet normal  7.933533e-01 -6.087614e-01  0.000000e+00
   outer loop
     vertex  1.704212e+02 -7.422063e+01  0.000000e+00
     vertex  1.704212e+02 -7.422063e+01  1.510000e+00
     vertex  1.703576e+02 -7.430347e+01  1.510000e+00
   endloop
 endfacet
 facet normal  6.087614e-01 -7.933533e-01  0.000000e+00
   outer loop
     vertex  1.704212e+02 -7.422063e+01  0.000000e+00
     vertex  1.705040e+02 -7.415706e+01  1.510000e+00
     vertex  1.704212e+02 -7.422063e+01  1.510000e+00
   endloop
 endfacet
 facet normal  7.933533e-01 -6.087614e-01  0.000000e+00
   outer loop
     vertex  1.703576e+02 -7.430347e+01  0.000000e+00
     vertex  1.704212e+02 -7.422063e+01  0.000000e+00
     vertex  1.703576e+02 -7.430347e+01  1.510000e+00
   endloop
 endfacet
 facet normal  9.238795e-01 -3.826834e-01  0.000000e+00
   outer loop
     vertex  1.703576e+02 -7.430347e+01  0.000000e+00
     vertex  1.703576e+02 -7.430347e+01  1.510000e+00
     vertex  1.703176e+02 -7.439994e+01  1.510000e+00
   endloop
 endfacet
 facet normal  9.238795e-01 -3.826834e-01  0.000000e+00
   outer loop
     vertex  1.703176e+02 -7.439994e+01  0.000000e+00
     vertex  1.703576e+02 -7.430347e+01  0.000000e+00
     vertex  1.703176e+02 -7.439994e+01  1.510000e+00
   endloop
 endfacet
 facet normal  9.914449e-01 -1.305262e-01  0.000000e+00
   outer loop
     vertex  1.703040e+02 -7.450347e+01  0.000000e+00
     vertex  1.703176e+02 -7.439994e+01  0.000000e+00
     vertex  1.703176e+02 -7.439994e+01  1.510000e+00
   endloop
 endfacet
 facet normal  9.914449e-01 -1.305262e-01  0.000000e+00
   outer loop
     vertex  1.703040e+02 -7.450347e+01  0.000000e+00
     vertex  1.703176e+02 -7.439994e+01  1.510000e+00
     vertex  1.703040e+02 -7.450347e+01  1.510000e+00
   endloop
 endfacet
 facet normal  9.914449e-01  1.305262e-01 -0.000000e+00
   outer loop
     vertex  1.703176e+02 -7.460700e+01  0.000000e+00
     vertex  1.703040e+02 -7.450347e+01  1.510000e+00
     vertex  1.703176e+02 -7.460700e+01  1.510000e+00
   endloop
 endfacet
 facet normal  9.914449e-01  1.305262e-01  0.000000e+00
   outer loop
     vertex  1.703176e+02 -7.460700e+01  0.000000e+00
     vertex  1.703040e+02 -7.450347e+01  0.000000e+00
     vertex  1.703040e+02 -7.450347e+01  1.510000e+00
   endloop
 endfacet
 facet normal  9.238795e-01  3.826834e-01 -0.000000e+00
   outer loop
     vertex  1.703576e+02 -7.470347e+01  0.000000e+00
     vertex  1.703176e+02 -7.460700e+01  1.510000e+00
     vertex  1.703576e+02 -7.470347e+01  1.510000e+00
   endloop
 endfacet
 facet normal  9.238795e-01  3.826834e-01  0.000000e+00
   outer loop
     vertex  1.703576e+02 -7.470347e+01  0.000000e+00
     vertex  1.703176e+02 -7.460700e+01  0.000000e+00
     vertex  1.703176e+02 -7.460700e+01  1.510000e+00
   endloop
 endfacet
 facet normal  6.087614e-01  7.933533e-01 -0.000000e+00
   outer loop
     vertex  1.704212e+02 -7.478631e+01  0.000000e+00
     vertex  1.704212e+02 -7.478631e+01  1.510000e+00
     vertex  1.705040e+02 -7.484988e+01  1.510000e+00
   endloop
 endfacet
 facet normal  7.933533e-01  6.087614e-01 -0.000000e+00
   outer loop
     vertex  1.704212e+02 -7.478631e+01  0.000000e+00
     vertex  1.703576e+02 -7.470347e+01  1.510000e+00
     vertex  1.704212e+02 -7.478631e+01  1.510000e+00
   endloop
 endfacet
 facet normal  7.933533e-01  6.087614e-01  0.000000e+00
   outer loop
     vertex  1.704212e+02 -7.478631e+01  0.000000e+00
     vertex  1.703576e+02 -7.470347e+01  0.000000e+00
     vertex  1.703576e+02 -7.470347e+01  1.510000e+00
   endloop
 endfacet
 facet normal  6.087614e-01  7.933533e-01 -0.000000e+00
   outer loop
     vertex  1.705040e+02 -7.484988e+01  0.000000e+00
     vertex  1.704212e+02 -7.478631e+01  0.000000e+00
     vertex  1.705040e+02 -7.484988e+01  1.510000e+00
   endloop
 endfacet
 facet normal  3.826834e-01  9.238795e-01 -0.000000e+00
   outer loop
     vertex  1.706005e+02 -7.488984e+01  0.000000e+00
     vertex  1.705040e+02 -7.484988e+01  1.510000e+00
     vertex  1.706005e+02 -7.488984e+01  1.510000e+00
   endloop
 endfacet
 facet normal  3.826834e-01  9.238795e-01  0.000000e+00
   outer loop
     vertex  1.706005e+02 -7.488984e+01  0.000000e+00
     vertex  1.705040e+02 -7.484988e+01  0.000000e+00
     vertex  1.705040e+02 -7.484988e+01  1.510000e+00
   endloop
 endfacet
 facet normal  1.305262e-01  9.914449e-01 -0.000000e+00
   outer loop
     vertex  1.707040e+02 -7.490347e+01  0.000000e+00
     vertex  1.706005e+02 -7.488984e+01  1.510000e+00
     vertex  1.707040e+02 -7.490347e+01  1.510000e+00
   endloop
 endfacet
 facet normal  1.305262e-01  9.914449e-01  0.000000e+00
   outer loop
     vertex  1.707040e+02 -7.490347e+01  0.000000e+00
     vertex  1.706005e+02 -7.488984e+01  0.000000e+00
     vertex  1.706005e+02 -7.488984e+01  1.510000e+00
   endloop
 endfacet
 facet normal -1.305262e-01  9.914449e-01  0.000000e+00
   outer loop
     vertex  1.752205e+02 -7.613814e+01  0.000000e+00
     vertex  1.751040e+02 -7.615347e+01  0.000000e+00
     vertex  1.751040e+02 -7.615347e+01  1.510000e+00
   endloop
 endfacet
 facet normal -1.305262e-01  9.914449e-01  0.000000e+00
   outer loop
     vertex  1.752205e+02 -7.613814e+01  0.000000e+00
     vertex  1.751040e+02 -7.615347e+01  1.510000e+00
     vertex  1.752205e+02 -7.613814e+01  1.510000e+00
   endloop
 endfacet
 facet normal -3.826834e-01  9.238795e-01  0.000000e+00
   outer loop
     vertex  1.753290e+02 -7.609318e+01  0.000000e+00
     vertex  1.752205e+02 -7.613814e+01  1.510000e+00
     vertex  1.753290e+02 -7.609318e+01  1.510000e+00
   endloop
 endfacet
 facet normal -3.826834e-01  9.238795e-01  0.000000e+00
   outer loop
     vertex  1.753290e+02 -7.609318e+01  0.000000e+00
     vertex  1.752205e+02 -7.613814e+01  0.000000e+00
     vertex  1.752205e+02 -7.613814e+01  1.510000e+00
   endloop
 endfacet
 facet normal -6.087614e-01  7.933533e-01  0.000000e+00
   outer loop
     vertex  1.754222e+02 -7.602167e+01  0.000000e+00
     vertex  1.753290e+02 -7.609318e+01  1.510000e+00
     vertex  1.754222e+02 -7.602167e+01  1.510000e+00
   endloop
 endfacet
 facet normal -6.087614e-01  7.933533e-01  0.000000e+00
   outer loop
     vertex  1.754222e+02 -7.602167e+01  0.000000e+00
     vertex  1.753290e+02 -7.609318e+01  0.000000e+00
     vertex  1.753290e+02 -7.609318e+01  1.510000e+00
   endloop
 endfacet
 facet normal -7.933533e-01  6.087614e-01  0.000000e+00
   outer loop
     vertex  1.754937e+02 -7.592847e+01  0.000000e+00
     vertex  1.754222e+02 -7.602167e+01  1.510000e+00
     vertex  1.754937e+02 -7.592847e+01  1.510000e+00
   endloop
 endfacet
 facet normal -7.933533e-01  6.087614e-01  0.000000e+00
   outer loop
     vertex  1.754937e+02 -7.592847e+01  0.000000e+00
     vertex  1.754222e+02 -7.602167e+01  0.000000e+00
     vertex  1.754222e+02 -7.602167e+01  1.510000e+00
   endloop
 endfacet
 facet normal -9.238795e-01  3.826834e-01  0.000000e+00
   outer loop
     vertex  1.755387e+02 -7.581994e+01  0.000000e+00
     vertex  1.754937e+02 -7.592847e+01  1.510000e+00
     vertex  1.755387e+02 -7.581994e+01  1.510000e+00
   endloop
 endfacet
 facet normal -9.238795e-01  3.826834e-01  0.000000e+00
   outer loop
     vertex  1.755387e+02 -7.581994e+01  0.000000e+00
     vertex  1.754937e+02 -7.592847e+01  0.000000e+00
     vertex  1.754937e+02 -7.592847e+01  1.510000e+00
   endloop
 endfacet
 facet normal -9.914449e-01  1.305262e-01  0.000000e+00
   outer loop
     vertex  1.755540e+02 -7.570347e+01  0.000000e+00
     vertex  1.755387e+02 -7.581994e+01  1.510000e+00
     vertex  1.755540e+02 -7.570347e+01  1.510000e+00
   endloop
 endfacet
 facet normal -9.914449e-01  1.305262e-01  0.000000e+00
   outer loop
     vertex  1.755540e+02 -7.570347e+01  0.000000e+00
     vertex  1.755387e+02 -7.581994e+01  0.000000e+00
     vertex  1.755387e+02 -7.581994e+01  1.510000e+00
   endloop
 endfacet
 facet normal -9.914449e-01 -1.305262e-01  0.000000e+00
   outer loop
     vertex  1.755387e+02 -7.558700e+01  0.000000e+00
     vertex  1.755540e+02 -7.570347e+01  1.510000e+00
     vertex  1.755387e+02 -7.558700e+01  1.510000e+00
   endloop
 endfacet
 facet normal -9.914449e-01 -1.305262e-01  0.000000e+00
   outer loop
     vertex  1.755387e+02 -7.558700e+01  0.000000e+00
     vertex  1.755540e+02 -7.570347e+01  0.000000e+00
     vertex  1.755540e+02 -7.570347e+01  1.510000e+00
   endloop
 endfacet
 facet normal -9.238795e-01 -3.826834e-01  0.000000e+00
   outer loop
     vertex  1.754937e+02 -7.547847e+01  0.000000e+00
     vertex  1.755387e+02 -7.558700e+01  1.510000e+00
     vertex  1.754937e+02 -7.547847e+01  1.510000e+00
   endloop
 endfacet
 facet normal -9.238795e-01 -3.826834e-01  0.000000e+00
   outer loop
     vertex  1.754937e+02 -7.547847e+01  0.000000e+00
     vertex  1.755387e+02 -7.558700e+01  0.000000e+00
     vertex  1.755387e+02 -7.558700e+01  1.510000e+00
   endloop
 endfacet
 facet normal -7.933533e-01 -6.087614e-01  0.000000e+00
   outer loop
     vertex  1.754222e+02 -7.538527e+01  0.000000e+00
     vertex  1.754937e+02 -7.547847e+01  1.510000e+00
     vertex  1.754222e+02 -7.538527e+01  1.510000e+00
   endloop
 endfacet
 facet normal -7.933533e-01 -6.087614e-01  0.000000e+00
   outer loop
     vertex  1.754222e+02 -7.538527e+01  0.000000e+00
     vertex  1.754937e+02 -7.547847e+01  0.000000e+00
     vertex  1.754937e+02 -7.547847e+01  1.510000e+00
   endloop
 endfacet
 facet normal -6.087614e-01 -7.933533e-01  0.000000e+00
   outer loop
     vertex  1.753290e+02 -7.531376e+01  0.000000e+00
     vertex  1.754222e+02 -7.538527e+01  1.510000e+00
     vertex  1.753290e+02 -7.531376e+01  1.510000e+00
   endloop
 endfacet
 facet normal -6.087614e-01 -7.933533e-01  0.000000e+00
   outer loop
     vertex  1.753290e+02 -7.531376e+01  0.000000e+00
     vertex  1.754222e+02 -7.538527e+01  0.000000e+00
     vertex  1.754222e+02 -7.538527e+01  1.510000e+00
   endloop
 endfacet
 facet normal -3.826834e-01 -9.238795e-01  0.000000e+00
   outer loop
     vertex  1.752205e+02 -7.526880e+01  0.000000e+00
     vertex  1.753290e+02 -7.531376e+01  1.510000e+00
     vertex  1.752205e+02 -7.526880e+01  1.510000e+00
   endloop
 endfacet
 facet normal -3.826834e-01 -9.238795e-01  0.000000e+00
   outer loop
     vertex  1.752205e+02 -7.526880e+01  0.000000e+00
     vertex  1.753290e+02 -7.531376e+01  0.000000e+00
     vertex  1.753290e+02 -7.531376e+01  1.510000e+00
   endloop
 endfacet
 facet normal -1.305262e-01 -9.914449e-01  0.000000e+00
   outer loop
     vertex  1.751040e+02 -7.525347e+01  0.000000e+00
     vertex  1.752205e+02 -7.526880e+01  1.510000e+00
     vertex  1.751040e+02 -7.525347e+01  1.510000e+00
   endloop
 endfacet
 facet normal -1.305262e-01 -9.914449e-01  0.000000e+00
   outer loop
     vertex  1.751040e+02 -7.525347e+01  0.000000e+00
     vertex  1.752205e+02 -7.526880e+01  0.000000e+00
     vertex  1.752205e+02 -7.526880e+01  1.510000e+00
   endloop
 endfacet
 facet normal  1.305262e-01 -9.914449e-01  0.000000e+00
   outer loop
     vertex  1.749875e+02 -7.526880e+01  0.000000e+00
     vertex  1.751040e+02 -7.525347e+01  1.510000e+00
     vertex  1.749875e+02 -7.526880e+01  1.510000e+00
   endloop
 endfacet
 facet normal  1.305262e-01 -9.914449e-01  0.000000e+00
   outer loop
     vertex  1.749875e+02 -7.526880e+01  0.000000e+00
     vertex  1.751040e+02 -7.525347e+01  0.000000e+00
     vertex  1.751040e+02 -7.525347e+01  1.510000e+00
   endloop
 endfacet
 facet normal  3.826834e-01 -9.238795e-01  0.000000e+00
   outer loop
     vertex  1.748790e+02 -7.531376e+01  0.000000e+00
     vertex  1.749875e+02 -7.526880e+01  0.000000e+00
     vertex  1.749875e+02 -7.526880e+01  1.510000e+00
   endloop
 endfacet
 facet normal  3.826834e-01 -9.238795e-01  0.000000e+00
   outer loop
     vertex  1.748790e+02 -7.531376e+01  0.000000e+00
     vertex  1.749875e+02 -7.526880e+01  1.510000e+00
     vertex  1.748790e+02 -7.531376e+01  1.510000e+00
   endloop
 endfacet
 facet normal  6.087614e-01 -7.933533e-01  0.000000e+00
   outer loop
     vertex  1.747858e+02 -7.538527e+01  0.000000e+00
     vertex  1.748790e+02 -7.531376e+01  0.000000e+00
     vertex  1.748790e+02 -7.531376e+01  1.510000e+00
   endloop
 endfacet
 facet normal  7.933533e-01 -6.087614e-01  0.000000e+00
   outer loop
     vertex  1.747858e+02 -7.538527e+01  0.000000e+00
     vertex  1.747858e+02 -7.538527e+01  1.510000e+00
     vertex  1.747143e+02 -7.547847e+01  1.510000e+00
   endloop
 endfacet
 facet normal  6.087614e-01 -7.933533e-01  0.000000e+00
   outer loop
     vertex  1.747858e+02 -7.538527e+01  0.000000e+00
     vertex  1.748790e+02 -7.531376e+01  1.510000e+00
     vertex  1.747858e+02 -7.538527e+01  1.510000e+00
   endloop
 endfacet
 facet normal  7.933533e-01 -6.087614e-01  0.000000e+00
   outer loop
     vertex  1.747143e+02 -7.547847e+01  0.000000e+00
     vertex  1.747858e+02 -7.538527e+01  0.000000e+00
     vertex  1.747143e+02 -7.547847e+01  1.510000e+00
   endloop
 endfacet
 facet normal  9.238795e-01 -3.826834e-01  0.000000e+00
   outer loop
     vertex  1.747143e+02 -7.547847e+01  0.000000e+00
     vertex  1.747143e+02 -7.547847e+01  1.510000e+00
     vertex  1.746693e+02 -7.558700e+01  1.510000e+00
   endloop
 endfacet
 facet normal  9.238795e-01 -3.826834e-01  0.000000e+00
   outer loop
     vertex  1.746693e+02 -7.558700e+01  0.000000e+00
     vertex  1.747143e+02 -7.547847e+01  0.000000e+00
     vertex  1.746693e+02 -7.558700e+01  1.510000e+00
   endloop
 endfacet
 facet normal  9.914449e-01 -1.305262e-01  0.000000e+00
   outer loop
     vertex  1.746540e+02 -7.570347e+01  0.000000e+00
     vertex  1.746693e+02 -7.558700e+01  0.000000e+00
     vertex  1.746693e+02 -7.558700e+01  1.510000e+00
   endloop
 endfacet
 facet normal  9.914449e-01 -1.305262e-01  0.000000e+00
   outer loop
     vertex  1.746540e+02 -7.570347e+01  0.000000e+00
     vertex  1.746693e+02 -7.558700e+01  1.510000e+00
     vertex  1.746540e+02 -7.570347e+01  1.510000e+00
   endloop
 endfacet
 facet normal  9.914449e-01  1.305262e-01 -0.000000e+00
   outer loop
     vertex  1.746693e+02 -7.581994e+01  0.000000e+00
     vertex  1.746540e+02 -7.570347e+01  1.510000e+00
     vertex  1.746693e+02 -7.581994e+01  1.510000e+00
   endloop
 endfacet
 facet normal  9.914449e-01  1.305262e-01  0.000000e+00
   outer loop
     vertex  1.746693e+02 -7.581994e+01  0.000000e+00
     vertex  1.746540e+02 -7.570347e+01  0.000000e+00
     vertex  1.746540e+02 -7.570347e+01  1.510000e+00
   endloop
 endfacet
 facet normal  9.238795e-01  3.826834e-01 -0.000000e+00
   outer loop
     vertex  1.747143e+02 -7.592847e+01  0.000000e+00
     vertex  1.746693e+02 -7.581994e+01  1.510000e+00
     vertex  1.747143e+02 -7.592847e+01  1.510000e+00
   endloop
 endfacet
 facet normal  9.238795e-01  3.826834e-01  0.000000e+00
   outer loop
     vertex  1.747143e+02 -7.592847e+01  0.000000e+00
     vertex  1.746693e+02 -7.581994e+01  0.000000e+00
     vertex  1.746693e+02 -7.581994e+01  1.510000e+00
   endloop
 endfacet
 facet normal  6.087614e-01  7.933533e-01 -0.000000e+00
   outer loop
     vertex  1.747858e+02 -7.602167e+01  0.000000e+00
     vertex  1.747858e+02 -7.602167e+01  1.510000e+00
     vertex  1.748790e+02 -7.609318e+01  1.510000e+00
   endloop
 endfacet
 facet normal  7.933533e-01  6.087614e-01 -0.000000e+00
   outer loop
     vertex  1.747858e+02 -7.602167e+01  0.000000e+00
     vertex  1.747143e+02 -7.592847e+01  1.510000e+00
     vertex  1.747858e+02 -7.602167e+01  1.510000e+00
   endloop
 endfacet
 facet normal  7.933533e-01  6.087614e-01  0.000000e+00
   outer loop
     vertex  1.747858e+02 -7.602167e+01  0.000000e+00
     vertex  1.747143e+02 -7.592847e+01  0.000000e+00
     vertex  1.747143e+02 -7.592847e+01  1.510000e+00
   endloop
 endfacet
 facet normal  6.087614e-01  7.933533e-01 -0.000000e+00
   outer loop
     vertex  1.748790e+02 -7.609318e+01  0.000000e+00
     vertex  1.747858e+02 -7.602167e+01  0.000000e+00
     vertex  1.748790e+02 -7.609318e+01  1.510000e+00
   endloop
 endfacet
 facet normal  3.826834e-01  9.238795e-01 -0.000000e+00
   outer loop
     vertex  1.749875e+02 -7.613814e+01  0.000000e+00
     vertex  1.748790e+02 -7.609318e+01  1.510000e+00
     vertex  1.749875e+02 -7.613814e+01  1.510000e+00
   endloop
 endfacet
 facet normal  3.826834e-01  9.238795e-01  0.000000e+00
   outer loop
     vertex  1.749875e+02 -7.613814e+01  0.000000e+00
     vertex  1.748790e+02 -7.609318e+01  0.000000e+00
     vertex  1.748790e+02 -7.609318e+01  1.510000e+00
   endloop
 endfacet
 facet normal  1.305262e-01  9.914449e-01 -0.000000e+00
   outer loop
     vertex  1.751040e+02 -7.615347e+01  0.000000e+00
     vertex  1.749875e+02 -7.613814e+01  1.510000e+00
     vertex  1.751040e+02 -7.615347e+01  1.510000e+00
   endloop
 endfacet
 facet normal  1.305262e-01  9.914449e-01  0.000000e+00
   outer loop
     vertex  1.751040e+02 -7.615347e+01  0.000000e+00
     vertex  1.749875e+02 -7.613814e+01  0.000000e+00
     vertex  1.749875e+02 -7.613814e+01  1.510000e+00
   endloop
 endfacet
 facet normal -1.305262e-01  9.914449e-01  0.000000e+00
   outer loop
     vertex  1.752205e+02 -7.413814e+01  0.000000e+00
     vertex  1.751040e+02 -7.415347e+01  0.000000e+00
     vertex  1.751040e+02 -7.415347e+01  1.510000e+00
   endloop
 endfacet
 facet normal -1.305262e-01  9.914449e-01  0.000000e+00
   outer loop
     vertex  1.752205e+02 -7.413814e+01  0.000000e+00
     vertex  1.751040e+02 -7.415347e+01  1.510000e+00
     vertex  1.752205e+02 -7.413814e+01  1.510000e+00
   endloop
 endfacet
 facet normal -3.826834e-01  9.238795e-01  0.000000e+00
   outer loop
     vertex  1.753290e+02 -7.409318e+01  0.000000e+00
     vertex  1.752205e+02 -7.413814e+01  1.510000e+00
     vertex  1.753290e+02 -7.409318e+01  1.510000e+00
   endloop
 endfacet
 facet normal -3.826834e-01  9.238795e-01  0.000000e+00
   outer loop
     vertex  1.753290e+02 -7.409318e+01  0.000000e+00
     vertex  1.752205e+02 -7.413814e+01  0.000000e+00
     vertex  1.752205e+02 -7.413814e+01  1.510000e+00
   endloop
 endfacet
 facet normal -6.087614e-01  7.933533e-01  0.000000e+00
   outer loop
     vertex  1.754222e+02 -7.402167e+01  0.000000e+00
     vertex  1.753290e+02 -7.409318e+01  1.510000e+00
     vertex  1.754222e+02 -7.402167e+01  1.510000e+00
   endloop
 endfacet
 facet normal -6.087614e-01  7.933533e-01  0.000000e+00
   outer loop
     vertex  1.754222e+02 -7.402167e+01  0.000000e+00
     vertex  1.753290e+02 -7.409318e+01  0.000000e+00
     vertex  1.753290e+02 -7.409318e+01  1.510000e+00
   endloop
 endfacet
 facet normal -7.933533e-01  6.087614e-01  0.000000e+00
   outer loop
     vertex  1.754937e+02 -7.392847e+01  0.000000e+00
     vertex  1.754222e+02 -7.402167e+01  1.510000e+00
     vertex  1.754937e+02 -7.392847e+01  1.510000e+00
   endloop
 endfacet
 facet normal -7.933533e-01  6.087614e-01  0.000000e+00
   outer loop
     vertex  1.754937e+02 -7.392847e+01  0.000000e+00
     vertex  1.754222e+02 -7.402167e+01  0.000000e+00
     vertex  1.754222e+02 -7.402167e+01  1.510000e+00
   endloop
 endfacet
 facet normal -9.238795e-01  3.826834e-01  0.000000e+00
   outer loop
     vertex  1.755387e+02 -7.381994e+01  0.000000e+00
     vertex  1.754937e+02 -7.392847e+01  1.510000e+00
     vertex  1.755387e+02 -7.381994e+01  1.510000e+00
   endloop
 endfacet
 facet normal -9.238795e-01  3.826834e-01  0.000000e+00
   outer loop
     vertex  1.755387e+02 -7.381994e+01  0.000000e+00
     vertex  1.754937e+02 -7.392847e+01  0.000000e+00
     vertex  1.754937e+02 -7.392847e+01  1.510000e+00
   endloop
 endfacet
 facet normal -9.914449e-01  1.305262e-01  0.000000e+00
   outer loop
     vertex  1.755540e+02 -7.370347e+01  0.000000e+00
     vertex  1.755387e+02 -7.381994e+01  1.510000e+00
     vertex  1.755540e+02 -7.370347e+01  1.510000e+00
   endloop
 endfacet
 facet normal -9.914449e-01  1.305262e-01  0.000000e+00
   outer loop
     vertex  1.755540e+02 -7.370347e+01  0.000000e+00
     vertex  1.755387e+02 -7.381994e+01  0.000000e+00
     vertex  1.755387e+02 -7.381994e+01  1.510000e+00
   endloop
 endfacet
 facet normal -9.914449e-01 -1.305262e-01  0.000000e+00
   outer loop
     vertex  1.755387e+02 -7.358700e+01  0.000000e+00
     vertex  1.755540e+02 -7.370347e+01  1.510000e+00
     vertex  1.755387e+02 -7.358700e+01  1.510000e+00
   endloop
 endfacet
 facet normal -9.914449e-01 -1.305262e-01  0.000000e+00
   outer loop
     vertex  1.755387e+02 -7.358700e+01  0.000000e+00
     vertex  1.755540e+02 -7.370347e+01  0.000000e+00
     vertex  1.755540e+02 -7.370347e+01  1.510000e+00
   endloop
 endfacet
 facet normal -9.238795e-01 -3.826834e-01  0.000000e+00
   outer loop
     vertex  1.754937e+02 -7.347847e+01  0.000000e+00
     vertex  1.755387e+02 -7.358700e+01  1.510000e+00
     vertex  1.754937e+02 -7.347847e+01  1.510000e+00
   endloop
 endfacet
 facet normal -9.238795e-01 -3.826834e-01  0.000000e+00
   outer loop
     vertex  1.754937e+02 -7.347847e+01  0.000000e+00
     vertex  1.755387e+02 -7.358700e+01  0.000000e+00
     vertex  1.755387e+02 -7.358700e+01  1.510000e+00
   endloop
 endfacet
 facet normal -7.933533e-01 -6.087614e-01  0.000000e+00
   outer loop
     vertex  1.754222e+02 -7.338527e+01  0.000000e+00
     vertex  1.754937e+02 -7.347847e+01  1.510000e+00
     vertex  1.754222e+02 -7.338527e+01  1.510000e+00
   endloop
 endfacet
 facet normal -7.933533e-01 -6.087614e-01  0.000000e+00
   outer loop
     vertex  1.754222e+02 -7.338527e+01  0.000000e+00
     vertex  1.754937e+02 -7.347847e+01  0.000000e+00
     vertex  1.754937e+02 -7.347847e+01  1.510000e+00
   endloop
 endfacet
 facet normal -6.087614e-01 -7.933533e-01  0.000000e+00
   outer loop
     vertex  1.753290e+02 -7.331376e+01  0.000000e+00
     vertex  1.754222e+02 -7.338527e+01  1.510000e+00
     vertex  1.753290e+02 -7.331376e+01  1.510000e+00
   endloop
 endfacet
 facet normal -6.087614e-01 -7.933533e-01  0.000000e+00
   outer loop
     vertex  1.753290e+02 -7.331376e+01  0.000000e+00
     vertex  1.754222e+02 -7.338527e+01  0.000000e+00
     vertex  1.754222e+02 -7.338527e+01  1.510000e+00
   endloop
 endfacet
 facet normal -3.826834e-01 -9.238795e-01  0.000000e+00
   outer loop
     vertex  1.752205e+02 -7.326880e+01  0.000000e+00
     vertex  1.753290e+02 -7.331376e+01  1.510000e+00
     vertex  1.752205e+02 -7.326880e+01  1.510000e+00
   endloop
 endfacet
 facet normal -3.826834e-01 -9.238795e-01  0.000000e+00
   outer loop
     vertex  1.752205e+02 -7.326880e+01  0.000000e+00
     vertex  1.753290e+02 -7.331376e+01  0.000000e+00
     vertex  1.753290e+02 -7.331376e+01  1.510000e+00
   endloop
 endfacet
 facet normal -1.305262e-01 -9.914449e-01  0.000000e+00
   outer loop
     vertex  1.751040e+02 -7.325347e+01  0.000000e+00
     vertex  1.752205e+02 -7.326880e+01  1.510000e+00
     vertex  1.751040e+02 -7.325347e+01  1.510000e+00
   endloop
 endfacet
 facet normal -1.305262e-01 -9.914449e-01  0.000000e+00
   outer loop
     vertex  1.751040e+02 -7.325347e+01  0.000000e+00
     vertex  1.752205e+02 -7.326880e+01  0.000000e+00
     vertex  1.752205e+02 -7.326880e+01  1.510000e+00
   endloop
 endfacet
 facet normal  1.305262e-01 -9.914449e-01  0.000000e+00
   outer loop
     vertex  1.749875e+02 -7.326880e+01  0.000000e+00
     vertex  1.751040e+02 -7.325347e+01  1.510000e+00
     vertex  1.749875e+02 -7.326880e+01  1.510000e+00
   endloop
 endfacet
 facet normal  1.305262e-01 -9.914449e-01  0.000000e+00
   outer loop
     vertex  1.749875e+02 -7.326880e+01  0.000000e+00
     vertex  1.751040e+02 -7.325347e+01  0.000000e+00
     vertex  1.751040e+02 -7.325347e+01  1.510000e+00
   endloop
 endfacet
 facet normal  3.826834e-01 -9.238795e-01  0.000000e+00
   outer loop
     vertex  1.748790e+02 -7.331376e+01  0.000000e+00
     vertex  1.749875e+02 -7.326880e+01  0.000000e+00
     vertex  1.749875e+02 -7.326880e+01  1.510000e+00
   endloop
 endfacet
 facet normal  3.826834e-01 -9.238795e-01  0.000000e+00
   outer loop
     vertex  1.748790e+02 -7.331376e+01  0.000000e+00
     vertex  1.749875e+02 -7.326880e+01  1.510000e+00
     vertex  1.748790e+02 -7.331376e+01  1.510000e+00
   endloop
 endfacet
 facet normal  6.087614e-01 -7.933533e-01  0.000000e+00
   outer loop
     vertex  1.747858e+02 -7.338527e+01  0.000000e+00
     vertex  1.748790e+02 -7.331376e+01  0.000000e+00
     vertex  1.748790e+02 -7.331376e+01  1.510000e+00
   endloop
 endfacet
 facet normal  7.933533e-01 -6.087614e-01  0.000000e+00
   outer loop
     vertex  1.747858e+02 -7.338527e+01  0.000000e+00
     vertex  1.747858e+02 -7.338527e+01  1.510000e+00
     vertex  1.747143e+02 -7.347847e+01  1.510000e+00
   endloop
 endfacet
 facet normal  6.087614e-01 -7.933533e-01  0.000000e+00
   outer loop
     vertex  1.747858e+02 -7.338527e+01  0.000000e+00
     vertex  1.748790e+02 -7.331376e+01  1.510000e+00
     vertex  1.747858e+02 -7.338527e+01  1.510000e+00
   endloop
 endfacet
 facet normal  7.933533e-01 -6.087614e-01  0.000000e+00
   outer loop
     vertex  1.747143e+02 -7.347847e+01  0.000000e+00
     vertex  1.747858e+02 -7.338527e+01  0.000000e+00
     vertex  1.747143e+02 -7.347847e+01  1.510000e+00
   endloop
 endfacet
 facet normal  9.238795e-01 -3.826834e-01  0.000000e+00
   outer loop
     vertex  1.747143e+02 -7.347847e+01  0.000000e+00
     vertex  1.747143e+02 -7.347847e+01  1.510000e+00
     vertex  1.746693e+02 -7.358700e+01  1.510000e+00
   endloop
 endfacet
 facet normal  9.238795e-01 -3.826834e-01  0.000000e+00
   outer loop
     vertex  1.746693e+02 -7.358700e+01  0.000000e+00
     vertex  1.747143e+02 -7.347847e+01  0.000000e+00
     vertex  1.746693e+02 -7.358700e+01  1.510000e+00
   endloop
 endfacet
 facet normal  9.914449e-01 -1.305262e-01  0.000000e+00
   outer loop
     vertex  1.746540e+02 -7.370347e+01  0.000000e+00
     vertex  1.746693e+02 -7.358700e+01  0.000000e+00
     vertex  1.746693e+02 -7.358700e+01  1.510000e+00
   endloop
 endfacet
 facet normal  9.914449e-01 -1.305262e-01  0.000000e+00
   outer loop
     vertex  1.746540e+02 -7.370347e+01  0.000000e+00
     vertex  1.746693e+02 -7.358700e+01  1.510000e+00
     vertex  1.746540e+02 -7.370347e+01  1.510000e+00
   endloop
 endfacet
 facet normal  9.914449e-01  1.305262e-01 -0.000000e+00
   outer loop
     vertex  1.746693e+02 -7.381994e+01  0.000000e+00
     vertex  1.746540e+02 -7.370347e+01  1.510000e+00
     vertex  1.746693e+02 -7.381994e+01  1.510000e+00
   endloop
 endfacet
 facet normal  9.914449e-01  1.305262e-01  0.000000e+00
   outer loop
     vertex  1.746693e+02 -7.381994e+01  0.000000e+00
     vertex  1.746540e+02 -7.370347e+01  0.000000e+00
     vertex  1.746540e+02 -7.370347e+01  1.510000e+00
   endloop
 endfacet
 facet normal  9.238795e-01  3.826834e-01 -0.000000e+00
   outer loop
     vertex  1.747143e+02 -7.392847e+01  0.000000e+00
     vertex  1.746693e+02 -7.381994e+01  1.510000e+00
     vertex  1.747143e+02 -7.392847e+01  1.510000e+00
   endloop
 endfacet
 facet normal  9.238795e-01  3.826834e-01  0.000000e+00
   outer loop
     vertex  1.747143e+02 -7.392847e+01  0.000000e+00
     vertex  1.746693e+02 -7.381994e+01  0.000000e+00
     vertex  1.746693e+02 -7.381994e+01  1.510000e+00
   endloop
 endfacet
 facet normal  6.087614e-01  7.933533e-01 -0.000000e+00
   outer loop
     vertex  1.747858e+02 -7.402167e+01  0.000000e+00
     vertex  1.747858e+02 -7.402167e+01  1.510000e+00
     vertex  1.748790e+02 -7.409318e+01  1.510000e+00
   endloop
 endfacet
 facet normal  7.933533e-01  6.087614e-01 -0.000000e+00
   outer loop
     vertex  1.747858e+02 -7.402167e+01  0.000000e+00
     vertex  1.747143e+02 -7.392847e+01  1.510000e+00
     vertex  1.747858e+02 -7.402167e+01  1.510000e+00
   endloop
 endfacet
 facet normal  7.933533e-01  6.087614e-01  0.000000e+00
   outer loop
     vertex  1.747858e+02 -7.402167e+01  0.000000e+00
     vertex  1.747143e+02 -7.392847e+01  0.000000e+00
     vertex  1.747143e+02 -7.392847e+01  1.510000e+00
   endloop
 endfacet
 facet normal  6.087614e-01  7.933533e-01 -0.000000e+00
   outer loop
     vertex  1.748790e+02 -7.409318e+01  0.000000e+00
     vertex  1.747858e+02 -7.402167e+01  0.000000e+00
     vertex  1.748790e+02 -7.409318e+01  1.510000e+00
   endloop
 endfacet
 facet normal  3.826834e-01  9.238795e-01 -0.000000e+00
   outer loop
     vertex  1.749875e+02 -7.413814e+01  0.000000e+00
     vertex  1.748790e+02 -7.409318e+01  1.510000e+00
     vertex  1.749875e+02 -7.413814e+01  1.510000e+00
   endloop
 endfacet
 facet normal  3.826834e-01  9.238795e-01  0.000000e+00
   outer loop
     vertex  1.749875e+02 -7.413814e+01  0.000000e+00
     vertex  1.748790e+02 -7.409318e+01  0.000000e+00
     vertex  1.748790e+02 -7.409318e+01  1.510000e+00
   endloop
 endfacet
 facet normal  1.305262e-01  9.914449e-01 -0.000000e+00
   outer loop
     vertex  1.751040e+02 -7.415347e+01  0.000000e+00
     vertex  1.749875e+02 -7.413814e+01  1.510000e+00
     vertex  1.751040e+02 -7.415347e+01  1.510000e+00
   endloop
 endfacet
 facet normal  1.305262e-01  9.914449e-01  0.000000e+00
   outer loop
     vertex  1.751040e+02 -7.415347e+01  0.000000e+00
     vertex  1.749875e+02 -7.413814e+01  0.000000e+00
     vertex  1.749875e+02 -7.413814e+01  1.510000e+00
   endloop
 endfacet
 facet normal -1.305262e-01  9.914449e-01  0.000000e+00
   outer loop
     vertex  1.752981e+02 -7.232792e+01  0.000000e+00
     vertex  1.751040e+02 -7.235347e+01  0.000000e+00
     vertex  1.751040e+02 -7.235347e+01  1.510000e+00
   endloop
 endfacet
 facet normal -1.305262e-01  9.914449e-01  0.000000e+00
   outer loop
     vertex  1.752981e+02 -7.232792e+01  0.000000e+00
     vertex  1.751040e+02 -7.235347e+01  1.510000e+00
     vertex  1.752981e+02 -7.232792e+01  1.510000e+00
   endloop
 endfacet
 facet normal -3.826834e-01  9.238795e-01  0.000000e+00
   outer loop
     vertex  1.754790e+02 -7.225299e+01  0.000000e+00
     vertex  1.752981e+02 -7.232792e+01  1.510000e+00
     vertex  1.754790e+02 -7.225299e+01  1.510000e+00
   endloop
 endfacet
 facet normal -3.826834e-01  9.238795e-01  0.000000e+00
   outer loop
     vertex  1.754790e+02 -7.225299e+01  0.000000e+00
     vertex  1.752981e+02 -7.232792e+01  0.000000e+00
     vertex  1.752981e+02 -7.232792e+01  1.510000e+00
   endloop
 endfacet
 facet normal -6.087614e-01  7.933533e-01  0.000000e+00
   outer loop
     vertex  1.756343e+02 -7.213380e+01  0.000000e+00
     vertex  1.754790e+02 -7.225299e+01  1.510000e+00
     vertex  1.756343e+02 -7.213380e+01  1.510000e+00
   endloop
 endfacet
 facet normal -6.087614e-01  7.933533e-01  0.000000e+00
   outer loop
     vertex  1.756343e+02 -7.213380e+01  0.000000e+00
     vertex  1.754790e+02 -7.225299e+01  0.000000e+00
     vertex  1.754790e+02 -7.225299e+01  1.510000e+00
   endloop
 endfacet
 facet normal -7.933533e-01  6.087614e-01  0.000000e+00
   outer loop
     vertex  1.757535e+02 -7.197847e+01  0.000000e+00
     vertex  1.756343e+02 -7.213380e+01  1.510000e+00
     vertex  1.757535e+02 -7.197847e+01  1.510000e+00
   endloop
 endfacet
 facet normal -7.933533e-01  6.087614e-01  0.000000e+00
   outer loop
     vertex  1.757535e+02 -7.197847e+01  0.000000e+00
     vertex  1.756343e+02 -7.213380e+01  0.000000e+00
     vertex  1.756343e+02 -7.213380e+01  1.510000e+00
   endloop
 endfacet
 facet normal -9.238795e-01  3.826834e-01  0.000000e+00
   outer loop
     vertex  1.758284e+02 -7.179759e+01  0.000000e+00
     vertex  1.757535e+02 -7.197847e+01  1.510000e+00
     vertex  1.758284e+02 -7.179759e+01  1.510000e+00
   endloop
 endfacet
 facet normal -9.238795e-01  3.826834e-01  0.000000e+00
   outer loop
     vertex  1.758284e+02 -7.179759e+01  0.000000e+00
     vertex  1.757535e+02 -7.197847e+01  0.000000e+00
     vertex  1.757535e+02 -7.197847e+01  1.510000e+00
   endloop
 endfacet
 facet normal -9.914449e-01  1.305262e-01  0.000000e+00
   outer loop
     vertex  1.758540e+02 -7.160347e+01  0.000000e+00
     vertex  1.758284e+02 -7.179759e+01  1.510000e+00
     vertex  1.758540e+02 -7.160347e+01  1.510000e+00
   endloop
 endfacet
 facet normal -9.914449e-01  1.305262e-01  0.000000e+00
   outer loop
     vertex  1.758540e+02 -7.160347e+01  0.000000e+00
     vertex  1.758284e+02 -7.179759e+01  0.000000e+00
     vertex  1.758284e+02 -7.179759e+01  1.510000e+00
   endloop
 endfacet
 facet normal -9.914449e-01 -1.305262e-01  0.000000e+00
   outer loop
     vertex  1.758284e+02 -7.140936e+01  0.000000e+00
     vertex  1.758540e+02 -7.160347e+01  1.510000e+00
     vertex  1.758284e+02 -7.140936e+01  1.510000e+00
   endloop
 endfacet
 facet normal -9.914449e-01 -1.305262e-01  0.000000e+00
   outer loop
     vertex  1.758284e+02 -7.140936e+01  0.000000e+00
     vertex  1.758540e+02 -7.160347e+01  0.000000e+00
     vertex  1.758540e+02 -7.160347e+01  1.510000e+00
   endloop
 endfacet
 facet normal -9.238795e-01 -3.826834e-01  0.000000e+00
   outer loop
     vertex  1.757535e+02 -7.122847e+01  0.000000e+00
     vertex  1.758284e+02 -7.140936e+01  1.510000e+00
     vertex  1.757535e+02 -7.122847e+01  1.510000e+00
   endloop
 endfacet
 facet normal -9.238795e-01 -3.826834e-01  0.000000e+00
   outer loop
     vertex  1.757535e+02 -7.122847e+01  0.000000e+00
     vertex  1.758284e+02 -7.140936e+01  0.000000e+00
     vertex  1.758284e+02 -7.140936e+01  1.510000e+00
   endloop
 endfacet
 facet normal -7.933533e-01 -6.087614e-01  0.000000e+00
   outer loop
     vertex  1.756343e+02 -7.107314e+01  0.000000e+00
     vertex  1.757535e+02 -7.122847e+01  1.510000e+00
     vertex  1.756343e+02 -7.107314e+01  1.510000e+00
   endloop
 endfacet
 facet normal -7.933533e-01 -6.087614e-01  0.000000e+00
   outer loop
     vertex  1.756343e+02 -7.107314e+01  0.000000e+00
     vertex  1.757535e+02 -7.122847e+01  0.000000e+00
     vertex  1.757535e+02 -7.122847e+01  1.510000e+00
   endloop
 endfacet
 facet normal -6.087614e-01 -7.933533e-01  0.000000e+00
   outer loop
     vertex  1.754790e+02 -7.095395e+01  0.000000e+00
     vertex  1.756343e+02 -7.107314e+01  1.510000e+00
     vertex  1.754790e+02 -7.095395e+01  1.510000e+00
   endloop
 endfacet
 facet normal -6.087614e-01 -7.933533e-01  0.000000e+00
   outer loop
     vertex  1.754790e+02 -7.095395e+01  0.000000e+00
     vertex  1.756343e+02 -7.107314e+01  0.000000e+00
     vertex  1.756343e+02 -7.107314e+01  1.510000e+00
   endloop
 endfacet
 facet normal -3.826834e-01 -9.238795e-01  0.000000e+00
   outer loop
     vertex  1.752981e+02 -7.087903e+01  0.000000e+00
     vertex  1.754790e+02 -7.095395e+01  1.510000e+00
     vertex  1.752981e+02 -7.087903e+01  1.510000e+00
   endloop
 endfacet
 facet normal -3.826834e-01 -9.238795e-01  0.000000e+00
   outer loop
     vertex  1.752981e+02 -7.087903e+01  0.000000e+00
     vertex  1.754790e+02 -7.095395e+01  0.000000e+00
     vertex  1.754790e+02 -7.095395e+01  1.510000e+00
   endloop
 endfacet
 facet normal -1.305262e-01 -9.914449e-01  0.000000e+00
   outer loop
     vertex  1.751040e+02 -7.085347e+01  0.000000e+00
     vertex  1.752981e+02 -7.087903e+01  1.510000e+00
     vertex  1.751040e+02 -7.085347e+01  1.510000e+00
   endloop
 endfacet
 facet normal -1.305262e-01 -9.914449e-01  0.000000e+00
   outer loop
     vertex  1.751040e+02 -7.085347e+01  0.000000e+00
     vertex  1.752981e+02 -7.087903e+01  0.000000e+00
     vertex  1.752981e+02 -7.087903e+01  1.510000e+00
   endloop
 endfacet
 facet normal  1.305262e-01 -9.914449e-01  0.000000e+00
   outer loop
     vertex  1.749099e+02 -7.087903e+01  0.000000e+00
     vertex  1.751040e+02 -7.085347e+01  1.510000e+00
     vertex  1.749099e+02 -7.087903e+01  1.510000e+00
   endloop
 endfacet
 facet normal  1.305262e-01 -9.914449e-01  0.000000e+00
   outer loop
     vertex  1.749099e+02 -7.087903e+01  0.000000e+00
     vertex  1.751040e+02 -7.085347e+01  0.000000e+00
     vertex  1.751040e+02 -7.085347e+01  1.510000e+00
   endloop
 endfacet
 facet normal  3.826834e-01 -9.238795e-01  0.000000e+00
   outer loop
     vertex  1.747290e+02 -7.095395e+01  0.000000e+00
     vertex  1.749099e+02 -7.087903e+01  0.000000e+00
     vertex  1.749099e+02 -7.087903e+01  1.510000e+00
   endloop
 endfacet
 facet normal  3.826834e-01 -9.238795e-01  0.000000e+00
   outer loop
     vertex  1.747290e+02 -7.095395e+01  0.000000e+00
     vertex  1.749099e+02 -7.087903e+01  1.510000e+00
     vertex  1.747290e+02 -7.095395e+01  1.510000e+00
   endloop
 endfacet
 facet normal  6.087614e-01 -7.933533e-01  0.000000e+00
   outer loop
     vertex  1.745737e+02 -7.107314e+01  0.000000e+00
     vertex  1.747290e+02 -7.095395e+01  0.000000e+00
     vertex  1.747290e+02 -7.095395e+01  1.510000e+00
   endloop
 endfacet
 facet normal  7.933533e-01 -6.087614e-01  0.000000e+00
   outer loop
     vertex  1.745737e+02 -7.107314e+01  0.000000e+00
     vertex  1.745737e+02 -7.107314e+01  1.510000e+00
     vertex  1.744545e+02 -7.122847e+01  1.510000e+00
   endloop
 endfacet
 facet normal  6.087614e-01 -7.933533e-01  0.000000e+00
   outer loop
     vertex  1.745737e+02 -7.107314e+01  0.000000e+00
     vertex  1.747290e+02 -7.095395e+01  1.510000e+00
     vertex  1.745737e+02 -7.107314e+01  1.510000e+00
   endloop
 endfacet
 facet normal  7.933533e-01 -6.087614e-01  0.000000e+00
   outer loop
     vertex  1.744545e+02 -7.122847e+01  0.000000e+00
     vertex  1.745737e+02 -7.107314e+01  0.000000e+00
     vertex  1.744545e+02 -7.122847e+01  1.510000e+00
   endloop
 endfacet
 facet normal  9.238795e-01 -3.826834e-01  0.000000e+00
   outer loop
     vertex  1.744545e+02 -7.122847e+01  0.000000e+00
     vertex  1.744545e+02 -7.122847e+01  1.510000e+00
     vertex  1.743796e+02 -7.140936e+01  1.510000e+00
   endloop
 endfacet
 facet normal  9.238795e-01 -3.826834e-01  0.000000e+00
   outer loop
     vertex  1.743796e+02 -7.140936e+01  0.000000e+00
     vertex  1.744545e+02 -7.122847e+01  0.000000e+00
     vertex  1.743796e+02 -7.140936e+01  1.510000e+00
   endloop
 endfacet
 facet normal  9.914449e-01 -1.305262e-01  0.000000e+00
   outer loop
     vertex  1.743540e+02 -7.160347e+01  0.000000e+00
     vertex  1.743796e+02 -7.140936e+01  0.000000e+00
     vertex  1.743796e+02 -7.140936e+01  1.510000e+00
   endloop
 endfacet
 facet normal  9.914449e-01 -1.305262e-01  0.000000e+00
   outer loop
     vertex  1.743540e+02 -7.160347e+01  0.000000e+00
     vertex  1.743796e+02 -7.140936e+01  1.510000e+00
     vertex  1.743540e+02 -7.160347e+01  1.510000e+00
   endloop
 endfacet
 facet normal  9.914449e-01  1.305262e-01 -0.000000e+00
   outer loop
     vertex  1.743796e+02 -7.179759e+01  0.000000e+00
     vertex  1.743540e+02 -7.160347e+01  1.510000e+00
     vertex  1.743796e+02 -7.179759e+01  1.510000e+00
   endloop
 endfacet
 facet normal  9.914449e-01  1.305262e-01  0.000000e+00
   outer loop
     vertex  1.743796e+02 -7.179759e+01  0.000000e+00
     vertex  1.743540e+02 -7.160347e+01  0.000000e+00
     vertex  1.743540e+02 -7.160347e+01  1.510000e+00
   endloop
 endfacet
 facet normal  9.238795e-01  3.826834e-01 -0.000000e+00
   outer loop
     vertex  1.744545e+02 -7.197847e+01  0.000000e+00
     vertex  1.743796e+02 -7.179759e+01  1.510000e+00
     vertex  1.744545e+02 -7.197847e+01  1.510000e+00
   endloop
 endfacet
 facet normal  9.238795e-01  3.826834e-01  0.000000e+00
   outer loop
     vertex  1.744545e+02 -7.197847e+01  0.000000e+00
     vertex  1.743796e+02 -7.179759e+01  0.000000e+00
     vertex  1.743796e+02 -7.179759e+01  1.510000e+00
   endloop
 endfacet
 facet normal  6.087614e-01  7.933533e-01 -0.000000e+00
   outer loop
     vertex  1.745737e+02 -7.213380e+01  0.000000e+00
     vertex  1.745737e+02 -7.213380e+01  1.510000e+00
     vertex  1.747290e+02 -7.225299e+01  1.510000e+00
   endloop
 endfacet
 facet normal  7.933533e-01  6.087614e-01 -0.000000e+00
   outer loop
     vertex  1.745737e+02 -7.213380e+01  0.000000e+00
     vertex  1.744545e+02 -7.197847e+01  1.510000e+00
     vertex  1.745737e+02 -7.213380e+01  1.510000e+00
   endloop
 endfacet
 facet normal  7.933533e-01  6.087614e-01  0.000000e+00
   outer loop
     vertex  1.745737e+02 -7.213380e+01  0.000000e+00
     vertex  1.744545e+02 -7.197847e+01  0.000000e+00
     vertex  1.744545e+02 -7.197847e+01  1.510000e+00
   endloop
 endfacet
 facet normal  6.087614e-01  7.933533e-01 -0.000000e+00
   outer loop
     vertex  1.747290e+02 -7.225299e+01  0.000000e+00
     vertex  1.745737e+02 -7.213380e+01  0.000000e+00
     vertex  1.747290e+02 -7.225299e+01  1.510000e+00
   endloop
 endfacet
 facet normal  3.826834e-01  9.238795e-01 -0.000000e+00
   outer loop
     vertex  1.749099e+02 -7.232792e+01  0.000000e+00
     vertex  1.747290e+02 -7.225299e+01  1.510000e+00
     vertex  1.749099e+02 -7.232792e+01  1.510000e+00
   endloop
 endfacet
 facet normal  3.826834e-01  9.238795e-01  0.000000e+00
   outer loop
     vertex  1.749099e+02 -7.232792e+01  0.000000e+00
     vertex  1.747290e+02 -7.225299e+01  0.000000e+00
     vertex  1.747290e+02 -7.225299e+01  1.510000e+00
   endloop
 endfacet
 facet normal  1.305262e-01  9.914449e-01 -0.000000e+00
   outer loop
     vertex  1.751040e+02 -7.235347e+01  0.000000e+00
     vertex  1.749099e+02 -7.232792e+01  1.510000e+00
     vertex  1.751040e+02 -7.235347e+01  1.510000e+00
   endloop
 endfacet
 facet normal  1.305262e-01  9.914449e-01  0.000000e+00
   outer loop
     vertex  1.751040e+02 -7.235347e+01  0.000000e+00
     vertex  1.749099e+02 -7.232792e+01  0.000000e+00
     vertex  1.749099e+02 -7.232792e+01  1.510000e+00
   endloop
 endfacet
 facet normal -1.305262e-01  9.914449e-01  0.000000e+00
   outer loop
     vertex  1.749758e+02 -6.671769e+01  0.000000e+00
     vertex  1.747040e+02 -6.675347e+01  0.000000e+00
     vertex  1.747040e+02 -6.675347e+01  1.510000e+00
   endloop
 endfacet
 facet normal -1.305262e-01  9.914449e-01  0.000000e+00
   outer loop
     vertex  1.749758e+02 -6.671769e+01  0.000000e+00
     vertex  1.747040e+02 -6.675347e+01  1.510000e+00
     vertex  1.749758e+02 -6.671769e+01  1.510000e+00
   endloop
 endfacet
 facet normal -3.826834e-01  9.238795e-01  0.000000e+00
   outer loop
     vertex  1.752290e+02 -6.661280e+01  0.000000e+00
     vertex  1.749758e+02 -6.671769e+01  1.510000e+00
     vertex  1.752290e+02 -6.661280e+01  1.510000e+00
   endloop
 endfacet
 facet normal -3.826834e-01  9.238795e-01  0.000000e+00
   outer loop
     vertex  1.752290e+02 -6.661280e+01  0.000000e+00
     vertex  1.749758e+02 -6.671769e+01  0.000000e+00
     vertex  1.749758e+02 -6.671769e+01  1.510000e+00
   endloop
 endfacet
 facet normal -6.087614e-01  7.933533e-01  0.000000e+00
   outer loop
     vertex  1.754465e+02 -6.644593e+01  0.000000e+00
     vertex  1.752290e+02 -6.661280e+01  1.510000e+00
     vertex  1.754465e+02 -6.644593e+01  1.510000e+00
   endloop
 endfacet
 facet normal -6.087614e-01  7.933533e-01  0.000000e+00
   outer loop
     vertex  1.754465e+02 -6.644593e+01  0.000000e+00
     vertex  1.752290e+02 -6.661280e+01  0.000000e+00
     vertex  1.752290e+02 -6.661280e+01  1.510000e+00
   endloop
 endfacet
 facet normal -7.933533e-01  6.087614e-01  0.000000e+00
   outer loop
     vertex  1.756133e+02 -6.622847e+01  0.000000e+00
     vertex  1.754465e+02 -6.644593e+01  1.510000e+00
     vertex  1.756133e+02 -6.622847e+01  1.510000e+00
   endloop
 endfacet
 facet normal -7.933533e-01  6.087614e-01  0.000000e+00
   outer loop
     vertex  1.756133e+02 -6.622847e+01  0.000000e+00
     vertex  1.754465e+02 -6.644593e+01  0.000000e+00
     vertex  1.754465e+02 -6.644593e+01  1.510000e+00
   endloop
 endfacet
 facet normal -9.238795e-01  3.826834e-01  0.000000e+00
   outer loop
     vertex  1.757182e+02 -6.597523e+01  0.000000e+00
     vertex  1.756133e+02 -6.622847e+01  1.510000e+00
     vertex  1.757182e+02 -6.597523e+01  1.510000e+00
   endloop
 endfacet
 facet normal -9.238795e-01  3.826834e-01  0.000000e+00
   outer loop
     vertex  1.757182e+02 -6.597523e+01  0.000000e+00
     vertex  1.756133e+02 -6.622847e+01  0.000000e+00
     vertex  1.756133e+02 -6.622847e+01  1.510000e+00
   endloop
 endfacet
 facet normal -9.914449e-01  1.305262e-01  0.000000e+00
   outer loop
     vertex  1.757540e+02 -6.570347e+01  0.000000e+00
     vertex  1.757182e+02 -6.597523e+01  1.510000e+00
     vertex  1.757540e+02 -6.570347e+01  1.510000e+00
   endloop
 endfacet
 facet normal -9.914449e-01  1.305262e-01  0.000000e+00
   outer loop
     vertex  1.757540e+02 -6.570347e+01  0.000000e+00
     vertex  1.757182e+02 -6.597523e+01  0.000000e+00
     vertex  1.757182e+02 -6.597523e+01  1.510000e+00
   endloop
 endfacet
 facet normal -9.914449e-01 -1.305262e-01  0.000000e+00
   outer loop
     vertex  1.757182e+02 -6.543171e+01  0.000000e+00
     vertex  1.757540e+02 -6.570347e+01  1.510000e+00
     vertex  1.757182e+02 -6.543171e+01  1.510000e+00
   endloop
 endfacet
 facet normal -9.914449e-01 -1.305262e-01  0.000000e+00
   outer loop
     vertex  1.757182e+02 -6.543171e+01  0.000000e+00
     vertex  1.757540e+02 -6.570347e+01  0.000000e+00
     vertex  1.757540e+02 -6.570347e+01  1.510000e+00
   endloop
 endfacet
 facet normal -9.238795e-01 -3.826834e-01  0.000000e+00
   outer loop
     vertex  1.756133e+02 -6.517847e+01  0.000000e+00
     vertex  1.757182e+02 -6.543171e+01  1.510000e+00
     vertex  1.756133e+02 -6.517847e+01  1.510000e+00
   endloop
 endfacet
 facet normal -9.238795e-01 -3.826834e-01  0.000000e+00
   outer loop
     vertex  1.756133e+02 -6.517847e+01  0.000000e+00
     vertex  1.757182e+02 -6.543171e+01  0.000000e+00
     vertex  1.757182e+02 -6.543171e+01  1.510000e+00
   endloop
 endfacet
 facet normal -7.933533e-01 -6.087614e-01  0.000000e+00
   outer loop
     vertex  1.754465e+02 -6.496101e+01  0.000000e+00
     vertex  1.756133e+02 -6.517847e+01  1.510000e+00
     vertex  1.754465e+02 -6.496101e+01  1.510000e+00
   endloop
 endfacet
 facet normal -7.933533e-01 -6.087614e-01  0.000000e+00
   outer loop
     vertex  1.754465e+02 -6.496101e+01  0.000000e+00
     vertex  1.756133e+02 -6.517847e+01  0.000000e+00
     vertex  1.756133e+02 -6.517847e+01  1.510000e+00
   endloop
 endfacet
 facet normal -6.087614e-01 -7.933533e-01  0.000000e+00
   outer loop
     vertex  1.752290e+02 -6.479414e+01  0.000000e+00
     vertex  1.754465e+02 -6.496101e+01  1.510000e+00
     vertex  1.752290e+02 -6.479414e+01  1.510000e+00
   endloop
 endfacet
 facet normal -6.087614e-01 -7.933533e-01  0.000000e+00
   outer loop
     vertex  1.752290e+02 -6.479414e+01  0.000000e+00
     vertex  1.754465e+02 -6.496101e+01  0.000000e+00
     vertex  1.754465e+02 -6.496101e+01  1.510000e+00
   endloop
 endfacet
 facet normal -3.826834e-01 -9.238795e-01  0.000000e+00
   outer loop
     vertex  1.749758e+02 -6.468925e+01  0.000000e+00
     vertex  1.752290e+02 -6.479414e+01  1.510000e+00
     vertex  1.749758e+02 -6.468925e+01  1.510000e+00
   endloop
 endfacet
 facet normal -3.826834e-01 -9.238795e-01  0.000000e+00
   outer loop
     vertex  1.749758e+02 -6.468925e+01  0.000000e+00
     vertex  1.752290e+02 -6.479414e+01  0.000000e+00
     vertex  1.752290e+02 -6.479414e+01  1.510000e+00
   endloop
 endfacet
 facet normal -1.305262e-01 -9.914449e-01  0.000000e+00
   outer loop
     vertex  1.747040e+02 -6.465347e+01  0.000000e+00
     vertex  1.749758e+02 -6.468925e+01  1.510000e+00
     vertex  1.747040e+02 -6.465347e+01  1.510000e+00
   endloop
 endfacet
 facet normal -1.305262e-01 -9.914449e-01  0.000000e+00
   outer loop
     vertex  1.747040e+02 -6.465347e+01  0.000000e+00
     vertex  1.749758e+02 -6.468925e+01  0.000000e+00
     vertex  1.749758e+02 -6.468925e+01  1.510000e+00
   endloop
 endfacet
 facet normal  1.305262e-01 -9.914449e-01  0.000000e+00
   outer loop
     vertex  1.744322e+02 -6.468925e+01  0.000000e+00
     vertex  1.747040e+02 -6.465347e+01  1.510000e+00
     vertex  1.744322e+02 -6.468925e+01  1.510000e+00
   endloop
 endfacet
 facet normal  1.305262e-01 -9.914449e-01  0.000000e+00
   outer loop
     vertex  1.744322e+02 -6.468925e+01  0.000000e+00
     vertex  1.747040e+02 -6.465347e+01  0.000000e+00
     vertex  1.747040e+02 -6.465347e+01  1.510000e+00
   endloop
 endfacet
 facet normal  3.826834e-01 -9.238795e-01  0.000000e+00
   outer loop
     vertex  1.741790e+02 -6.479414e+01  0.000000e+00
     vertex  1.744322e+02 -6.468925e+01  0.000000e+00
     vertex  1.744322e+02 -6.468925e+01  1.510000e+00
   endloop
 endfacet
 facet normal  3.826834e-01 -9.238795e-01  0.000000e+00
   outer loop
     vertex  1.741790e+02 -6.479414e+01  0.000000e+00
     vertex  1.744322e+02 -6.468925e+01  1.510000e+00
     vertex  1.741790e+02 -6.479414e+01  1.510000e+00
   endloop
 endfacet
 facet normal  6.087614e-01 -7.933533e-01  0.000000e+00
   outer loop
     vertex  1.739615e+02 -6.496101e+01  0.000000e+00
     vertex  1.741790e+02 -6.479414e+01  0.000000e+00
     vertex  1.741790e+02 -6.479414e+01  1.510000e+00
   endloop
 endfacet
 facet normal  7.933533e-01 -6.087614e-01  0.000000e+00
   outer loop
     vertex  1.739615e+02 -6.496101e+01  0.000000e+00
     vertex  1.739615e+02 -6.496101e+01  1.510000e+00
     vertex  1.737947e+02 -6.517847e+01  1.510000e+00
   endloop
 endfacet
 facet normal  6.087614e-01 -7.933533e-01  0.000000e+00
   outer loop
     vertex  1.739615e+02 -6.496101e+01  0.000000e+00
     vertex  1.741790e+02 -6.479414e+01  1.510000e+00
     vertex  1.739615e+02 -6.496101e+01  1.510000e+00
   endloop
 endfacet
 facet normal  7.933533e-01 -6.087614e-01  0.000000e+00
   outer loop
     vertex  1.737947e+02 -6.517847e+01  0.000000e+00
     vertex  1.739615e+02 -6.496101e+01  0.000000e+00
     vertex  1.737947e+02 -6.517847e+01  1.510000e+00
   endloop
 endfacet
 facet normal  9.238795e-01 -3.826834e-01  0.000000e+00
   outer loop
     vertex  1.737947e+02 -6.517847e+01  0.000000e+00
     vertex  1.737947e+02 -6.517847e+01  1.510000e+00
     vertex  1.736898e+02 -6.543171e+01  1.510000e+00
   endloop
 endfacet
 facet normal  9.238795e-01 -3.826834e-01  0.000000e+00
   outer loop
     vertex  1.736898e+02 -6.543171e+01  0.000000e+00
     vertex  1.737947e+02 -6.517847e+01  0.000000e+00
     vertex  1.736898e+02 -6.543171e+01  1.510000e+00
   endloop
 endfacet
 facet normal  9.914449e-01 -1.305262e-01  0.000000e+00
   outer loop
     vertex  1.736540e+02 -6.570347e+01  0.000000e+00
     vertex  1.736898e+02 -6.543171e+01  0.000000e+00
     vertex  1.736898e+02 -6.543171e+01  1.510000e+00
   endloop
 endfacet
 facet normal  9.914449e-01 -1.305262e-01  0.000000e+00
   outer loop
     vertex  1.736540e+02 -6.570347e+01  0.000000e+00
     vertex  1.736898e+02 -6.543171e+01  1.510000e+00
     vertex  1.736540e+02 -6.570347e+01  1.510000e+00
   endloop
 endfacet
 facet normal  9.914449e-01  1.305262e-01 -0.000000e+00
   outer loop
     vertex  1.736898e+02 -6.597523e+01  0.000000e+00
     vertex  1.736540e+02 -6.570347e+01  1.510000e+00
     vertex  1.736898e+02 -6.597523e+01  1.510000e+00
   endloop
 endfacet
 facet normal  9.914449e-01  1.305262e-01  0.000000e+00
   outer loop
     vertex  1.736898e+02 -6.597523e+01  0.000000e+00
     vertex  1.736540e+02 -6.570347e+01  0.000000e+00
     vertex  1.736540e+02 -6.570347e+01  1.510000e+00
   endloop
 endfacet
 facet normal  9.238795e-01  3.826834e-01 -0.000000e+00
   outer loop
     vertex  1.737947e+02 -6.622847e+01  0.000000e+00
     vertex  1.736898e+02 -6.597523e+01  1.510000e+00
     vertex  1.737947e+02 -6.622847e+01  1.510000e+00
   endloop
 endfacet
 facet normal  9.238795e-01  3.826834e-01  0.000000e+00
   outer loop
     vertex  1.737947e+02 -6.622847e+01  0.000000e+00
     vertex  1.736898e+02 -6.597523e+01  0.000000e+00
     vertex  1.736898e+02 -6.597523e+01  1.510000e+00
   endloop
 endfacet
 facet normal  6.087614e-01  7.933533e-01 -0.000000e+00
   outer loop
     vertex  1.739615e+02 -6.644593e+01  0.000000e+00
     vertex  1.739615e+02 -6.644593e+01  1.510000e+00
     vertex  1.741790e+02 -6.661280e+01  1.510000e+00
   endloop
 endfacet
 facet normal  7.933533e-01  6.087614e-01 -0.000000e+00
   outer loop
     vertex  1.739615e+02 -6.644593e+01  0.000000e+00
     vertex  1.737947e+02 -6.622847e+01  1.510000e+00
     vertex  1.739615e+02 -6.644593e+01  1.510000e+00
   endloop
 endfacet
 facet normal  7.933533e-01  6.087614e-01  0.000000e+00
   outer loop
     vertex  1.739615e+02 -6.644593e+01  0.000000e+00
     vertex  1.737947e+02 -6.622847e+01  0.000000e+00
     vertex  1.737947e+02 -6.622847e+01  1.510000e+00
   endloop
 endfacet
 facet normal  6.087614e-01  7.933533e-01 -0.000000e+00
   outer loop
     vertex  1.741790e+02 -6.661280e+01  0.000000e+00
     vertex  1.739615e+02 -6.644593e+01  0.000000e+00
     vertex  1.741790e+02 -6.661280e+01  1.510000e+00
   endloop
 endfacet
 facet normal  3.826834e-01  9.238795e-01 -0.000000e+00
   outer loop
     vertex  1.744322e+02 -6.671769e+01  0.000000e+00
     vertex  1.741790e+02 -6.661280e+01  1.510000e+00
     vertex  1.744322e+02 -6.671769e+01  1.510000e+00
   endloop
 endfacet
 facet normal  3.826834e-01  9.238795e-01  0.000000e+00
   outer loop
     vertex  1.744322e+02 -6.671769e+01  0.000000e+00
     vertex  1.741790e+02 -6.661280e+01  0.000000e+00
     vertex  1.741790e+02 -6.661280e+01  1.510000e+00
   endloop
 endfacet
 facet normal  1.305262e-01  9.914449e-01 -0.000000e+00
   outer loop
     vertex  1.747040e+02 -6.675347e+01  0.000000e+00
     vertex  1.744322e+02 -6.671769e+01  1.510000e+00
     vertex  1.747040e+02 -6.675347e+01  1.510000e+00
   endloop
 endfacet
 facet normal  1.305262e-01  9.914449e-01  0.000000e+00
   outer loop
     vertex  1.747040e+02 -6.675347e+01  0.000000e+00
     vertex  1.744322e+02 -6.671769e+01  0.000000e+00
     vertex  1.744322e+02 -6.671769e+01  1.510000e+00
   endloop
 endfacet
endsolid
